mid,from_me,remote,participant,_serialized,body,type,notify_name,is_new_msg,kic_notified,recv_fresh,is_from_template,is_ads_media,is_sent_cag_poll_creation,is_vcard_over_mms_document,is_forwarded,is_dynamic_reply_buttons_msg,is_carousel_card,is_video_call,is_call_link,is_md_history_msg,is_avatar,non_jid_mentions,media_key,has_media,timestamp,device_type,forwarding_score,is_status,is_starred,broadcast,has_quoted_msg,duration,location,is_gif,is_ephemeral,phone_number,is_processed,media_id
,0,120363199265021169@g.us,15513505800397@lid,false_120363199265021169@g.us_3ADE61EDDF7C1906679A_15513505800397@lid,"جحره محنوس احمد الزهراني .

رقمها..

0531517634
ضحية طلب وظيفه.

فتح حساب دال 360
فتح حساب البنك الاهلي 2
محفظة موبايلي باي
مصرف الانماء 
محفظة الحلول الرقميه
مصرف الانجاز
محفظة تكمو
اصدار رقم جوال زين

رقم النصاب
0580572062

جاري اتخاذ اللازم",chat,,,,,,,,,,,,,,,,,,0,1764734477,ios,0,0,0,,1,,,0,,966533533914@c.us,,
,0,120363199265021169@g.us,15513505800397@lid,false_120363199265021169@g.us_3A3B9A4227C33D8BF446_15513505800397@lid,"بيض الله وجيهكم",chat,,,,,,,,,,,,,,,,,,0,1764734497,ios,0,0,0,,1,,,0,,966533533914@c.us,,
,0,120363199265021169@g.us,15513505800397@lid,false_120363199265021169@g.us_3AF1C4C0EE6C407C328D_15513505800397@lid,@111815228919991,chat,,,,,,,,,,,,,,,,,,0,1764734529,ios,0,0,0,,1,,,0,,966533533914@c.us,,
,0,120363199265021169@g.us,96821900800032@lid,false_120363199265021169@g.us_A547F34A5A883F3640FD5C33F95F2EC1_96821900800032@lid,"بيض الله وجهك",chat,,,,,,,,,,,,,,,,,,0,1764735053,android,0,0,0,,1,,,0,,966549696513@c.us,,
,0,120363199265021169@g.us,96821900800032@lid,false_120363199265021169@g.us_A512325900061D7DA3AD3B72D0CA6DF6_96821900800032@lid,"كفو والله حزام زهران 
ابوسند المفضلي",chat,,,,,,,,,,,,,,,,,,0,1764735105,android,0,0,0,,1,,,0,,966549696513@c.us,,
,0,120363199265021169@g.us,249653647913137@lid,false_120363199265021169@g.us_ACF8E7778431BED67FBD476B497E1C3D_249653647913137@lid,"فاطمه احمد عبدالفتاح ذياب 
رقم الحساب 
694608017300345
بنك الراجحي 
SA4680000694608017300345",chat,,,,,,,,,1,,,,,,,,,0,1764735241,android,1,0,0,,0,,,0,,966546897651@c.us,,
,0,120363199265021169@g.us,15513505800397@lid,false_120363199265021169@g.us_3AA0476883D24AA665A9_15513505800397@lid,"١٠٤٩٨٠٤٠٧١
رقم هوية جحره الزهراني 


محفظة موبايلي باي

ما تجاوبوا معها",chat,,,,,,,,,0,,,,,,,,,0,1764736432,ios,0,0,0,,0,,,0,,966533533914@c.us,,
,0,120363199265021169@g.us,15513505800397@lid,false_120363199265021169@g.us_3A7F86EB59CB01A4BC32_15513505800397@lid,"الساده اللي يعملون في محفظة موبايلي باي


للأهمية
مشكورين",chat,,,,,,,,,,,,,,,,,,0,1764736723,ios,0,0,0,,1,,,0,,966533533914@c.us,,
,0,120363199265021169@g.us,249653647913137@lid,false_120363199265021169@g.us_AC1B294981DCFD0F4B645A31635FCCE7_249653647913137@lid,"",image,,,,,,,,,,,,,,,,,Q68jUnK5vDf5pEBPuSFTlwZdvoR1FvEjvzskfMtoh9c=,1,1764735266,android,0,0,0,,0,,,0,,966546897651@c.us,,7bf5d6f4beb66c63c25180a42f1035f51b2efba9226713b09f85e0dd63679301.jpeg
,0,120363199265021169@g.us,15513505800397@lid,false_120363199265021169@g.us_3A36EEFC2B72DB466550_15513505800397@lid,"",sticker,,,,,,,,,,,,,,,,,PP/qDt1DhclnpW5ChvRmoCRv7x5mowD+N0j/aJ2pPE4=,1,1764736365,ios,0,0,0,,1,,,0,,966533533914@c.us,,37bdaed029fd4c9659d85d0b9cf5d4f18bab8ba531e07f3481a942aeba018d68.webp
,0,120363199265021169@g.us,15513505800397@lid,false_120363199265021169@g.us_3AAA0E1311DB050D3B73_15513505800397@lid,"جحره محنوس احمد الزهراني .

رقمها..
0531517634
رقم هويتها.
1049804071
ضحية طلب وظيفه.

فتح حساب دال 360
فتح حساب البنك الاهلي 2
محفظة موبايلي باي
مصرف الانماء 
محفظة الحلول الرقميه
مصرف الانجاز
محفظة تكمو
اصدار رقم جوال زين

رقم النصاب
0580572062

جاري اتخاذ اللازم",chat,,,,,,,,,0,,,,,,,,,0,1764737124,ios,0,0,0,,0,,,0,,966533533914@c.us,,
,0,120363199265021169@g.us,15513505800397@lid,false_120363199265021169@g.us_3A5AA9AED1000194AFC9_15513505800397@lid,"ذي من سكان المخواه مافي فروع بنوك عندهم إلا الراجحي والأهلي فقط

ورقم هويتها موجود لمساعدتها في البنوك الاخرى",chat,,,,,,,,,0,,,,,,,,,0,1764737168,ios,0,0,0,,0,,,0,,966533533914@c.us,,
,0,120363199265021169@g.us,15513505800397@lid,false_120363199265021169@g.us_3AB7376D6070AAA2E7F1_15513505800397@lid,"مثل الانماء قالوآ ملغي بس توجهي للبنك

وماعندهم فرع",chat,,,,,,,,,,,,,,,,,,0,1764737232,ios,0,0,0,,1,,,0,,966533533914@c.us,,
,0,120363199265021169@g.us,156955402326086@lid,false_120363199265021169@g.us_3A971000C9C33D62A4A9_156955402326086@lid,"الشريحه سحبتها",chat,,,,,,,,,0,,,,,,,,,0,1764737411,ios,0,0,0,,0,,,0,,966506461216@c.us,,
,0,120363199265021169@g.us,156955402326086@lid,false_120363199265021169@g.us_3AACAF16FAA00DD70F05_156955402326086@lid,"الاسرع لها تسحب الشريحه او توقفها لين ما تتقفل الحساب",chat,,,,,,,,,0,,,,,,,,,0,1764737469,ios,0,0,0,,0,,,0,,966506461216@c.us,,
,0,120363199265021169@g.us,15513505800397@lid,false_120363199265021169@g.us_3A4606835C3D44978240_15513505800397@lid,"جاري سحب الشريحه",chat,,,,,,,,,,,,,,,,,,0,1764738548,ios,0,0,0,,1,,,0,,966533533914@c.us,,
,0,120363199265021169@g.us,262998228766791@lid,false_120363199265021169@g.us_AC53F759BF1CBDE9DA919E932E66A53B_262998228766791@lid,"فاطمة مصطفى سلمان الموسوي 
SA3220000003406993099940
بنك الرياض",chat,,,,,,,,,0,,,,,,,,,0,1764740463,android,0,0,0,,0,,,0,,966567102506@c.us,,
,0,120363199265021169@g.us,262998228766791@lid,false_120363199265021169@g.us_AC02457FA786B4D6A652C9AA1D6FE3D6_262998228766791@lid,"",image,,,,,,,,,,,,,,,,,3PUIC3e6kBLzuGSI6H7pvb8fJRGdqvdNZgtJPThnXKs=,1,1764740479,android,0,0,0,,0,,,0,,966567102506@c.us,,3e5c5377d197946b06481cfaef4cd9e2e828d15890f1ea0aa6011097040eda9e.jpeg
,0,120363199265021169@g.us,168779497636088@lid,false_120363199265021169@g.us_ACAE5D243F2A12D756CD7A164B86EE61_168779497636088@lid,"‏هل تعلم إنه ممكن يتم اختراق برج الجوال اللي أنت شابك عليه والتلاعب فيك بإرسال رسائل لجهات رسمية أو يجيك اتصال برقم جهه حقيقية بينما هي عملية احتيال واختراق تستهدفك؟

‏في بلاك هات شباب سعوديين مسوين تجربة اختراق برج جوال وارسلوا رسائل للجوال من المرور والنص هم اللي حاطينه!!",video,,,,,,,,,1,,,,,,,,3sj2VTKEY8wPPeDoa7jiNOQFeLTPq0uZA+d1N33+FT0=,1,1764740569,android,2,0,0,,0,169,,0,,966595153331@c.us,,d3f859c360f157dc742205455f490dc0665a76ae486e1dbb96ea6eeb6934a7e4.mp4
,0,120363199265021169@g.us,262998228766791@lid,false_120363199265021169@g.us_ACF1D97F7B81081E804B85035CBF724E_262998228766791@lid,"هذة الحساب ماله حل شغالين عليه لهم فترة",chat,,,,,,,,,,,,,,,,,,0,1764740685,android,0,0,0,,1,,,0,,966567102506@c.us,,
,0,120363199265021169@g.us,101537657434167@lid,false_120363199265021169@g.us_AC70EC55C54D07254072996448D77E87_101537657434167@lid,@3431813140667,chat,,,,,,,,,,,,,,,,,,0,1764741938,android,0,0,0,,1,,,0,,966551327969@c.us,,
,0,120363199265021169@g.us,141463388176551@lid,false_120363199265021169@g.us_ACE0AB1FA67BA4F64BA7CAC95230A4B0_141463388176551@lid,"*والله كارثه  ..*
*لكن لا يستخدمها إلا اشخاص من داخل المملكة فقط  ...*",chat,,,,,,,,,,,,,,,,,,0,1764742770,android,0,0,0,,1,,,0,,966506565369@c.us,,
,0,120363199265021169@g.us,101537657434167@lid,false_120363199265021169@g.us_AC55FFB9CA8A9136DDC92437DF86902F_101537657434167@lid,"اسم العصابه الصينيه منيمار  أعتقد",chat,,,,,,,,,0,,,,,,,,,0,1764746522,android,0,0,0,,0,,,0,,966551327969@c.us,,
,0,120363199265021169@g.us,15513505800397@lid,false_120363199265021169@g.us_3AA4700DB128C0632969_15513505800397@lid,"ابو هيثم


الحرمه تبي تقدم بلاغ عن طريق ابشر

وعجزت لها ثلاث ساعات تحاول",chat,,,,,,,,,,,,,,,,,,0,1764747213,ios,0,0,0,,1,,,0,,966533533914@c.us,,
,0,120363199265021169@g.us,15513505800397@lid,false_120363199265021169@g.us_3AF4B456A57C81177DB8_15513505800397@lid,"ارسلت لها ذا المقطع مافاد معها",video,,,,,,,,,,,,,,,,,PsGw56WwM37/Kp1d92wZxiMbPHTmeuZKfEyBI1r9zzU=,1,1764747235,ios,0,0,0,,0,158,,0,,966533533914@c.us,,ab7f728cde74c731078c1c35b42063abdf2dca067a0d60d22f26cc6fd8325eaf.mp4
,0,120363199265021169@g.us,15513505800397@lid,false_120363199265021169@g.us_3A2F2F90E9F2A93FDAB6_15513505800397@lid,"ذي",chat,,,,,,,,,,,,,,,,,,0,1764747254,ios,0,0,0,,1,,,0,,966533533914@c.us,,
,0,120363199265021169@g.us,141463388176551@lid,false_120363199265021169@g.us_ACF7D20CED01C5BC7E3CC8D11FA3E686_141463388176551@lid,"*ابو سند ....*
*بلغها تتوجهه الى مكتب خدمات*
*ويكون من المكاتب اللي حول مركز الشرطة*",chat,,,,,,,,,,,,,,,,,,0,1764747322,android,0,0,0,,1,,,0,,966506565369@c.us,,
,0,120363199265021169@g.us,101537657434167@lid,false_120363199265021169@g.us_ACB00E2105A9860361CDBD6E8845A776_101537657434167@lid,"خطأ عليها 
هذا الفيديو لموضوع مختلف 
بمعنى اذا تم سحب مبلغ من حسابها او بطاقه الصراف بدون علمها 

بلاغات الاحتيال من تطبيق كلنا أمن 
( الجرائم المعلوماتيه )  وليس تطبيق أبشر",chat,,,,,,,,,,,,,,,,,,0,1764747462,android,0,0,0,,1,,,0,,966551327969@c.us,,
,0,120363199265021169@g.us,180521938194629@lid,false_120363199265021169@g.us_ACE82D34D9D1BE58D3769E582059908C_180521938194629@lid,@217862367129669,chat,,,,,,,,,,,,,,,,,,0,1764752954,android,0,0,0,,1,,,0,,966530457851@c.us,,
,0,120363199265021169@g.us,180521938194629@lid,false_120363199265021169@g.us_AC5273C6A45C3E667BCD826530F43DDD_180521938194629@lid,"",image,,,,,,,,,,,,,,,,,wHec81bJnE1nI106fBSdd9aJT7AuvFltuPFAq+nPw5Y=,1,1764751811,android,0,0,0,,0,,,0,,966530457851@c.us,,d95d8df64ef167317e6928c0217f7c9a6d69c59116bf42892d32b34c792a6fdb.jpeg
,0,120363199265021169@g.us,180521938194629@lid,false_120363199265021169@g.us_ACD04180BE8324AC21345B090F3DFF6D_180521938194629@lid,"",image,,,,,,,,,,,,,,,,,/lomBiv9tVMYZBctcmWW/f2KvL+WIDH2+LsLHdJXOIc=,1,1764752071,android,0,0,0,,0,,,0,,966530457851@c.us,,8f89189debf88bd83420da2f20be2c4b4ee68a6fb5c85b3fcbaa3889a765a8b4.jpeg
,0,120363199265021169@g.us,180521938194629@lid,false_120363199265021169@g.us_AC20E0802BBF3EE21BCC6B24EBFF6134_180521938194629@lid,"",image,,,,,,,,,1,,,,,,,,K4HtCtKwaEIzdttnRG9z/kkmhYe5Lgq6YaEh8Oyx/oI=,1,1764752066,android,1,0,0,,0,,,0,,966530457851@c.us,,1397d239511ab0e77c1a0df58d1a231638cf55fbfef5ecffa0922d3735cda02c.jpeg
,0,120363199265021169@g.us,146381561929829@lid,false_120363199265021169@g.us_AC72989703C5D2E99BA25D77815F030C_146381561929829@lid,470000010006080016864,chat,,,,,,,,,1,,,,,,,,,0,1764753769,android,1,0,0,,0,,,0,,966508553124@c.us,,
,0,120363199265021169@g.us,146381561929829@lid,false_120363199265021169@g.us_AC4AF32C0E2BE3BE4BDF1981C552FBFF_146381561929829@lid,"SA67 8000 0470 6080 1001 6864",chat,,,,,,,,,1,,,,,,,,,0,1764753770,android,1,0,0,,0,,,0,,966508553124@c.us,,
,0,120363199265021169@g.us,146381561929829@lid,false_120363199265021169@g.us_ACB931EDB4C8D2F2A22BF971963947F5_146381561929829@lid,"",image,,,,,,,,,1,,,,,,,,q0kx+Fxw+mT2nbXDAPWul4z/B7OclWx1RjCx//CCPpk=,1,1764753769,android,1,0,0,,0,,,0,,966508553124@c.us,,5508bfab3a3cbc3cbe20c6b32cf44e5d260c7ebfb1d6be61b2a2bc4d4d5baf88.jpeg
,0,120363199265021169@g.us,146381561929829@lid,false_120363199265021169@g.us_ACFAA6BC42F9192A727E31FECE9594C1_146381561929829@lid,"",image,,,,,,,,,,,,,,,,,1JDooYuUh8+FdJye/vjmpqYPQdqA3ZtOgZ7O0mo0AWY=,1,1764753800,android,0,0,0,,0,,,0,,966508553124@c.us,,4799a33b1a097ba118de1e5483281a1497a70f0fa60578cac06a93fdc47e8066.jpeg
,0,120363199265021169@g.us,270093330186392@lid,false_120363199265021169@g.us_3A3E129146FC2F0AD4D1_270093330186392@lid,"@266069063274509 
@77223579152455 
@107159551533253",chat,,,,,,,,,,,,,,,,,,0,1764754953,ios,0,0,0,,1,,,0,,966555724070@c.us,,
,0,120363199265021169@g.us,270093330186392@lid,false_120363199265021169@g.us_3A45EEB39783EE009C78_270093330186392@lid,@107159551533253,chat,,,,,,,,,,,,,,,,,,0,1764754970,ios,0,0,0,,1,,,0,,966555724070@c.us,,
,0,120363199265021169@g.us,180521938194629@lid,false_120363199265021169@g.us_AC2C2D599D1E32E7D2F87E2E6C09872C_180521938194629@lid,".*بنك الانماء*
📌
 موسسة سعود فيصل خضر الرديني

رقم الحساب 

68206832042000


رقم الايبان 
SA6705000068206832042000



القرض من التحويل سداد مستحقات",chat,,,,,,,,,1,,,,,,,,,0,1764755296,android,1,0,0,,0,,,0,,966530457851@c.us,,
,0,120363199265021169@g.us,180521938194629@lid,false_120363199265021169@g.us_AC86827A8941CAD33B2BFDD1B3F558F7_180521938194629@lid,@248682951749656,chat,,,,,,,,,,,,,,,,,,0,1764755331,android,0,0,0,,1,,,0,,966530457851@c.us,,
,0,120363199265021169@g.us,180521938194629@lid,false_120363199265021169@g.us_ACF2FD86DACF7D6098F31EF17026D5E7_180521938194629@lid,"",image,,,,,,,,,,,,,,,,,s5A7AdHXPYe+N6TS7H+Ghkcrj0/4S7YJI4BqsABsUIE=,1,1764755301,android,0,0,0,,0,,,0,,966530457851@c.us,,e7191d078dcf9381b10dbe2508ec603bd19887dcb90e119faf184f35f31846c8.jpeg
,0,120363199265021169@g.us,101537657434167@lid,false_120363199265021169@g.us_ACA5CC5FB55E3862C42DB74D70BE18C6_101537657434167@lid,"",image,,,,,,,,,1,,,,,,,,jKXSKAY2jYWjYP8i+WyW+9a+8mffYxOhj4acicoJg44=,1,1764758282,android,1,0,0,,0,,,0,,966551327969@c.us,,5651ec0b4e3d78b1ce9bb76843e2ea63b5d463350c4a6958425af7e2e30c2285.jpeg
,0,120363199265021169@g.us,101537657434167@lid,false_120363199265021169@g.us_AC36CDB3E4C5FD86F527A2F88E49DCD8_101537657434167@lid,"احد يقد بيتواصل معه اتصال 📞",image,,,,,,,,,1,,,,,,,,DLmEX+vuBMP/XqeADtVABALWfCx5lTJeob+o1+hurrc=,1,1764758282,android,1,0,0,,0,,,0,,966551327969@c.us,,453249e4852a3ae20aa2301bc75ef13a9c09cbc42e18f8e52601ddfa2e320250.jpeg
,0,120363199265021169@g.us,101537657434167@lid,false_120363199265021169@g.us_ACAE451240ECC87A9F4C6DF203204740_101537657434167@lid,"",image,,,,,,,,,1,,,,,,,,ly44eiry7j4Bk9iH2KfNHZljAvcMSIacncYlNfEjNic=,1,1764758302,android,2,0,0,,0,,,0,,966551327969@c.us,,e70f5c94abecccf5c356b997e6d9929014746422be5b62725da9335bed1d578e.jpeg
,0,120363199265021169@g.us,146381561929829@lid,false_120363199265021169@g.us_ACAA43AC5594016FC7A833859866D044_146381561929829@lid,"يوربي بنك الراجحي 


معرض الفهد 


SA3780206126039222121018",chat,,,,,,,,,1,,,,,,,,,0,1764758383,android,1,0,0,,0,,,0,,966508553124@c.us,,
,0,120363199265021169@g.us,101537657434167@lid,false_120363199265021169@g.us_AC6A7FB482850B5DFB49EC76C4A48A08_101537657434167@lid,"",image,,,,,,,,,1,,,,,,,,F607TOCR2+P+iFUsA/iOMkpSZWm8svXZaaBO9jQQJzg=,1,1764758303,android,1,0,0,,0,,,0,,966551327969@c.us,,5311029c3bb7543b97805257a400fef8c7e83f5f59bd685afa75d57aceaf98c7.jpeg
,0,120363199265021169@g.us,101537657434167@lid,false_120363199265021169@g.us_ACD303046ED999EEF6388A4B595124F0_101537657434167@lid,"",image,,,,,,,,,1,,,,,,,,otgrUCwuswY/Stzz6utw6ruO/pd2iuJhMayjHRCpTBk=,1,1764758329,android,2,0,0,,0,,,0,,966551327969@c.us,,db284d8ae2fbee10e96497af5b72ff667546b9cb3809dfa4a6932e13d16674aa.jpeg
,0,120363199265021169@g.us,101537657434167@lid,false_120363199265021169@g.us_AC7ED546D90BA76CB4AF183B058D1B45_101537657434167@lid,"",image,,,,,,,,,1,,,,,,,,Im+lxuK4guEctLniAOnAj9aWNJ9PW7ex3I977F7BDuE=,1,1764758330,android,1,0,0,,0,,,0,,966551327969@c.us,,e529880a465bf0696987e9626da56abc6ff2f1cb0ad94d34f786d3899856688e.jpeg
,0,120363199265021169@g.us,101537657434167@lid,false_120363199265021169@g.us_AC8259B50B405928BC5DFD38499F7260_101537657434167@lid,"بنك البلاد 

فهد تركي ظافر الشهري 

رقم الحساب 
007777186660005
ايبان الحساب 
SA9815000007777186660005",chat,,,,,,,,,1,,,,,,,,,0,1764758851,android,2,0,0,,0,,,0,,966551327969@c.us,,
,0,120363199265021169@g.us,101537657434167@lid,false_120363199265021169@g.us_AC43C31D9B0A8437CF34032D36AAE379_101537657434167@lid,@177025734168673,chat,,,,,,,,,,,,,,,,,,0,1764758859,android,0,0,0,,0,,,0,,966551327969@c.us,,
,0,120363199265021169@g.us,146381561929829@lid,false_120363199265021169@g.us_ACCC8A8B9EE0554B0E0F4FA9242EF8D7_146381561929829@lid,"",image,,,,,,,,,,,,,,,,,ak92v3BEXtc8ccHlma+2u4ogIJITlkvXJmHZjc0wDPI=,1,1764758402,android,0,0,0,,0,,,0,,966508553124@c.us,,c2821f85263ad31bf6fabf702c50fe486a1f43259ba2a0f9c46c5a97e9c9f4af.jpeg
,0,120363199265021169@g.us,101537657434167@lid,false_120363199265021169@g.us_ACC2D9CE11769893C2506A5DD73F4F51_101537657434167@lid,"",image,,,,,,,,,1,,,,,,,,RDL8GKjVZumWXBit9hsbgornplDnNVFJSkzFgANsTe8=,1,1764758852,android,1,0,0,,0,,,0,,966551327969@c.us,,d12cdb84ff0fbbde55f9f5c44947382fb6934ee5e6948a04963e7a25814f2293.jpeg
,0,120363199265021169@g.us,101537657434167@lid,false_120363199265021169@g.us_AC3CD4DD525C7D1FD94BB187A380A33D_101537657434167@lid,"ساب
يوسف مهدي علي سلمان

رقم الايبان

SA5245000000014355796001",chat,,,,,,,,,0,,,,,,,,,0,1764760366,android,0,0,0,,0,,,0,,966551327969@c.us,,
,0,120363199265021169@g.us,101537657434167@lid,false_120363199265021169@g.us_AC601EDC05C2C017249DA529A43D6DB6_101537657434167@lid,"",image,,,,,,,,,1,,,,,,,,hfsuvYUd8DkP49yGH2ywPl7NA9rzapwvL/4VFaqH+80=,1,1764760367,android,1,0,0,,0,,,0,,966551327969@c.us,,4fe40a6fcde359ee536776c558037f07b5ca59a5fb0dfccde7d911be5683b0e5.jpeg
,0,120363199265021169@g.us,101537657434167@lid,false_120363199265021169@g.us_ACF117C7F7AA9F2F34F2B0AF94B439BF_101537657434167@lid,"النصاب او المتعاون بالداخل ☝️ويسحب من جهاز الصراف",chat,,,,,,,,,0,,,,,,,,,0,1764760413,android,0,0,0,,0,,,0,,966551327969@c.us,,
,0,120363199265021169@g.us,101537657434167@lid,false_120363199265021169@g.us_ACCADFF37941C24E2E9550E37BB7FABE_101537657434167@lid,"",image,,,,,,,,,1,,,,,,,,JrBNUAMybXbR5xoENsM6s/doLNaT6q6BNgfeNY7HdeQ=,1,1764760443,android,4,0,0,,0,,,0,,966551327969@c.us,,b48f6a59f73ae2fcd56996099cff7bb09058808611a2bfec4eddc2d3d0c1e531.jpeg
,0,120363199265021169@g.us,101537657434167@lid,false_120363199265021169@g.us_AC5941A8E507752233969D2CE584785B_101537657434167@lid,"",image,,,,,,,,,1,,,,,,,,HBSbW27RgxhyA6w6bnInHFtjlHkfrCYb9q0/IEJkTVs=,1,1764761170,android,3,0,0,,0,,,0,,966551327969@c.us,,ed233e7dad9804c95cdff2331978af673de2826c63d9ef5a3bdfea01118770d3.jpeg
,0,120363199265021169@g.us,101537657434167@lid,false_120363199265021169@g.us_AC81DDCAA881AF27771F0686B72C3EC1_101537657434167@lid,"",audio,,,,,,,,,1,,,,,,,,vLAIaxbfZg6G3K4JWWrJtqlSWk8/uk3okNrcY3vv7jg=,1,1764761171,android,2,0,0,,0,3,,0,,966551327969@c.us,,"90b55eefec8d82fc0c449d82cb56a4554069fb3e92cc74682c8c12939670d991.ogg; codecs=opus"
,0,120363199265021169@g.us,101537657434167@lid,false_120363199265021169@g.us_ACA3FB7522CE901895069F4B673D8397_101537657434167@lid,"",image,,,,,,,,,1,,,,,,,,AeQWr1w5a762jIEARs0HoQD+AZPtBFs+ghf03r2NlIE=,1,1764761172,android,1,0,0,,0,,,0,,966551327969@c.us,,756dd692d8f5f02c469eeb30122cad36988acfb7bf4b1871f6729efcb439f018.jpeg
,0,120363199265021169@g.us,206021159080065@lid,false_120363199265021169@g.us_3AC00BF5C03AEF5E81CD_206021159080065@lid,"عزيزي العميل، السيدة. حسنه عبده علي المرحبي .
مرحباً بكم في الأول. تم إنشاء حسابك بنجاح نوع الحساب: عام
رقم حساب: 034394130001
آيبان: SA5845000000034394130001",chat,,,,,,,,,,,,,,,,,,0,1764761255,ios,0,0,0,,1,,,0,,966503777770@c.us,,
,0,120363199265021169@g.us,146381561929829@lid,false_120363199265021169@g.us_AC5624294AFB020ABCD4B74F58921D2B_146381561929829@lid,"بنك الإنماء باي",chat,,,,,,,,,1,,,,,,,,,0,1764761391,android,1,0,0,,0,,,0,,966508553124@c.us,,
,0,120363199265021169@g.us,146381561929829@lid,false_120363199265021169@g.us_AC6F658C09C7F08827EBA312B7C786EF_146381561929829@lid,"ناديه رشيد عبد الكريم الزهراني",chat,,,,,,,,,1,,,,,,,,,0,1764761392,android,1,0,0,,0,,,0,,966508553124@c.us,,
,0,120363199265021169@g.us,146381561929829@lid,false_120363199265021169@g.us_AC027A2CC9EBCDF48C3C5FB172879F2B_146381561929829@lid,SA0805000010011714914519,chat,,,,,,,,,1,,,,,,,,,0,1764761392,android,1,0,0,,0,,,0,,966508553124@c.us,,
,0,120363199265021169@g.us,146381561929829@lid,false_120363199265021169@g.us_ACC2F51EC378920A35437BE685FB9F6E_146381561929829@lid,"",image,,,,,,,,,,,,,,,,,Bs7QeSr2RNs3HZMWZomxyCecWbS6WZ04o8rNtVSA64g=,1,1764761406,android,0,0,0,,0,,,0,,966508553124@c.us,,c93e307258162a0617315d3401a354247d8a63ae6d31c90a15544d656f64f46a.jpeg
,0,120363199265021169@g.us,141463388176551@lid,false_120363199265021169@g.us_AC8E6ACE365125280B32F30150E67C95_141463388176551@lid,"*عندي بإذن الله  ..*

*اعطوني مجال  ...*",chat,,,,,,,,,,,,,,,,,,0,1764761456,android,0,0,0,,1,,,0,,966506565369@c.us,,
,0,120363199265021169@g.us,101537657434167@lid,false_120363199265021169@g.us_AC4702DBD3ED044039600D596945D4C4_101537657434167@lid,"بنك الإنماء باي

ناديه رشيد عبد الكريم الزهراني

SA0805000010011714914519",chat,,,,,,,,,0,,,,,,,,,0,1764761475,android,0,0,0,,0,,,0,,966551327969@c.us,,
,0,120363199265021169@g.us,146381561929829@lid,false_120363199265021169@g.us_AC06565F779EF0E83B636DE5EB4841B1_146381561929829@lid,"عواطف بنت سالم بن حميد العازمي


SA6780208072856222121015",chat,,,,,,,,,1,,,,,,,,,0,1764761811,android,1,0,0,,0,,,0,,966508553124@c.us,,
,0,120363199265021169@g.us,146381561929829@lid,false_120363199265021169@g.us_AC41E292CA48E25EABB673E9DE1A6044_146381561929829@lid,"راجحي",chat,,,,,,,,,1,,,,,,,,,0,1764761812,android,1,0,0,,0,,,0,,966508553124@c.us,,
,0,120363199265021169@g.us,146381561929829@lid,false_120363199265021169@g.us_AC1CAA59C324E1B8E495936A19E450A1_146381561929829@lid,"",image,,,,,,,,,,,,,,,,,Y6uMvzBwK8COteK2cpfivWWyh1GSOq2y+brliFVXUs0=,1,1764761830,android,0,0,0,,0,,,0,,966508553124@c.us,,0715aea64aadbfe6cf983add85dd872829b8b424041bf916f69d0c0b3e46ea48.jpeg
,0,120363199265021169@g.us,249653647913137@lid,false_120363199265021169@g.us_AC1A311F535EB9424D6B1D94C4160551_249653647913137@lid,"*مصرف الراجحي*





*مكتب عبد الرحمن الجهني للخدمات العامة*




*الايبان*

SA1080208036340222121015",chat,,,,,,,,,1,,,,,,,,,0,1764762544,android,1,0,0,,0,,,0,,966546897651@c.us,,
,0,120363199265021169@g.us,249653647913137@lid,false_120363199265021169@g.us_AC2E2FACB464BFCFE350B2EFDAD7FF00_249653647913137@lid,"",image,,,,,,,,,,,,,,,,,JFf9wr6SVAXztV5EQ3eaijP7DAq446Q65ZQNgqeWnhE=,1,1764762563,android,0,0,0,,0,,,0,,966546897651@c.us,,09f59f30c41ba7d2d0544ba60a04be5602e7cc9861c81ebde374ac454f842b01.jpeg
,0,120363199265021169@g.us,101537657434167@lid,false_120363199265021169@g.us_AC2FD4583342D097AA731CFE4752DCEE_101537657434167@lid,.,chat,,,,,,,,,0,,,,,,,,,0,1764762641,android,0,0,0,,0,,,0,,966551327969@c.us,,
,0,120363199265021169@g.us,101537657434167@lid,false_120363199265021169@g.us_AC338B4323689F99716B4FA827022ED5_101537657434167@lid,"",image,,,,,,,,,,,,,,,,,zxxrShHg+J3wqjD4SaVaVP/LdGmFPoJOw2BGRKDFFEw=,1,1764762645,android,0,0,0,,0,,,0,,966551327969@c.us,,d817e95b0ff9494a898ac8f211cfa4aea5e8701690d2bbe5fe6f066c99a79314.jpeg
,0,120363199265021169@g.us,101537657434167@lid,false_120363199265021169@g.us_AC1608535D100A7939DFF4E9DB5524E0_101537657434167@lid,"بنك الراجحي 


مؤسسة صالح بن معيض بن عيد الحربي


رقم الحساب 


530000010006086403007


رقم الايبان


SA4380000530608016403007


اقل ايداع 5000 ﷼",chat,,,,,,,,,1,,,,,,,,,0,1764762659,android,2,0,0,,0,,,0,,966551327969@c.us,,
,0,120363199265021169@g.us,101537657434167@lid,false_120363199265021169@g.us_AC03D741E462F01253DCC73310AD0476_101537657434167@lid,"",audio,,,,,,,,,1,,,,,,,,B4ADcjJjg8QU8YVaE5unca31jDI1dHCWLSbjugiLtqo=,1,1764762660,android,2,0,0,,0,1,,0,,966551327969@c.us,,"9be0dfe798bc37cb3a78ada0a229fdb9875a5186d8369ccc08ac50468565db4b.ogg; codecs=opus"
,0,120363199265021169@g.us,101537657434167@lid,false_120363199265021169@g.us_AC45765BE89F22AE2667A2002BFC9598_101537657434167@lid,"@47171776839768 
@217862367129669",chat,,,,,,,,,,,,,,,,,,0,1764762682,android,0,0,0,,0,,,0,,966551327969@c.us,,
,0,120363199265021169@g.us,244306883391737@lid,false_120363199265021169@g.us_A5C2899BF8256E4F29F875ABE83D9354_244306883391737@lid,"تم التواصل مع  حسنه بنت عبده علي المرحبي جوالها 0556018617 
ضحية قرض وهمي 
مفتوح باسمها 
بنك الرياض 
البنك الأول حسابين 
الدخول على توكلنا 
شريحة ياقوت 0582382930
تم سحب الشريحة وجاري تجميد
 الحسابات البنكيه 
رقم النصاب 
0596545090",chat,,,,,,,,,,,,,,,,,,0,1764763101,android,0,0,0,,1,,,0,,966569165689@c.us,,
,0,120363199265021169@g.us,101537657434167@lid,false_120363199265021169@g.us_ACAA14953A1CDDBC45F9A8DE72FD0AF6_101537657434167@lid,"",sticker,,,,,,,,,,,,,,,,,0d1PhboY92XABFU0X+QrrRhx/uqY7815A3Xmqlo+Iao=,1,1764763195,android,0,0,0,,1,,,0,,966551327969@c.us,,412e7a2711e55026bc04af45deb11d1aefd00a57ff1f5b67beab959cba40fda3.webp
,0,120363199265021169@g.us,244306883391737@lid,false_120363199265021169@g.us_A52E070DE6B78B327929A8AAE42E0D6C_244306883391737@lid,"بنك العربي 



SA 58 3010 0974 0172 1832 9846

SAFE AND COMP",chat,,,,,,,,,0,,,,,,,,,0,1764765851,android,0,0,0,,0,,,0,,966569165689@c.us,,
,0,120363199265021169@g.us,180521938194629@lid,false_120363199265021169@g.us_AC00C3C895BF15F2D786F8DE544B9E03_180521938194629@lid,"SA2810000006500000876408

البنك الاهلي

الاسم:امجاد عبد الوهاب",chat,,,,,,,,,1,,,,,,,,,0,1764766060,android,2,0,0,,0,,,0,,966530457851@c.us,,
,0,120363199265021169@g.us,180521938194629@lid,false_120363199265021169@g.us_ACEF9E945E0B062695A1537802805A4D_180521938194629@lid,"",image,,,,,,,,,,,,,,,,,1PNyw0InBdzAhC+XoOt4K29CeN5ju4mF5t9ih2VYv3w=,1,1764766065,android,0,0,0,,0,,,0,,966530457851@c.us,,098344a03dd4a026bed16286823568c68fe790083768c67c6986bb651fbc1a00.jpeg
,0,120363199265021169@g.us,180521938194629@lid,false_120363199265021169@g.us_ACC1C22214FB1C5811F6273474BD3BAF_180521938194629@lid,"@128136087875627 
@211681808507013",chat,,,,,,,,,,,,,,,,,,0,1764766159,android,0,0,0,,1,,,0,,966530457851@c.us,,
,0,120363199265021169@g.us,128136087875627@lid,false_120363199265021169@g.us_3AB2953A6161AD5D8627_128136087875627@lid,"تم",chat,,,,,,,,,,,,,,,,,,0,1764766175,ios,0,0,0,,1,,,0,,966567143441@c.us,,
,0,120363199265021169@g.us,96821900800032@lid,false_120363199265021169@g.us_A5487817BF490F1567E5B78237CA91D8_96821900800032@lid,@177025734168673,chat,,,,,,,,,,,,,,,,,,0,1764766413,android,0,0,0,,1,,,0,,966549696513@c.us,,
,0,120363199265021169@g.us,96821900800032@lid,false_120363199265021169@g.us_A56D6C027E1AC184994E1A7D541FDC24_96821900800032@lid,"حسنه عبده المرحبي
+966556018617",chat,,,,,,,,,,,,,,,,,,0,1764766647,android,0,0,0,,1,,,0,,966549696513@c.us,,
,0,120363199265021169@g.us,96821900800032@lid,false_120363199265021169@g.us_A580545895F97CEFC482E16FD06EDFB6_96821900800032@lid,"حسنه عبده المرحبي
+966556018617",chat,,,,,,,,,,,,,,,,,,0,1764766675,android,0,0,0,,1,,,0,,966549696513@c.us,,
,0,120363199265021169@g.us,96821900800032@lid,false_120363199265021169@g.us_A5F7FE27F47358B75B22D087CA7C6F41_96821900800032@lid,"كفو تنطح كفو",chat,,,,,,,,,,,,,,,,,,0,1764766837,android,0,0,0,,1,,,0,,966549696513@c.us,,
,0,120363199265021169@g.us,96821900800032@lid,false_120363199265021169@g.us_A521E846143FA99407CE6C19C43C4F2D_96821900800032@lid,"جاري البحث",chat,,,,,,,,,,,,,,,,,,0,1764766870,android,0,0,0,,1,,,0,,966549696513@c.us,,
,0,120363199265021169@g.us,244306883391737@lid,false_120363199265021169@g.us_A50130B59A26CBC66E57B6642CE3F4FF_244306883391737@lid,"*مصرف الراجحي*

*هند احمد حدادي*

*SA4880208076187222121011*",chat,,,,,,,,,1,,,,,,,,,0,1764766891,android,1,0,0,,0,,,0,,966569165689@c.us,,
,0,120363199265021169@g.us,244306883391737@lid,false_120363199265021169@g.us_A5EDEC4E9CC57F85ECC4463DE4F931EF_244306883391737@lid,"",image,,,,,,,,,1,,,,,,,,q+dglofX4YQHg1vg2bEBIwDSlc2XT+zELCXcQ+hzXis=,1,1764766892,android,1,0,0,,0,,,0,,966569165689@c.us,,65ae97c669c730a20438b00ad63409e5b88baf902223edf981bc23202171519b.jpeg
,0,120363199265021169@g.us,244306883391737@lid,false_120363199265021169@g.us_A56506804D08D46040C92853C634AEB8_244306883391737@lid,"بنك الراجحي يوربي 



فهد بن سالم المنور



SA3380208075958222121016",chat,,,,,,,,,1,,,,,,,,,0,1764767422,android,1,0,0,,0,,,0,,966569165689@c.us,,
,0,120363199265021169@g.us,244306883391737@lid,false_120363199265021169@g.us_A59CA8766E4A73563F727CEE10771238_244306883391737@lid,"",image,,,,,,,,,1,,,,,,,,XKjE2Qo2oBRfgmaHf3rD6E2B2xIv9sP6foEA1xmYsOE=,1,1764767423,android,1,0,0,,0,,,0,,966569165689@c.us,,37aee38cd8bbb40e1d8e079afb2d3bc2ba60bfea8e8542ce192f9d7a25b416aa.jpeg
,0,120363199265021169@g.us,159025526227020@lid,false_120363199265021169@g.us_AC7251653360CBF6A2EA0AD5ED10174B_159025526227020@lid,"",image,,,,,,,,,1,,,,,,,,dbs/i2fbpu91QScd4AUD2tD4v9uvtDPpvIY8rrbk/rs=,1,1764767524,android,1,0,0,,0,,,0,,966506711866@c.us,,f6f06e742dc025cae6d20ac3c22ba2dc1a8fce72ab6c12c5ecfc5247bdcd03ac.jpeg
,0,120363199265021169@g.us,159025526227020@lid,false_120363199265021169@g.us_ACC259C1D2CA33FACABF5DF6E53686B6_159025526227020@lid,"البنك السعودي الفرنسي 

مؤسسة ماسة الظهران للذهب والمجوهرات

SA5655000000095270100157",chat,,,,,,,,,0,,,,,,,,,0,1764767529,android,0,0,0,,0,,,0,,966506711866@c.us,,
,0,120363199265021169@g.us,244306883391737@lid,false_120363199265021169@g.us_A5EAF6A36F6E21268ACEB0CBBBA27FE5_244306883391737@lid,@21895877505144,chat,,,,,,,,,,,,,,,,,,0,1764767569,android,0,0,0,,1,,,0,,966569165689@c.us,,
,0,120363199265021169@g.us,244306883391737@lid,false_120363199265021169@g.us_A59B09420CD417F48D3274C920FF5F0B_244306883391737@lid,@251341586841786,chat,,,,,,,,,,,,,,,,,,0,1764767583,android,0,0,0,,1,,,0,,966569165689@c.us,,
,0,120363199265021169@g.us,96821900800032@lid,false_120363199265021169@g.us_A595218B58318A8CBB245237C95D96C7_96821900800032@lid,@251341586841786,chat,,,,,,,,,,,,,,,,,,0,1764767590,android,0,0,0,,1,,,0,,966549696513@c.us,,
,0,120363199265021169@g.us,96821900800032@lid,false_120363199265021169@g.us_A515E84BD6B804113C1EEFEF9008B431_96821900800032@lid,"@266069063274509 
@107159551533253 
@197856359149636 
@77223579152455 

الاخوة الكرام تجميد الحساب في بنك الرياض على الشريحة المذكورة في البيان 
من ياقوت",chat,,,,,,,,,,,,,,,,,,0,1764767728,android,0,0,0,,1,,,0,,966549696513@c.us,,
,0,120363199265021169@g.us,96821900800032@lid,false_120363199265021169@g.us_A5DCD7B2852C7615EC94B89C13B9BA65_96821900800032@lid,"هند احمد علي حدادي",chat,,,,,,,,,,,,,,,,,,0,1764768528,android,0,0,0,,1,,,0,,966549696513@c.us,,
,0,120363199265021169@g.us,96821900800032@lid,false_120363199265021169@g.us_A536B39FBAFCD1703DBB3496598BBEB8_96821900800032@lid,"الاسم الصحيح / احمد عبدالرحمن بن عوض الزهراني",chat,,,,,,,,,,,,,,,,,,0,1764768558,android,0,0,0,,1,,,0,,966549696513@c.us,,
,0,120363199265021169@g.us,96821900800032@lid,false_120363199265021169@g.us_A5F579E52D8D75356C917F9BBA1B275C_96821900800032@lid,"حنين سليم بن سليمان الرشيدي",chat,,,,,,,,,,,,,,,,,,0,1764768598,android,0,0,0,,1,,,0,,966549696513@c.us,,
,0,120363199265021169@g.us,96821900800032@lid,false_120363199265021169@g.us_A5F61617B641E100F7960F26D3A89B37_96821900800032@lid,"هذا الاسم كما هو مكتوب

عواطف سالم حميد العازمي",chat,,,,,,,,,,,,,,,,,,0,1764768647,android,0,0,0,,1,,,0,,966549696513@c.us,,
,0,120363199265021169@g.us,96821900800032@lid,false_120363199265021169@g.us_A5F789094D451FEF8F152669BCEB5573_96821900800032@lid,"الاسم الصحيح:

سعد محمد بن عبدالله الفرحان",chat,,,,,,,,,,,,,,,,,,0,1764768701,android,0,0,0,,1,,,0,,966549696513@c.us,,
,0,120363199265021169@g.us,96821900800032@lid,false_120363199265021169@g.us_A5A9CB82F455BEE24105E39F69F055F9_96821900800032@lid,"برسل حساب الآن من يورباي

👇🏻👇🏻👇🏻👇🏻👇🏻",chat,,,,,,,,,0,,,,,,,,,0,1764768735,android,0,0,0,,0,,,0,,966549696513@c.us,,
,0,120363199265021169@g.us,206021159080065@lid,false_120363199265021169@g.us_3AA6CA16E8070095D1B1_206021159080065@lid,"",image,,,,,,,,,,,,,,,,,rzD6Vtrq7NuVk+39Ur1cl9Ox74xnoAFl1lnhWbxHBIA=,1,1764768774,ios,0,0,0,,0,,,0,,966503777770@c.us,,e68ea24562be6b194fb380ed06deffba53af03f93417b7e28b4859f979091732.jpeg
,0,120363199265021169@g.us,96821900800032@lid,false_120363199265021169@g.us_A5E5CCB53FE70CA8385286798F9289B6_96821900800032@lid,"الحمدلله",chat,,,,,,,,,,,,,,,,,,0,1764768791,android,0,0,0,,1,,,0,,966549696513@c.us,,
,0,120363199265021169@g.us,96821900800032@lid,false_120363199265021169@g.us_A5B9C053D3D09A8375D6CB93FB60E925_96821900800032@lid,SA2480207956690222121011,chat,,,,,,,,,1,,,,,,,,,0,1764768865,android,2,0,0,,0,,,0,,966549696513@c.us,,
,0,120363199265021169@g.us,96821900800032@lid,false_120363199265021169@g.us_A50D3924A67D4DC37A1D4159327164B0_96821900800032@lid,"راجحي نيوليب",chat,,,,,,,,,1,,,,,,,,,0,1764768865,android,2,0,0,,0,,,0,,966549696513@c.us,,
,0,120363199265021169@g.us,96821900800032@lid,false_120363199265021169@g.us_A5F0E1AD6925634C2E9F043E2E46D7C9_96821900800032@lid,"اسم حساب يحيى",chat,,,,,,,,,1,,,,,,,,,0,1764768866,android,2,0,0,,0,,,0,,966549696513@c.us,,
,0,120363199265021169@g.us,96821900800032@lid,false_120363199265021169@g.us_A5A4E9735109D0F9D370119C6AC2D6DB_96821900800032@lid,"",image,,,,,,,,,1,,,,,,,,TcXWATLjjtCmYmMgyVu8fEdbkHANpZbeWvAfIKeHeEE=,1,1764768866,android,1,0,0,,0,,,0,,966549696513@c.us,,00343659d39eb32c480ff0e72cb1d7b9db3544cfa96080860a01ddf8dc03debc.jpeg
,0,120363199265021169@g.us,96821900800032@lid,false_120363199265021169@g.us_A561F9070341210386B4E42DD06EC78C_96821900800032@lid,"يحيى ابن علي ابن محمد الكديسي",chat,,,,,,,,,,,,,,,,,,0,1764768981,android,0,0,0,,1,,,0,,966549696513@c.us,,
,0,120363199265021169@g.us,206021159080065@lid,false_120363199265021169@g.us_3A61AB8D0633FBF9A5FC_206021159080065@lid,"*مصرف الراجحي*


*مكتب كفاءات العالم للاستقدام* 

*يرجى من العميل سداد المبلغ المتفق عليه على الايبان التالي*
*رقم الايبان*
*SA3080208062317222121010*",chat,,,,,,,,,1,,,,,,,,,0,1764769099,ios,2,0,0,,0,,,0,,966503777770@c.us,,
,0,120363199265021169@g.us,206021159080065@lid,false_120363199265021169@g.us_3A5352E3C6E4F76FF8AC_206021159080065@lid,"",image,,,,,,,,,1,,,,,,,,U8Cm4hsJOQjXCADJKEBnhAg/fYzmz5PxwRyoaiSPBOI=,1,1764769099,ios,1,0,0,,0,,,0,,966503777770@c.us,,97e8be52ecc7e26824a8d5e97723cb00913771df723b8e1f70c4596031dbb46a.jpeg
,0,120363199265021169@g.us,141463388176551@lid,false_120363199265021169@g.us_AC692A6B206E73C89E0ACC8C4F55750C_141463388176551@lid,"*طلع تشابه أسماء ...*
*استلم يا حزام زهران*
@15513505800397",chat,,,,,,,,,,,,,,,,,,0,1764769293,android,0,0,0,,1,,,0,,966506565369@c.us,,
,0,120363199265021169@g.us,180521938194629@lid,false_120363199265021169@g.us_AC1CBD4247C263A5B6B87192EC2D8295_180521938194629@lid,"الاسم/ أسماء حمد الدوسري

البنك بنك العربي 

SA1430400108038022740018",chat,,,,,,,,,1,,,,,,,,,0,1764769368,android,2,0,0,,0,,,0,,966530457851@c.us,,
,0,120363199265021169@g.us,180521938194629@lid,false_120363199265021169@g.us_AC949FBC097604F2F6EF51E369070734_180521938194629@lid,"",image,,,,,,,,,,,,,,,,,swaEZiShn6K45oMfC5E3ISIY/ci+6q13QVe53NIM1x0=,1,1764769373,android,0,0,0,,0,,,0,,966530457851@c.us,,be846c1989bea6d9efbe1bee02d8a427a343ec635dbba25851217d5c186fb3af.jpeg
,0,120363199265021169@g.us,96821900800032@lid,false_120363199265021169@g.us_A5D19E5FFE845B6C553C15CF74314C7F_96821900800032@lid,"الراجحي


مكتب ضي القصيم للخدمات العامة

رقم حساب:
120000010006080305105",chat,,,,,,,,,0,,,,,,,,,0,1764769756,android,0,0,0,,0,,,0,,966549696513@c.us,,
,0,120363199265021169@g.us,96821900800032@lid,false_120363199265021169@g.us_A5A0622E41B9F28D8E5ACA38F3D99E7D_96821900800032@lid,"@47171776839768 
@224274652594308 
@270793443385538 
@172868306514146 
@201554359492666 
@118176142598281 
@67710310416595",chat,,,,,,,,,,,,,,,,,,0,1764769801,android,0,0,0,,1,,,0,,966549696513@c.us,,
,0,120363199265021169@g.us,96821900800032@lid,false_120363199265021169@g.us_A51A41D9532F6E6536BAC004E1BA8461_96821900800032@lid,"حاشد محمد علي هادي صالح

يمني الجنسية",chat,,,,,,,,,,,,,,,,,,0,1764769835,android,0,0,0,,1,,,0,,966549696513@c.us,,
,0,120363199265021169@g.us,146381561929829@lid,false_120363199265021169@g.us_AC3669B9E505E4285495C982908968DC_146381561929829@lid,"مؤسسه كويك إيد

الانماء  

رقم الحساب 
68206398808001

الايبان 
SA6105000068206398808001",chat,,,,,,,,,1,,,,,,,,,0,1764769858,android,1,0,0,,0,,,0,,966508553124@c.us,,
,0,120363199265021169@g.us,146381561929829@lid,false_120363199265021169@g.us_AC1A8F2653731C8E5AFC4B2A1194973B_146381561929829@lid,"",image,,,,,,,,,,,,,,,,,pMhOYWUH5uc6Q4LqYJr/z5FNLHbdDoBzfpuO2PUx6LA=,1,1764769920,android,0,0,0,,0,,,0,,966508553124@c.us,,ad7f4126d48723ead1f493d856806de3099ea55eeda2a4ab10218339565016f3.jpeg
,0,120363199265021169@g.us,249653647913137@lid,false_120363199265021169@g.us_ACED71CD07DA02F7722C8193EDD1D29B_249653647913137@lid,"سماهر نجراني احمد شراحيلي
369000010006080433642
رقم الايبان
SA9680000369608010433642
بنك الراجحي",chat,,,,,,,,,1,,,,,,,,,0,1764770072,android,1,0,0,,0,,,0,,966546897651@c.us,,
,0,120363199265021169@g.us,249653647913137@lid,false_120363199265021169@g.us_AC37B3DDE5DCDD5679BE17D531C5218E_249653647913137@lid,"",image,,,,,,,,,,,,,,,,,lk323OjORQgcngPdQ39D50znsfgrg4Uj9MEQ0glDC8Y=,1,1764770094,android,0,0,0,,0,,,0,,966546897651@c.us,,24db46e8086dddb7e9599ac35fc4d0dc41455666f777712cc6603f8bfc8faf51.jpeg
,0,120363199265021169@g.us,159025526227020@lid,false_120363199265021169@g.us_ACB0055FC7E1B689B0F7A0B9C4B39F90_159025526227020@lid,"بنك دال 360




ليلى بنت حسين بن معيض البشيري الزهراني 

الايبان 

SA14 33 6036 0752 9991 761",chat,,,,,,,,,1,,,,,,,,,0,1764770929,android,1,0,0,,0,,,0,,966506711866@c.us,,
,0,120363199265021169@g.us,159025526227020@lid,false_120363199265021169@g.us_AC0A87561F9B1848AF7F4A992B7B58B9_159025526227020@lid,"",image,,,,,,,,,,,,,,,,,PiB0M6US8SmYQBGvvHhwoJR1bbp7M3DDI7Kl+QwHCSY=,1,1764770962,android,0,0,0,,0,,,0,,966506711866@c.us,,34f4fc6b34f1b12c65d204c849d9d3b39d5e4fd774f4efe6e2cc603ceec2c20e.jpeg
,0,120363199265021169@g.us,141463388176551@lid,false_120363199265021169@g.us_ACA98D75A1FB61235863580B4C991834_141463388176551@lid,@15513505800397,chat,,,,,,,,,,,,,,,,,,0,1764771270,android,0,0,0,,1,,,0,,966506565369@c.us,,
,0,120363199265021169@g.us,141463388176551@lid,false_120363199265021169@g.us_AC438B1CF89EEA2C844FFECACD832A86_141463388176551@lid,"👇👇👇",chat,,,,,,,,,0,,,,,,,,,0,1764771274,android,0,0,0,,0,,,0,,966506565369@c.us,,
,0,120363199265021169@g.us,96821900800032@lid,false_120363199265021169@g.us_A5DB01C9CFDAD8791B5F7CB8BCE1EB8B_96821900800032@lid,"@15513505800397 
@141463388176551",chat,,,,,,,,,,,,,,,,,,0,1764771325,android,0,0,0,,1,,,0,,966549696513@c.us,,
,0,120363199265021169@g.us,141463388176551@lid,false_120363199265021169@g.us_AC5A8D319A8FC5196562FFF71FD839FC_141463388176551@lid,"*تم حلب الحساب*
*من الخطابة المتأنث*
*مروه ال عبدالله*
 *مصرف الانماء*

SA0610000096500003885900",image,,,,,,,,,,,,,,,,,YdHNfFMGlbQs3P4VK5YsWbm/buOauY8GrPPWAumIaCQ=,1,1764771329,android,0,0,0,,0,,,0,,966506565369@c.us,,f92b22e2a55158f9b08e814953bc5cad62de9ea19e0251034880ce3a66e8e24c.jpeg
,0,120363199265021169@g.us,96821900800032@lid,false_120363199265021169@g.us_A5BED814271565220B0E2328BDF5EEAE_96821900800032@lid,@141463388176551,chat,,,,,,,,,,,,,,,,,,0,1764771514,android,0,0,0,,1,,,0,,966549696513@c.us,,
,0,120363199265021169@g.us,159025526227020@lid,false_120363199265021169@g.us_AC70FF012F4A384165ACE0116DF95DF6_159025526227020@lid,"",image,,,,,,,,,1,,,,,,,,vWAxe3QtT3zDVpjxDBi2sqHWz73svHieMvcJb4EBpa4=,1,1764771554,android,1,0,0,,0,,,0,,966506711866@c.us,,cfbf52c31c36a47ebd812f9d1d106d90bc69e75be54c1bd9ecaaf57982063800.jpeg
,0,120363199265021169@g.us,159025526227020@lid,false_120363199265021169@g.us_AC213CE98038F49F5146C8115E9AC511_159025526227020@lid,"يورباي راجحي 
مؤسسة  عبدالرحمن 
رقم الايبان:
SA7480208076818222121011",chat,,,,,,,,,1,,,,,,,,,0,1764771555,android,2,0,0,,0,,,0,,966506711866@c.us,,
,0,120363199265021169@g.us,141463388176551@lid,false_120363199265021169@g.us_AC0D8D4548B02E789EBD21D2E7BAF584_141463388176551@lid,"*جاري البحث عنها منذ نزول اسمها*
*وبإذن الله تعالى نصل اليها*",chat,,,,,,,,,,,,,,,,,,0,1764771587,android,0,0,0,,1,,,0,,966506565369@c.us,,
,0,120363199265021169@g.us,159025526227020@lid,false_120363199265021169@g.us_AC265A86527A215CABF73DC99FF6780D_159025526227020@lid,@147149891358870,chat,,,,,,,,,,,,,,,,,,0,1764771616,android,0,0,0,,1,,,0,,966506711866@c.us,,
,0,120363199265021169@g.us,141463388176551@lid,false_120363199265021169@g.us_AC9E367195BFF08F492DF51B7BA277B6_141463388176551@lid,"*الحمدلله*
*ابوها معي الان ....*
@96821900800032",chat,,,,,,,,,,,,,,,,,,0,1764771672,android,0,0,0,,1,,,0,,966506565369@c.us,,
,0,120363199265021169@g.us,96821900800032@lid,false_120363199265021169@g.us_A5703E91CB90566829C5C9F303BED548_96821900800032@lid,"بيض الله وجهك",chat,,,,,,,,,,,,,,,,,,0,1764771708,android,0,0,0,,1,,,0,,966549696513@c.us,,
,0,120363199265021169@g.us,96821900800032@lid,false_120363199265021169@g.us_A56C481481F49FE5D3DD555657C3C250_96821900800032@lid,"هذا كذاب يقولك الإنماء 
وهو بنك الأهلي 

اخرشه قل له ليش تقول لي بنك الإنماء والبنك تبع الأهلي",chat,,,,,,,,,,,,,,,,,,0,1764771767,android,0,0,0,,1,,,0,,966549696513@c.us,,
,0,120363199265021169@g.us,159025526227020@lid,false_120363199265021169@g.us_AC9BA511F6F659F70F39DABD1B1D80EF_159025526227020@lid,"*بنك الاهلي السعودي*

*موئسسة وضحاء فيصل العتيبي للتجارة*

*رقم الحساب*
*56000005301001*

*ايبان الحساب*
*SA6110000056000005301001*",chat,,,,,,,,,1,,,,,,,,,0,1764771795,android,2,0,0,,0,,,0,,966506711866@c.us,,
,0,120363199265021169@g.us,159025526227020@lid,false_120363199265021169@g.us_AC3525C94CE1446DEC8622BD4B8940E6_159025526227020@lid,"",image,,,,,,,,,1,,,,,,,,K3aZnBplsnTOMxD6jv23DCYV9uEq5l/mnoo8x/n2lxg=,1,1764771796,android,1,0,0,,0,,,0,,966506711866@c.us,,75a0cf84d0a1cfa20cd210cfc03622cb5bd8b9a34cb2c756d88c1837ecf24833.jpeg
,0,120363199265021169@g.us,96821900800032@lid,false_120363199265021169@g.us_A5F551691F4C50FA997595B32DC6F142_96821900800032@lid,"@211681808507013 
@128136087875627",chat,,,,,,,,,,,,,,,,,,0,1764771818,android,0,0,0,,1,,,0,,966549696513@c.us,,
,0,120363199265021169@g.us,141463388176551@lid,false_120363199265021169@g.us_AC8DDF45BB52BCFE1FC7FD14E1AE1E0E_141463388176551@lid,"وجهك ابيض يا ابو اسامة 
وكل من يقرأ  ..",chat,,,,,,,,,,,,,,,,,,0,1764771826,android,0,0,0,,1,,,0,,966506565369@c.us,,
,0,120363199265021169@g.us,128136087875627@lid,false_120363199265021169@g.us_3A2EE5E01B4431872E4B_128136087875627@lid,"تم",chat,,,,,,,,,,,,,,,,,,0,1764771836,ios,0,0,0,,1,,,0,,966567143441@c.us,,
,0,120363199265021169@g.us,96821900800032@lid,false_120363199265021169@g.us_A5AED2EE7FC743EFBADBAC58A2FD7FEB_96821900800032@lid,"الحساب باسم 

مروه محمد علي آل ابوعبدالله",chat,,,,,,,,,,,,,,,,,,0,1764771861,android,0,0,0,,1,,,0,,966549696513@c.us,,
,0,120363199265021169@g.us,159025526227020@lid,false_120363199265021169@g.us_AC04D4ECFAC4931AE38085EDE6906B3D_159025526227020@lid,"بنك الراجحي 

الاسم ماهر بن محمد بن مرشد الوجيه

رقم الحساب
8000 01266080

رقم الايبان
SA48 8000 01266080 1610 4084",chat,,,,,,,,,1,,,,,,,,,0,1764771924,android,1,0,0,,0,,,0,,966506711866@c.us,,
,0,120363199265021169@g.us,159025526227020@lid,false_120363199265021169@g.us_AC8359AA5561CA86B23487DC1648BF7B_159025526227020@lid,"",image,,,,,,,,,,,,,,,,,xQXwc0jiPKu8JX9V3lQpIyWabFWIqtS2+ZRlTflxZaM=,1,1764771937,android,0,0,0,,0,,,0,,966506711866@c.us,,0130fd5469a679e3206d3fb9496e95a40bf3c0d1d9a4df0d6b08698062bcd6cb.jpeg
,0,120363199265021169@g.us,96821900800032@lid,false_120363199265021169@g.us_A59A9583738826C3957FCC8D17FCFFF1_96821900800032@lid,"ماهر محمد مرشد الوجيه 
+966576941109",chat,,,,,,,,,,,,,,,,,,0,1764772007,android,0,0,0,,1,,,0,,966549696513@c.us,,
,0,120363199265021169@g.us,96821900800032@lid,false_120363199265021169@g.us_A5A657F65F6D0B7F39124C734DE98F76_96821900800032@lid,"يبدو أنه له متجر جوالات",chat,,,,,,,,,,,,,,,,,,0,1764772065,android,0,0,0,,1,,,0,,966549696513@c.us,,
,0,120363199265021169@g.us,96821900800032@lid,false_120363199265021169@g.us_A5CD3697688103508D5BE98C971C88C1_96821900800032@lid,"عبدالعزيز لاهنت 

وش نشاطه الاحتيالي اللي يراسلك",chat,,,,,,,,,,,,,,,,,,0,1764772099,android,0,0,0,,1,,,0,,966549696513@c.us,,
,0,120363199265021169@g.us,159025526227020@lid,false_120363199265021169@g.us_AC6C8603419F42317BE23CFEA634E4D7_159025526227020@lid,"خطابه",chat,,,,,,,,,,,,,,,,,,0,1764772129,android,0,0,0,,1,,,0,,966506711866@c.us,,
,0,120363199265021169@g.us,96821900800032@lid,false_120363199265021169@g.us_A5D81695D3A389E3CDC5AB1D1D13AD2F_96821900800032@lid,"اها",chat,,,,,,,,,,,,,,,,,,0,1764772136,android,0,0,0,,1,,,0,,966549696513@c.us,,
,0,120363199265021169@g.us,159025526227020@lid,false_120363199265021169@g.us_ACA3061D82D5B66312C8E31064D7B9BE_159025526227020@lid,"",image,,,,,,,,,1,,,,,,,,TIQAFy6RyMlo6Wki/zp1sbEWYeN1gi2QxqcG16AQLxQ=,1,1764772243,android,1,0,0,,0,,,0,,966506711866@c.us,,4c591eca43110773750953dc1562ff9fcc90aba0bfa07afad296378f30e18486.jpeg
,0,120363199265021169@g.us,159025526227020@lid,false_120363199265021169@g.us_AC6464751FE2119E213DAFD9A87F4FB7_159025526227020@lid,"",image,,,,,,,,,,,,,,,,,bQoNGl6FMuVxjO8yJjbIZC9qjfIuXgB/Dgk+Fanv55w=,1,1764772250,android,0,0,0,,0,,,0,,966506711866@c.us,,222252faeee7be7ff53c081efdf86e81715580d45ba70e93a47060fc42e396d7.jpeg
,0,120363199265021169@g.us,159025526227020@lid,false_120363199265021169@g.us_ACDA31B416B3AE7B019DEA2CDF700E78_159025526227020@lid,"@201554359492666
@118176142598281
@67710310416595
@47171776839768
@172868306514146",chat,,,,,,,,,,,,,,,,,,0,1764772342,android,0,0,0,,1,,,0,,966506711866@c.us,,
,0,120363199265021169@g.us,96821900800032@lid,false_120363199265021169@g.us_A59CE7E3EA0C8B07684175DBCF9A4510_96821900800032@lid,"يختلف اسم الجد

عموماً العائلة يمنية",chat,,,,,,,,,,,,,,,,,,0,1764772456,android,0,0,0,,1,,,0,,966549696513@c.us,,
,0,120363199265021169@g.us,159025526227020@lid,false_120363199265021169@g.us_AC48948D3083069BD370730005F73E44_159025526227020@lid,"البنك الأهلي 



الاسم 
سويره بنت نايف بن منيف الرويبي السبيعي 



الايبان 
SA09 1000 0062 3001 6415 2702",chat,,,,,,,,,1,,,,,,,,,0,1764772483,android,2,0,0,,0,,,0,,966506711866@c.us,,
,0,120363199265021169@g.us,159025526227020@lid,false_120363199265021169@g.us_AC045A7ADB687A96720AF2AC9CA60E58_159025526227020@lid,"",image,,,,,,,,,1,,,,,,,,nM+a5dyDDrUPsVinb+ASrNn+bAU+BNJ/sWYyh89M8wA=,1,1764772484,android,1,0,0,,0,,,0,,966506711866@c.us,,fc13d14f13ee15d36f0fc38024110e44999dc986049a32661c98feb7e4115bac.jpeg
,0,120363199265021169@g.us,96821900800032@lid,false_120363199265021169@g.us_A57792FBEEF394A1710E80029A75EBA4_96821900800032@lid,@143988828979381,chat,,,,,,,,,,,,,,,,,,0,1764772498,android,0,0,0,,1,,,0,,966549696513@c.us,,
,0,120363199265021169@g.us,159025526227020@lid,false_120363199265021169@g.us_ACAA986C4DEC3E363843C1F8BEB88FE1_159025526227020@lid,@128136087875627,chat,,,,,,,,,,,,,,,,,,0,1764772520,android,0,0,0,,1,,,0,,966506711866@c.us,,
,0,120363199265021169@g.us,128136087875627@lid,false_120363199265021169@g.us_3A0BAE20A6929F8BEC3B_128136087875627@lid,"تم",chat,,,,,,,,,,,,,,,,,,0,1764772796,ios,0,0,0,,1,,,0,,966567143441@c.us,,
,0,120363199265021169@g.us,159025526227020@lid,false_120363199265021169@g.us_AC9792844C8EF687A792E8CEEE0C3892_159025526227020@lid,"",image,,,,,,,,,1,,,,,,,,OpJR5Kp+JHyt5gTLnSjoRaMa31PyVKXuScEjS5uNS80=,1,1764773820,android,4,0,0,,0,,,0,,966506711866@c.us,,dda9d41f78bd709f36722f7a40109905828d24dd2516475f5a2cee516f2f5f5b.jpeg
,0,120363199265021169@g.us,159025526227020@lid,false_120363199265021169@g.us_AC0413309527B750338947C85E2C62EE_159025526227020@lid,"",image,,,,,,,,,1,,,,,,,,S0Il99cyTf53DaCY3nYmUQJ8WEPvvipeoKW7ODvSP5o=,1,1764773821,android,1,0,0,,0,,,0,,966506711866@c.us,,b599dc7f7c90722aa4100c0822ec4c0dec317fe78c73e03226ada661df75b2e5.jpeg
,0,120363199265021169@g.us,96821900800032@lid,false_120363199265021169@g.us_A5CEB1C1D469CC6204D54407168DEB89_96821900800032@lid,"🛑جاري تجميد الحسابات وسحب الشريحة🛑
تم التوصل ل: يحيى علي محمد الكديسي 
0500399013
ضحية تمويل عبر إعلان في التيك

مفتوح باسمه التالي:
* شريحة من ياقوت: 0590567479
* بنك الرياض 
* البنك الاهلي ٣ مرات
* بنك الجزيرة
* بنك الإنماء
* بنك البلاد
* محفظة يورباي الراجحي
* وثيقة عمل حر

🐕‍🦺 رقم المحتال:
   لاحقاً",chat,,,,,,,,,,,,,,,,,,0,1764773848,android,0,0,0,,1,,,0,,966549696513@c.us,,
,0,120363199265021169@g.us,96821900800032@lid,false_120363199265021169@g.us_A5FE2FA135D5B53A6F0A5FD5DC7C10AB_96821900800032@lid,"@128136087875627 
@216758510174272 
@266069063274509 
@197856359149636 
@177025734168673 
@79435436945514 
@107159551533253 
@77223579152455 
@237640708292713 
@248682951749656",chat,,,,,,,,,,,,,,,,,,0,1764773914,android,0,0,0,,1,,,0,,966549696513@c.us,,
,0,120363199265021169@g.us,96821900800032@lid,false_120363199265021169@g.us_A57CCF417CA1C670B1EA6CBB94DC3E74_96821900800032@lid,"🛑تحديث🛑

🐕‍🦺 رقم المحتال:
0597079188",chat,,,,,,,,,,,,,,,,,,0,1764775107,android,0,0,0,,1,,,0,,966549696513@c.us,,
,0,120363199265021169@g.us,15513505800397@lid,false_120363199265021169@g.us_3A62B898703DF4562805_15513505800397@lid,"تفضل",chat,,,,,,,,,,,,,,,,,,0,1764775124,ios,0,0,0,,1,,,0,,966533533914@c.us,,
,0,120363199265021169@g.us,141463388176551@lid,false_120363199265021169@g.us_AC395834280385D0C2167DBA9558388C_141463388176551@lid,"*عندك يا ابو سند ..*",chat,,,,,,,,,,,,,,,,,,0,1764775254,android,0,0,0,,1,,,0,,966506565369@c.us,,
,0,120363199265021169@g.us,96821900800032@lid,false_120363199265021169@g.us_A5AFBACEA180CA1A8300C3A46906FD4A_96821900800032@lid,"🛑ملاحظة هامة🛑
صوتي
👇🏻👇🏻👇🏻👇🏻👇🏻",chat,,,,,,,,,0,,,,,,,,,0,1764775496,android,0,0,0,,0,,,0,,966549696513@c.us,,
,0,120363199265021169@g.us,96821900800032@lid,false_120363199265021169@g.us_A5933891D82D9634A6DF376FD8A9CDF9_96821900800032@lid,"",ptt,,,,,,,,,,,,,,,,,I6etGkB54sjlrobH3tSVSl4rKVBzV0NM+S7VM62kvuk=,1,1764775681,android,0,0,0,,1,181,,0,,966549696513@c.us,,"20c18c6c0f389cb5614b2291aed24d82af27534e66594b74a9b9c71051f13364.ogg; codecs=opus"
,0,120363199265021169@g.us,96821900800032@lid,false_120363199265021169@g.us_A5AAF37144C72CD9DF5BD46932BB7376_96821900800032@lid,"🛑فيما يخص بلاغات الشرطة🛑",chat,,,,,,,,,,,,,,,,,,0,1764775721,android,0,0,0,,1,,,0,,966549696513@c.us,,
,0,120363199265021169@g.us,101537657434167@lid,false_120363199265021169@g.us_AC87E82A6C4E5591EC4DB720B7F73763_101537657434167@lid,"بنك العربي


ابرار بنت منصور بن عيد ابوذراع


رقم الايبان:
SA6930400108038049340017",chat,,,,,,,,,1,,,,,,,,,0,1764776586,android,2,0,0,,0,,,0,,966551327969@c.us,,
,0,120363199265021169@g.us,101537657434167@lid,false_120363199265021169@g.us_AC5D27F41AE6BB8DE55E3A96935BD4DF_101537657434167@lid,"",image,,,,,,,,,,,,,,,,,lNErm1A/wGPoWInuTN0I2JM+rDqr0vWuXffYVyj3s9E=,1,1764776591,android,0,0,0,,0,,,0,,966551327969@c.us,,ea28cc8ae46ab1b7d0fcdae73ad80eaea8d5fdb17543605fa73f18e8b4ae7987.jpeg
,0,120363199265021169@g.us,141463388176551@lid,false_120363199265021169@g.us_AC3F1C7E5C92E9CBEB9B4AE577D610B5_141463388176551@lid,"*من قبيلة بلي(البلوي)*",chat,,,,,,,,,,,,,,,,,,0,1764776817,android,0,0,0,,1,,,0,,966506565369@c.us,,
,0,120363199265021169@g.us,101537657434167@lid,false_120363199265021169@g.us_ACBB8C7E526F393B6D64E833F3EE2B1F_101537657434167@lid,"مصرف الراجحي 



وفاء ابراهيم سليمان الجمعان



رقم الحساب 
154000010006086200150



الايبان 
SA7680000154608016200150",chat,,,,,,,,,1,,,,,,,,,0,1764777003,android,2,0,0,,0,,,0,,966551327969@c.us,,
,0,120363199265021169@g.us,101537657434167@lid,false_120363199265021169@g.us_AC0A917213156969230DA61F41927E75_101537657434167@lid,"@118176142598281 
@270793443385538 
@201554359492666 
@224274652594308 
@67710310416595 
@47171776839768 
@217862367129669",chat,,,,,,,,,,,,,,,,,,0,1764777045,android,0,0,0,,0,,,0,,966551327969@c.us,,
,0,120363199265021169@g.us,101537657434167@lid,false_120363199265021169@g.us_AC4D3D8C06015BA712797E1DCC9A471E_101537657434167@lid,"",image,,,,,,,,,,,,,,,,,FhFZ9ZrojDQuF7cxR0ed/JYXd1NzqalbojncAbeDZ4c=,1,1764777061,android,0,0,0,,0,,,0,,966551327969@c.us,,57036b47169b16ce5e3cefb34432ca1eed9f7b2449f8ac8ec8f937758860d662.jpeg
,0,120363199265021169@g.us,101537657434167@lid,false_120363199265021169@g.us_AC62BA407C07A94E6A749EBC38D139C3_101537657434167@lid,"شوف اخر كلمه بالصوره يدعي",chat,,,,,,,,,0,,,,,,,,,0,1764777070,android,0,0,0,,0,,,0,,966551327969@c.us,,
,0,120363199265021169@g.us,96821900800032@lid,false_120363199265021169@g.us_A58B89111AEE33C31294BA31528AFC2F_96821900800032@lid,"نعم صحيح
تم ارسال لبعض الاخوة في بلي",chat,,,,,,,,,,,,,,,,,,0,1764777282,android,0,0,0,,1,,,0,,966549696513@c.us,,
,0,120363199265021169@g.us,96821900800032@lid,false_120363199265021169@g.us_A5FCEE269C74C006803DC11A4C4B284D_96821900800032@lid,"من وابصة من بلي",chat,,,,,,,,,,,,,,,,,,0,1764777315,android,0,0,0,,1,,,0,,966549696513@c.us,,
,0,120363199265021169@g.us,96821900800032@lid,false_120363199265021169@g.us_A5561573D1D4BA7FDC24EDDEBDADFBDB_96821900800032@lid,"جاري البحث عن:


ابرار بنت منصور بن عيد ابوذراع الوابصي البلوي",chat,,,,,,,,,,,,,,,,,,0,1764777632,android,0,0,0,,1,,,0,,966549696513@c.us,,
,0,120363199265021169@g.us,101537657434167@lid,false_120363199265021169@g.us_ACAA62A89EA986BCB4328928D823FDC3_101537657434167@lid,"حسابها ظرب",chat,,,,,,,,,0,,,,,,,,,0,1764777677,android,0,0,0,,0,,,0,,966551327969@c.us,,
,0,120363199265021169@g.us,101537657434167@lid,false_120363199265021169@g.us_ACF586BC8DD844A6327876B557C248F0_101537657434167@lid,"",image,,,,,,,,,,,,,,,,,gDDZhK0gXVun6ebU+fq/HQPCsAmvLRO0VPehw6w5tQs=,1,1764777682,android,0,0,0,,0,,,0,,966551327969@c.us,,032c3214ba89d4a63ec123d1dea8fdc232bf144c34e83d80cd84d323e9e8e346.jpeg
,0,120363199265021169@g.us,159025526227020@lid,false_120363199265021169@g.us_AC068FB17261950471362F95D412CDE4_159025526227020@lid,"",image,,,,,,,,,,,,,,,,,yFrfBe+9WzLJjR4QFGiNYBeuDd/U+SbOCHqljdzkhXE=,1,1764777870,android,0,0,0,,0,,,0,,966506711866@c.us,,35e7db89dcc9a2e397a540d88cc1b5bcf5c16afd9b35e5d0d2ffd81bf28bd6a7.jpeg
,0,120363199265021169@g.us,159025526227020@lid,false_120363199265021169@g.us_AC9229FD4116E4997D02791C96D6603F_159025526227020@lid,"",image,,,,,,,,,,,,,,,,,8AW44Z88RIzdej4MdaUSeftGOL37qK0NzfKt1+ymV+4=,1,1764777878,android,0,0,0,,0,,,0,,966506711866@c.us,,c06bcd9e57b6eb6d89d212d38af1de66fda7e622af32871e217c7b94ecd8e8e5.jpeg
,0,120363199265021169@g.us,96821900800032@lid,false_120363199265021169@g.us_A59A495C214DBEF515C573541B5025F1_96821900800032@lid,@248682951749656,chat,,,,,,,,,,,,,,,,,,0,1764777904,android,0,0,0,,1,,,0,,966549696513@c.us,,
,0,120363199265021169@g.us,146381561929829@lid,false_120363199265021169@g.us_AC4292EBA517F80061F9026898C1D8F2_146381561929829@lid,"",image,,,,,,,,,1,,,,,,,,ly44eiry7j4Bk9iH2KfNHZljAvcMSIacncYlNfEjNic=,1,1764778050,android,1,0,0,,0,,,0,,966508553124@c.us,,3aa95cada56b165b499709c15e31344ffa15acd63c546c2e0ce838d50ee7263e.jpeg
,0,120363199265021169@g.us,146381561929829@lid,false_120363199265021169@g.us_ACE138E9D4C06965D9C979E0135BB8AD_146381561929829@lid,"حول هنا حساب العيال راجحي",chat,,,,,,,,,1,,,,,,,,,0,1764778050,android,1,0,0,,0,,,0,,966508553124@c.us,,
,0,120363199265021169@g.us,146381561929829@lid,false_120363199265021169@g.us_ACB14D62E4203AF0D0FFE695EEF874A1_146381561929829@lid,193000010006086002567,chat,,,,,,,,,1,,,,,,,,,0,1764778051,android,1,0,0,,0,,,0,,966508553124@c.us,,
,0,120363199265021169@g.us,146381561929829@lid,false_120363199265021169@g.us_ACD839C7BB0DCC276B4B19CD050E9D2B_146381561929829@lid,SA3280000193608016002567,chat,,,,,,,,,1,,,,,,,,,0,1764778051,android,1,0,0,,0,,,0,,966508553124@c.us,,
,0,120363199265021169@g.us,146381561929829@lid,false_120363199265021169@g.us_ACE1D11CE09D9A09D1884951DFAB88E8_146381561929829@lid,"",image,,,,,,,,,,,,,,,,,2ZuSa1dIVnWZxWLgxB7nGLzhxPn0KcjcCnqITY8Brcs=,1,1764778078,android,0,0,0,,0,,,0,,966508553124@c.us,,706b2a49fa61d79deb82e7a39ea5519ee8682c42468c6cd7b02ecacf1230765a.jpeg
,0,120363199265021169@g.us,159025526227020@lid,false_120363199265021169@g.us_AC20AE0E85F9301030C233C9167B3050_159025526227020@lid,"",image,,,,,,,,,,,,,,,,,wxzMWjknwawFbBBgE4q0gqn7ud6WLjMIaXq40Y+UN+Y=,1,1764778515,android,0,0,0,,0,,,0,,966506711866@c.us,,ac8c5542aedfa5fe56dc5d22d8c18ec3af7728b8ee59d8a814555405674f70d2.jpeg
,0,120363199265021169@g.us,244306883391737@lid,false_120363199265021169@g.us_A51CB4B4AAE39326EEF380766ED97381_244306883391737@lid,"بنك الراجحي 



نبهاء سند عقاب الشمري 

290000010006086119611


SA0780000290608016119611",chat,,,,,,,,,0,,,,,,,,,0,1764778555,android,0,0,0,,0,,,0,,966569165689@c.us,,
,0,120363199265021169@g.us,262998228766791@lid,false_120363199265021169@g.us_ACA36E3395C6FD14ECE03F7CC7C3B640_262998228766791@lid,"اسم العميل : صهيب صلاح ناجي
رقم الحساب : 68206691838000
الايبان : SA3505000068206691838000
المصرف : الإنماء",chat,,,,,,,,,0,,,,,,,,,0,1764778571,android,0,0,0,,0,,,0,,966567102506@c.us,,
,0,120363199265021169@g.us,262998228766791@lid,false_120363199265021169@g.us_AC733E29D511A86D8E59F80B06759014_262998228766791@lid,"",image,,,,,,,,,,,,,,,,,beaIUa6317cK6lhkXmM15yeiJ30LAgHazSgfpvTv9J0=,1,1764778586,android,0,0,0,,0,,,0,,966567102506@c.us,,608398a203406f210eac4cdd86c2058651346c8b3b41c393e43b1560f00afebc.jpeg
,0,120363199265021169@g.us,244306883391737@lid,false_120363199265021169@g.us_A52F6333869D08E746041613CCBF91A9_244306883391737@lid,"مصرف الراجحي 



وفاء ابراهيم سليمان الجمعان



رقم الحساب 
154000010006086200150



الايبان 
SA7680000154608016200150",chat,,,,,,,,,0,,,,,,,,,0,1764778878,android,0,0,0,,0,,,0,,966569165689@c.us,,
,0,120363199265021169@g.us,159025526227020@lid,false_120363199265021169@g.us_AC9E3C826F3AF0CADB04A85B72076477_159025526227020@lid,"بنك الانماء

الاسم/ خلود حسين علي شبيلي

الايبان: SA6005000010011689011576",chat,,,,,,,,,1,,,,,,,,,0,1764778933,android,2,0,0,,0,,,0,,966506711866@c.us,,
,0,120363199265021169@g.us,159025526227020@lid,false_120363199265021169@g.us_AC48807AFE64E82483FE8E83F3E2F7B2_159025526227020@lid,"",image,,,,,,,,,1,,,,,,,,mom0RXDPjx7TARetSQpMqWPEGIjqt9ySmBUtDko7kSg=,1,1764778961,android,1,0,0,,0,,,0,,966506711866@c.us,,d76fcd76adce22525352c0d43452ff922495af481eebe474481e2c01daac3a0e.jpeg
,0,120363199265021169@g.us,244306883391737@lid,false_120363199265021169@g.us_A536C976847011E97F46023CA82CECDF_244306883391737@lid,"",video,,,,,,,,,1,,,,,,,,e8M+YiZCO12wI0X8dZFCW3A+g3pYOpwree/gx6Wgj40=,1,1764779099,android,2,0,0,,0,11,,0,,966569165689@c.us,,e4cb37b656a698ada28f40c536e55c39e9205cb03ce901621ff3c108c262e5d9.mp4
,0,120363199265021169@g.us,244306883391737@lid,false_120363199265021169@g.us_A5198B7EB9EE90507874C048CABAB8B4_244306883391737@lid,"",audio,,,,,,,,,1,,,,,,,,/vDlE0B3jP/rltxBp+Ik7rPBOCkgLaZ29gfh5FY0tiE=,1,1764779100,android,2,0,0,,0,15,,0,,966569165689@c.us,,"45ef3e35cf861a31c1afbb80039ecaa7792bae7b87f48b7de62ef58a084ee1ab.ogg; codecs=opus"
,0,120363199265021169@g.us,244306883391737@lid,false_120363199265021169@g.us_A514155B8D054B4BF013D9911543B3ED_244306883391737@lid,"",audio,,,,,,,,,1,,,,,,,,sOAeWdbgZFWK5j7OoRUIrjy+lqUv66pZUzha8E9gLFs=,1,1764779100,android,2,0,0,,0,6,,0,,966569165689@c.us,,"acae1c6a0d91d90846171e862efc761a9bb1090aab03427a51d0a05239aae934.ogg; codecs=opus"
,0,120363199265021169@g.us,270793443385538@lid,false_120363199265021169@g.us_2A77CA6D7CD2D60AD730_270793443385538@lid,"تم التعامل مسبقا",chat,,,,,,,,,,,,,,,,,,0,1764779107,web,0,0,0,,1,,,0,,966580597476@c.us,,
,0,120363199265021169@g.us,244306883391737@lid,false_120363199265021169@g.us_A5DF0F6383894992C704E9E8EB25BB97_244306883391737@lid,"بنك دال 360


JAHANGIR JAFOR HOWLADER

ايبان



SA2036036036095896966038",chat,,,,,,,,,0,,,,,,,,,0,1764779135,android,0,0,0,,0,,,0,,966569165689@c.us,,
,0,120363199265021169@g.us,96821900800032@lid,false_120363199265021169@g.us_A528FA33C34D549F79BDCCBA4DB530D3_96821900800032@lid,"خبيث يستغل مقطع",chat,,,,,,,,,,,,,,,,,,0,1764779224,android,0,0,0,,1,,,0,,966549696513@c.us,,
,0,120363199265021169@g.us,159025526227020@lid,false_120363199265021169@g.us_AC751B59794990E2EE9B9999B3A2C7FF_159025526227020@lid,@270793443385538,chat,,,,,,,,,,,,,,,,,,0,1764779276,android,0,0,0,,1,,,0,,966506711866@c.us,,
,0,120363199265021169@g.us,244306883391737@lid,false_120363199265021169@g.us_A57A40CD740CEEF7AE4A2C0847A4EF5B_244306883391737@lid,"هذه ضحية تمويل سابقا ما تسمع ورجعوا راسلوها تبين تمويل وتجاوبت معهم وحولت لهم لهم مبلغ 1732 ريال للمره الثانيه تتعرض للنصب المره الأولى حسابات بنكيه والحين استخراج قرض وحولت لهم مسكينه من ذوي الاحتياجات الخاصه",chat,,,,,,,,,0,,,,,,,,,0,1764779318,android,0,0,0,,0,,,0,,966569165689@c.us,,
,0,120363199265021169@g.us,264875548889221@lid,false_120363199265021169@g.us_A5BC571EFAD5E0CD1556E4B1D16758E8_264875548889221@lid,"بنك الراجحي 



نبهاء سند عقاب الشمري 

290000010006086119611


SA0780000290608016119611


من 500وفوق",chat,,,,,,,,,1,,,,,,,,,0,1764779330,android,1,0,0,,0,,,0,,966599136395@c.us,,
,0,120363199265021169@g.us,264875548889221@lid,false_120363199265021169@g.us_A5B9E49C6B3151D6E56320B11021A3DB_264875548889221@lid,"جديد",chat,,,,,,,,,0,,,,,,,,,0,1764779333,android,0,0,0,,0,,,0,,966599136395@c.us,,
,0,120363199265021169@g.us,244306883391737@lid,false_120363199265021169@g.us_A5A3433A07D9A700B21293ECCD46601F_244306883391737@lid,"هذه",chat,,,,,,,,,,,,,,,,,,0,1764779364,android,0,0,0,,1,,,0,,966569165689@c.us,,
,0,120363199265021169@g.us,264875548889221@lid,false_120363199265021169@g.us_A5079E5A756C614DC26A5B0D0A2544FA_264875548889221@lid,"",image,,,,,,,,,,,,,,,,,rTwu2b23UjdtzfNPoz43SQPH9Z5Hy+ChIA16YgyvlPo=,1,1764779365,android,0,0,0,,0,,,0,,966599136395@c.us,,08ec39d86f12d76d82728d9567fa392a952b602ac05f5b04476dec72a507225b.jpeg
,0,120363199265021169@g.us,101537657434167@lid,false_120363199265021169@g.us_AC8C97999945CA41541DF6572E00A97B_101537657434167@lid,"بنك الراجحي 



نبهاء سند عقاب الشمري 

290000010006086119611


SA0780000290608016119611


من 500وفوق",chat,,,,,,,,,1,,,,,,,,,0,1764779382,android,2,0,0,,0,,,0,,966551327969@c.us,,
,0,120363199265021169@g.us,101537657434167@lid,false_120363199265021169@g.us_AC154B34805C381F47C5BA4BC00A9672_101537657434167@lid,"",audio,,,,,,,,,1,,,,,,,,FRH36Vxjtju8Yj4IfNchWmOnbxGYJhOfLEpfeQZBMJM=,1,1764779383,android,2,0,0,,0,1,,0,,966551327969@c.us,,"4587347d1067906e326a5ef05ba942936d20880be2c098d0a570efde3abe5ed2.ogg; codecs=opus"
,0,120363199265021169@g.us,101537657434167@lid,false_120363199265021169@g.us_AC3561185B2E1D6D8F397E881296681C_101537657434167@lid,"",image,,,,,,,,,1,,,,,,,,OlWzQ4lKKXzOJQ09i84dgvpieht2oinQgVjSMA3PXa8=,1,1764779383,android,1,0,0,,0,,,0,,966551327969@c.us,,ea9f874e35632b467e9a41d5540b83f876c60ed240db65872b580953ef924f98.jpeg
,0,120363199265021169@g.us,96821900800032@lid,false_120363199265021169@g.us_A5B94D1B56E1397DB3AEEE1F69DA3E49_96821900800032@lid,"من يطلع الاسم الحقيقي 
ويفزع لنا لو من اخواننا في البنوك 
الحساب لمحفظة
ولكن الاسم غير دقيق

في عايلة ابوذراع لا يوجد الاسم هذا

من يتأكد ويرسل الاسم لو على الخاص",chat,,,,,,,,,,,,,,,,,,0,1764779417,android,0,0,0,,1,,,0,,966549696513@c.us,,
,0,120363199265021169@g.us,101537657434167@lid,false_120363199265021169@g.us_AC4CD66915F72731711D23859FCA1DB4_101537657434167@lid,"@47171776839768 
@217862367129669 
@224274652594308",chat,,,,,,,,,,,,,,,,,,0,1764779508,android,0,0,0,,1,,,0,,966551327969@c.us,,
,0,120363199265021169@g.us,168779497636088@lid,false_120363199265021169@g.us_ACFD2B753B073018A98250FEE7A119C7_168779497636088@lid,"",image,,,,,,,,,,,,,,,,,zleouXJ02P7SYdFjGAhoh7Fyirln4sKgZVhNle9aStQ=,1,1764779723,android,0,0,0,,0,,,0,,966595153331@c.us,,bc7e8f2c8941c17c2962aaca0963718d93d3e47d43f039ff6d056fe910d6bf0e.jpeg
,0,120363199265021169@g.us,232843145941179@lid,false_120363199265021169@g.us_3A3F8FCBCA4AA6B04D1F_232843145941179@lid,"الله يقوّيكم يا اخوان وٓ يعطيكم الصحة والعافية",chat,,,,,,,,,0,,,,,,,,,0,1764779910,ios,0,0,0,,0,,,0,,966566222922@c.us,,
,0,120363199265021169@g.us,143988828979381@lid,false_120363199265021169@g.us_3A8BDF7763111849A151_143988828979381@lid,"",sticker,,,,,,,,,,,,,,,,,zyd+4WLczO1egtxs0XVf7bzWeDaRv7Z+R3kiX3dXQVs=,1,1764779931,ios,0,0,0,,1,,,0,,966543020001@c.us,,e5340bc6f84103b14be28ac9b90119dc7a0fe570eea8719dc001ccdc030e0e4f.webp
,0,120363199265021169@g.us,96821900800032@lid,false_120363199265021169@g.us_A562087AA332E6AF8417B2AACFCD355E_96821900800032@lid,"",sticker,,,,,,,,,,,,,,,,,YnQ1+oHPlZ2d4pPLeDXmIY+u1S8KXHFAX2ycoZCUHEw=,1,1764780074,android,0,0,0,,1,,,0,,966549696513@c.us,,80d762bad382906a372a050a16ac220b0fd623e821964d93a619423c1d5a2951.webp
,0,120363199265021169@g.us,270793443385538@lid,false_120363199265021169@g.us_2A4DE8853798F1F632D7_270793443385538@lid,"تم التعامل مسبقا",chat,,,,,,,,,,,,,,,,,,0,1764780184,web,0,0,0,,1,,,0,,966580597476@c.us,,
,0,120363199265021169@g.us,96821900800032@lid,false_120363199265021169@g.us_A571E6DB981486F4BE0C12B5A5E46780_96821900800032@lid,"اسم العميل : صهيب صلاح احمد ناجي",chat,,,,,,,,,,,,,,,,,,0,1764780312,android,0,0,0,,1,,,0,,966549696513@c.us,,
,0,120363199265021169@g.us,264875548889221@lid,false_120363199265021169@g.us_A5C343B5A936B00299972C492A66C20E_264875548889221@lid,"ايقاف ولاايصال ظرب لحاله ما حدا جاء صوبه",chat,,,,,,,,,1,,,,,,,,,0,1764780483,android,2,0,0,,0,,,0,,966599136395@c.us,,
,0,120363199265021169@g.us,264875548889221@lid,false_120363199265021169@g.us_A5808D02DA0D8ECBDD141D68580DED13_264875548889221@lid,"هههههههه",chat,,,,,,,,,0,,,,,,,,,0,1764780484,android,0,0,0,,0,,,0,,966599136395@c.us,,
,0,120363199265021169@g.us,264875548889221@lid,false_120363199265021169@g.us_A5E03E1B774AA28511835B0E4049686B_264875548889221@lid,"ضرب",chat,,,,,,,,,,,,,,,,,,0,1764780546,android,0,0,0,,1,,,0,,966599136395@c.us,,
,0,120363199265021169@g.us,244306883391737@lid,false_120363199265021169@g.us_A5BF3E70D63E7159F53647898319C092_244306883391737@lid,"عربي

حصة بنت رفيع بن مشخص المهلكي المطيري





SA3130400108038050530018",chat,,,,,,,,,0,,,,,,,,,0,1764780648,android,0,0,0,,0,,,0,,966569165689@c.us,,
,0,120363199265021169@g.us,244306883391737@lid,false_120363199265021169@g.us_A5F36071628008C7527CE5877E6F9EEA_244306883391737@lid,@143988828979381,chat,,,,,,,,,,,,,,,,,,0,1764780695,android,0,0,0,,1,,,0,,966569165689@c.us,,
,0,120363199265021169@g.us,143988828979381@lid,false_120363199265021169@g.us_3AE8ECF6CE48742B5D93_143988828979381@lid,"ازهلوها",chat,,,,,,,,,,,,,,,,,,0,1764781106,ios,0,0,0,,1,,,0,,966543020001@c.us,,
,0,120363199265021169@g.us,101537657434167@lid,false_120363199265021169@g.us_AC6CA4E2D3FF53DC8AC3764C561C916F_101537657434167@lid,"",sticker,,,,,,,,,,,,,,,,,0QZ7FxqDf7Mdu9kNoUW3Cjbq9QNV+jfZ1ImnzyrMjA8=,1,1764781280,android,0,0,0,,1,,,0,,966551327969@c.us,,d0bbd70cd0704e418ef2b3ddab40cebab05bc377b9ade6f56a1cf26a6521ee0e.webp
,0,120363199265021169@g.us,180521938194629@lid,false_120363199265021169@g.us_AC73DE2DE3039217B99DEB32E1BFAD75_180521938194629@lid,"مصرف الراجحي

احمد  مصطفى الحفناوي

694000010006086164585

SA8380000694608016164585",chat,,,,,,,,,1,,,,,,,,,0,1764781389,android,2,0,0,,0,,,0,,966530457851@c.us,,
,0,120363199265021169@g.us,180521938194629@lid,false_120363199265021169@g.us_ACA529B9CC1E34CCB9FAF59291DCAC91_180521938194629@lid,"",image,,,,,,,,,,,,,,,,,J6qK7ijQzSrOUR+9zJ2SgAhO4jQ4EVUuuV88zRLDxbc=,1,1764781394,android,0,0,0,,0,,,0,,966530457851@c.us,,8faf1557b3db4755b3abafc5e6c57c748d9acd40372e1765154c0fa68eca30eb.jpeg
,0,120363199265021169@g.us,180521938194629@lid,false_120363199265021169@g.us_ACB49CB65FDA06C51EC0C74F06CB645B_180521938194629@lid,@270793443385538,chat,,,,,,,,,,,,,,,,,,0,1764781435,android,0,0,0,,1,,,0,,966530457851@c.us,,
,0,120363199265021169@g.us,244306883391737@lid,false_120363199265021169@g.us_A5DC08458B001D858A1F45E11D05FFFE_244306883391737@lid,"بنك الراجحي

مؤسسة فيصل عبدالله العلياني

596000010006086145831




SA9380000596608016145831",chat,,,,,,,,,0,,,,,,,,,0,1764781537,android,0,0,0,,0,,,0,,966569165689@c.us,,
,0,120363199265021169@g.us,244306883391737@lid,false_120363199265021169@g.us_A5B26172042E29081D172058A5F3054B_244306883391737@lid,"",image,,,,,,,,,,,,,,,,,OTqjFIAcqmMOfYVg5X6ZWUS/nbDesyT2aWfq4sJq/tE=,1,1764781850,android,0,0,0,,1,,,0,,966569165689@c.us,,59bfbc16e091bf1ed8ceda90c9cd62adf5e5fb75f8b3ae3d6922bf21ba6672dc.jpeg
,0,120363199265021169@g.us,244306883391737@lid,false_120363199265021169@g.us_A59EB9D22D1C58BB3881DF050B8857B1_244306883391737@lid,"",image,,,,,,,,,,,,,,,,,bGArs8TnXCqOL+OiW1lBT+3krm62BORmWvH9cLBt300=,1,1764781858,android,0,0,0,,1,,,0,,966569165689@c.us,,c416840a8613f470c1937342977acca47339e14ba6ae4e6060981a3d8709632f.jpeg
,0,120363199265021169@g.us,141463388176551@lid,false_120363199265021169@g.us_ACF7F6B7A6DD7AE1F6C262026B75C505_141463388176551@lid,"*الاسم رباعيا إن أمكن  ..*
@111815228919991",chat,,,,,,,,,,,,,,,,,,0,1764781902,android,0,0,0,,1,,,0,,966506565369@c.us,,
,0,120363199265021169@g.us,244306883391737@lid,false_120363199265021169@g.us_A5194D030CB8878509F9777A6F68B75E_244306883391737@lid,"مايطلع هذا اللي طلع من التطبيق",chat,,,,,,,,,0,,,,,,,,,0,1764781920,android,0,0,0,,0,,,0,,966569165689@c.us,,
,0,120363199265021169@g.us,244306883391737@lid,false_120363199265021169@g.us_A59F66ECC8B74728144A9EECCAA3CA82_244306883391737@lid,.,chat,,,,,,,,,,,,,,,,,,0,1764781926,android,0,0,0,,1,,,0,,966569165689@c.us,,
,0,120363199265021169@g.us,244306883391737@lid,false_120363199265021169@g.us_A5155F1CB1BC07D91E358B9C4AE56204_244306883391737@lid,"",image,,,,,,,,,,,,,,,,,ZElvnMQxiKsqcr0JT+5609QA6uZE26nqDIqgaJ7H3UM=,1,1764782330,android,0,0,0,,1,,,0,,966569165689@c.us,,123a3f35e55a07061aed51f1b1fa47618bb71899b5a9259a8926d953206a2c68.jpeg
,0,120363199265021169@g.us,206021159080065@lid,false_120363199265021169@g.us_3A96BE74B3E366A034F3_206021159080065@lid,"مؤسسة فيصل عبدالله العلياني
الرقم الوطني الموحد للمنشأة :7042306808
مدة المنشأة
رقم السجل التجاري
4031313069
هاتف
0121111111
تاريخ اصدار السجل
2024-10-29
الموقع الالكترونى
النشاط التجاري
إنشاء الطرق والشوارع والارصفة ومستلزمات الطرق




‏لديه بنات 
1- تهانى فيصل عبدالله العلياني
2- عزه فيصل عبدالله العلياني",chat,,,,,,,,,,,,,,,,,,0,1764782739,ios,0,0,0,,1,,,0,,966503777770@c.us,,
,0,120363199265021169@g.us,96821900800032@lid,false_120363199265021169@g.us_A56F60884E67DCD74D8E6F20AE9E5D59_96821900800032@lid,"كفو بيض الله وجهك",chat,,,,,,,,,,,,,,,,,,0,1764782767,android,0,0,0,,1,,,0,,966549696513@c.us,,
,0,120363199265021169@g.us,159025526227020@lid,false_120363199265021169@g.us_AC70A000776A957FA1CE1A5263F858CF_159025526227020@lid,"بنك الراجحي

مؤسسة فيصل عبدالله العلياني

596000010006086145831




SA9380000596608016145831",chat,,,,,,,,,1,,,,,,,,,0,1764783430,android,2,0,0,,0,,,0,,966506711866@c.us,,
,0,120363199265021169@g.us,159025526227020@lid,false_120363199265021169@g.us_AC0FDF2B851D82B7361DB72759DCBC9F_159025526227020@lid,"",image,,,,,,,,,1,,,,,,,,AWFtWOlR1jh64tKcV5jMsOgbvgpgDwkn+VQKy2uVGM0=,1,1764783431,android,1,0,0,,0,,,0,,966506711866@c.us,,78ea6db8f10af18458adcf276a502b53eb1247f4d34a5438c7f0883ea620c75d.jpeg
,0,120363199265021169@g.us,159025526227020@lid,false_120363199265021169@g.us_ACB5CF9870309EFBEC439818B1AB591C_159025526227020@lid,"بنك دال٣٦٠ 


ابرار منصور بن عيد ابوذراع

رقم آلآيبان 
SA1836036036002142395178",chat,,,,,,,,,1,,,,,,,,,0,1764783524,android,2,0,0,,0,,,0,,966506711866@c.us,,
,0,120363199265021169@g.us,159025526227020@lid,false_120363199265021169@g.us_ACB899079366CE602E336C86E80E5D86_159025526227020@lid,"",image,,,,,,,,,1,,,,,,,,PS84g7ZoXB+0ibBvPDGBUbbVEiExFMXipsA5hMJSlbw=,1,1764783524,android,1,0,0,,0,,,0,,966506711866@c.us,,1c7f2b433de1417b22ef57e23be73ec233f07ae0fb07e74226d9ac444d9383a5.jpeg
,0,120363199265021169@g.us,217287277723724@lid,false_120363199265021169@g.us_A59BF3AE92661494E0164E7D97FE33FD_217287277723724@lid,"تم بفضل الله الوصول إلى 
عم سويره بنت نايف بن منيف الرويبي السبيعي
في انتظار الربط وبإذن الله اوافيكم بالتفاصيل",chat,,,,,,,,,,,,,,,,,,0,1764783536,android,0,0,0,,1,,,0,,966562540599@c.us,,
,0,120363199265021169@g.us,141463388176551@lid,false_120363199265021169@g.us_ACC788EC0B5B28FAEC46BE3826AABDA8_141463388176551@lid,"",album,,,,,,,,,0,,,,,,,,,0,1764783557,android,0,0,0,,0,,,0,,966506565369@c.us,,
,0,120363199265021169@g.us,141463388176551@lid,false_120363199265021169@g.us_AC294C1C7B2BFF84DCCB260D9C750D53_141463388176551@lid,"*تم حلب الحساب الثاني* 
*من الخطابة المتأنث* 
*جمدوه يا مطاليق  ..*",image,,,,,,,,,,,,,,,,,Z0db6C+IBz75vCpLwiW4dUaY2B2noT0HxqTqhgdW0+A=,1,1764783557,android,0,0,0,,0,,,0,,966506565369@c.us,,55e789e5775f5a647ebb882131dce20047e0bde89a6ee96da96f9997ed9bcdca.jpeg
,0,120363199265021169@g.us,141463388176551@lid,false_120363199265021169@g.us_ACDF2904C2BA6F3CC54907E78C3ADB79_141463388176551@lid,"",image,,,,,,,,,,,,,,,,,EcUzavRf/IEhWLIWfg1FGTR/khDzzo1ZSEWCgajC8QU=,1,1764783558,android,0,0,0,,0,,,0,,966506565369@c.us,,985e66a967dfaf85f344cbc83efcc182bda05232c6715b880c9e5a2cae37fb93.jpeg
,0,120363199265021169@g.us,141463388176551@lid,false_120363199265021169@g.us_AC147747F40F8DD6651DDFE7B3D32647_141463388176551@lid,"👇👇👇",chat,,,,,,,,,0,,,,,,,,,0,1764783838,android,0,0,0,,0,,,0,,966506565369@c.us,,
,0,120363199265021169@g.us,141463388176551@lid,false_120363199265021169@g.us_ACC4D2A935D3547AFB015E6743B8E297_141463388176551@lid,"",album,,,,,,,,,0,,,,,,,,,0,1764783919,android,0,0,0,,0,,,0,,966506565369@c.us,,
,0,120363199265021169@g.us,141463388176551@lid,false_120363199265021169@g.us_ACA62FE6ED1D5AAF4BF82B0AB980C638_141463388176551@lid,"*تم حلب الحساب الثالث:*
*من الخطابة المتأنث*
 *الجازي عبدالله*
 
الاهلي
04200001219008


رقم الايبان 
SA4010000004200001219008

عند اتحويل يرجى صوره الايصال

@111815228919991",image,,,,,,,,,,,,,,,,,g9gkQqukaPXr+ldKiOPxdDtgkH+rTWE7ij5v616lpBo=,1,1764783920,android,0,0,0,,0,,,0,,966506565369@c.us,,d6cf16e18394187db3e51a9d58cd50bd006a0740cc1f412493e340278152b148.jpeg
,0,120363199265021169@g.us,141463388176551@lid,false_120363199265021169@g.us_ACBA837CBB9B245192EB8BD1BFC67B30_141463388176551@lid,"",image,,,,,,,,,,,,,,,,,p/GY+amRP6V3CIb0pKXSKrx0xA4SlFmWLazQ2dHd1HU=,1,1764783920,android,0,0,0,,0,,,0,,966506565369@c.us,,9beea85fa68d01c53bfa3632f908a7d0b18b4dd20e54b4147233a7155f80e516.jpeg
,0,120363199265021169@g.us,244306883391737@lid,false_120363199265021169@g.us_A59CF1DB8FA0E20378407A0200EDCD4A_244306883391737@lid,"هديل السبوتي ام حمدان في الروضه
+966531140994",chat,,,,,,,,,,,,,,,,,,0,1764783949,android,0,0,0,,1,,,0,,966569165689@c.us,,
,0,120363199265021169@g.us,101537657434167@lid,false_120363199265021169@g.us_AC3FA521341F151F66CDE2C5E5C7EBB7_101537657434167@lid,"بنك دال 360


لمعه الشهراني 

SA5636036036040127507388",chat,,,,,,,,,1,,,,,,,,,0,1764785251,android,2,0,0,,0,,,0,,966551327969@c.us,,
,0,120363199265021169@g.us,101537657434167@lid,false_120363199265021169@g.us_ACCF134B99614139FFA8E2484482E16E_101537657434167@lid,"",image,,,,,,,,,1,,,,,,,,oeTqr95lcxOpCY6wKaFRvhdKVRcYmcoVSH2m+lSdO6s=,1,1764785291,android,1,0,0,,0,,,0,,966551327969@c.us,,73a3b45552eef6e5ccaa63124bb591edc49dfe432471d00fb9b8499d494403aa.jpeg
,0,120363199265021169@g.us,141463388176551@lid,false_120363199265021169@g.us_ACD28DF391E11B7EE0B20D3A6CC2EE19_141463388176551@lid,"👇👇",chat,,,,,,,,,0,,,,,,,,,0,1764785397,android,0,0,0,,0,,,0,,966506565369@c.us,,
,0,120363199265021169@g.us,244306883391737@lid,false_120363199265021169@g.us_A595EDE98829D12445DA9A34D531C775_244306883391737@lid,"لمعه عيسي مفرح الشهراني",chat,,,,,,,,,,,,,,,,,,0,1764785517,android,0,0,0,,1,,,0,,966569165689@c.us,,
,0,120363199265021169@g.us,141463388176551@lid,false_120363199265021169@g.us_AC0E3D8429785B82A96888D3EE8F8F8A_141463388176551@lid,"*شعاع مطر خاتم الثعلي الروقي*

البنك الأهلي
31700000570110

SA7510000031700000570110

*ملاحظة :*
*لم يطلب صورة الايصال* 
*والرقم سعودي STC*
*ياليت تتأكدون قبل انهاء المهمة*",image,,,,,,,,,,,,,,,,,fWO8+zE4STUUeXonKfI98/kZJY6KD4hGbVGtFYWyjzA=,1,1764785526,android,0,0,0,,0,,,0,,966506565369@c.us,,e228df4ce0d2dae05359224424d58a4dd5691f0a65d39fecd8239df9f288acbe.jpeg
,0,120363199265021169@g.us,141463388176551@lid,false_120363199265021169@g.us_ACB72FD555A6325A40727FB0262C6171_141463388176551@lid,"👇👇👇",chat,,,,,,,,,0,,,,,,,,,0,1764785881,android,0,0,0,,0,,,0,,966506565369@c.us,,
,0,120363199265021169@g.us,141463388176551@lid,false_120363199265021169@g.us_AC4B86951F85739123A267B3E67683EA_141463388176551@lid,"*هذا شخص في التلجرام* *يحكي معاناته مع نصاب يستغل معرض سيارات* *ورخص المعرض للنصب والاحتيال، وقام المشتري بتحويل مبلغ شراء سيارة*
*وبعد التحويل ما يرد*

*معرض سعود الحربي السيارات*
 
*بنك الانماء* 

رقم الحساب 
68206778248000

الايبان SA3105000068206778248000",chat,,,,,,,,,0,,,,,,,,,0,1764786079,android,0,0,0,,0,,,0,,966506565369@c.us,,
,0,120363199265021169@g.us,244306883391737@lid,false_120363199265021169@g.us_A593499F2366DF13081E065A0D4AAF28_244306883391737@lid,"*البنك الأهلي*



*فيصل بن هادي ابن جابر ال مصور عسيري*



*رقم الايبان*




*500 وفوق من اهلي ❌❌❌❌*",chat,,,,,,,,,0,,,,,,,,,0,1764786292,android,0,0,0,,0,,,0,,966569165689@c.us,,
,0,120363199265021169@g.us,101537657434167@lid,false_120363199265021169@g.us_ACEAE41B1279FEB84C34805FAE0A71F5_101537657434167@lid,"*🌐🌐 بنك العربي 🌐🌐*


*الاسم: شركة دارية المالية*



رقم الايبان

SA5030100675019987230019


*تحويل مرفوض من الاهلي ❌*
*تحويل مرفوض من العربي ❌*",chat,,,,,,,,,1,,,,,,,,,0,1764786396,android,2,0,0,,0,,,0,,966551327969@c.us,,
,0,120363199265021169@g.us,101537657434167@lid,false_120363199265021169@g.us_AC30D52D99B2DF89CD62E193AABEB13A_101537657434167@lid,"",image,,,,,,,,,1,,,,,,,,0dH8OYTCH+jW0jRT7e6kfybolF+ZpGDeGBrqJNfbUbo=,1,1764786396,android,1,0,0,,0,,,0,,966551327969@c.us,,673991b7eec2d5dd26fedcee1e22b2b16aa1248b9afdc85ae7885bb1871559cc.jpeg
,0,120363199265021169@g.us,143988828979381@lid,false_120363199265021169@g.us_3A21DB1A4D42B2AACD62_143988828979381@lid,"*حصه رفيع مشخص المهلكي المطيري*
ضحية  خدمة عملا
تم التواصل مع اخوها عبدالرحمن
0545387721 
ووجد مفتوح باسمها 

1) حساب بنكي في العربي
2) حساب بنكي في الإنماء 
3) حساب بنكي في يوربي 
4) شريحه اتصال من ياقوت 
0582058078

تم سحب الشريحه وجاري تجميد الحسابات البنكيه ورفع بلاغ 



المحتال  
0583080689
اخذت رقمه من الحساب ذا فالتيك توك ( f62a0) 


تم التواصل سلطان منيع المطيري",chat,,,,,,,,,,,,,,,,,,0,1764786749,ios,0,0,0,,1,,,0,,966543020001@c.us,,
,0,120363199265021169@g.us,143988828979381@lid,false_120363199265021169@g.us_3A613CA37360B011D15F_143988828979381@lid,"",image,,,,,,,,,,,,,,,,,NnScbqg64HaCK4tNqxph7a1bxmbB2RcRDzdLNrSybuc=,1,1764787374,ios,0,0,0,,0,,,0,,966543020001@c.us,,0826c720a43bf52598479ea7326f4cbb09573ebacc157e32cf2f89bfa8d88959.jpeg
,0,120363199265021169@g.us,143988828979381@lid,false_120363199265021169@g.us_3ABF47071BC8EE9B1661_143988828979381@lid,"",image,,,,,,,,,,,,,,,,,nA/D1EoXIBYs3Qv4paf6s51cgHUFxxraXA1wwn7dLLQ=,1,1764787602,ios,0,0,0,,0,,,0,,966543020001@c.us,,c8f61084b04c2d16dc9501b9be9d1767139b236e83e05e7a010f4b2cd84ed21f.jpeg
,0,120363199265021169@g.us,143988828979381@lid,false_120363199265021169@g.us_3A3FAC590E0805A2C072_143988828979381@lid,"",image,,,,,,,,,,,,,,,,,KY4jQgd5zZOCuGHQNzcNs8YjiEt38NcAnGsTH3U7h6I=,1,1764787637,ios,0,0,0,,0,,,0,,966543020001@c.us,,8c1a473ad47534b8fe3d7693de204b19021efc35c677c45216a30414b1654417.jpeg
,0,120363199265021169@g.us,244306883391737@lid,false_120363199265021169@g.us_A5F8020916B297529CCF6EF6CDD209AB_244306883391737@lid,"",image,,,,,,,,,,,,,,,,,8atfzC9TomiieTQT+XYVPgEl5v+3tS2bTKpqUD4tAOk=,1,1764788536,android,0,0,0,,0,,,0,,966569165689@c.us,,9096fd454c62fa68e0d4d0a5350680253585a7046316cbf6e5f82bfccd469611.jpeg
,0,120363199265021169@g.us,101537657434167@lid,false_120363199265021169@g.us_AC39000947DCDC4525BD329A06655D19_101537657434167@lid,"*بنك دال360*

*عايشة ابراهيم رشيد واصلي*

*الايبان*
SA4636036036023534026901",chat,,,,,,,,,1,,,,,,,,,0,1764789836,android,2,0,0,,0,,,0,,966551327969@c.us,,
,0,120363199265021169@g.us,96821900800032@lid,false_120363199265021169@g.us_A51C4E85D777E6BC2422CAC5E8033B7C_96821900800032@lid,"جاري البحث",chat,,,,,,,,,,,,,,,,,,0,1764790172,android,0,0,0,,1,,,0,,966549696513@c.us,,
,0,120363199265021169@g.us,96821900800032@lid,false_120363199265021169@g.us_A5C2E5C5CCB7167AE75FE0118B97200D_96821900800032@lid,"تصحيح الاسم لمن اراد البحث عنها:
عيشة ابراهيم رشيد واصلي",chat,,,,,,,,,,,,,,,,,,0,1764790301,android,0,0,0,,1,,,0,,966549696513@c.us,,
,0,120363199265021169@g.us,111815228919991@lid,false_120363199265021169@g.us_AC47FBB0DF609F3BED95286154562F11_111815228919991@lid,"",audio,,,,,,,,,1,,,,,,,,7UxxGrPjTkTzvWgzWrUNuTTROMOY6NJNrfmhD7CVFFE=,1,1764790556,android,1,0,0,,0,40,,0,,966555492226@c.us,,"eb4bef202c500c086a2fa7bf7e5791e30650a95a516d24356fd0db257713228a.ogg; codecs=opus"
,0,120363199265021169@g.us,101537657434167@lid,false_120363199265021169@g.us_AC030D931E98C144D7E5B1365B223D27_101537657434167@lid,"",audio,,,,,,,,,1,,,,,,,,KBOIEAfs8sd7Ay5Zk+tgxoQKD+kDuN+CO4vXG1+G4HM=,1,1764790706,android,2,0,0,,0,15,,0,,966551327969@c.us,,"a0e7bd1f9b700631c4bb676900296a5c0c5cc24b9f28b16e5195e1b4e35d397b.ogg; codecs=opus"
,0,120363199265021169@g.us,96821900800032@lid,false_120363199265021169@g.us_A5663E3E4D17DC0B7CAA8C695F052BD0_96821900800032@lid,"يمشي صوت مشي رجوله كنها حوافر حمار - الله يكرمكم",chat,,,,,,,,,,,,,,,,,,0,1764790861,android,0,0,0,,1,,,0,,966549696513@c.us,,
,0,120363199265021169@g.us,111815228919991@lid,false_120363199265021169@g.us_AC4AF4BEE63ED5B38E92E5C5933ABDD1_111815228919991@lid,"",video,,,,,,,,,1,,,,,,,,qzrN0f+TbI0kE4aBhyqWPL9vVP+hbdLYlifA6S1iGI4=,1,1764791027,android,1,0,0,,0,47,,0,,966555492226@c.us,,c76c369d8c591a8fc94428d1c3b5da7d988b91efb276c84f51789e217bbdb562.mp4
,0,120363199265021169@g.us,111815228919991@lid,false_120363199265021169@g.us_ACE64FEDC5C6026D9B9C9046E984AAA9_111815228919991@lid,"طالعوا المحتال 
يراوغ على الضحية يحيى الكبيسي 
يعترف انه فاتح شريحة 
وأنه هل انت اللي تسوي حوالات والا احد مخترق المحفظة

عموما انحجزت مبالغ على الحسابات 

خبيث كذاب الشاوي 
يبي يكسب الرجال ويطمنه بعد ما سحب يحيى الشريحة",chat,,,,,,,,,,,,,,,,,,0,1764791113,android,0,0,0,,1,,,0,,966555492226@c.us,,
,0,120363199265021169@g.us,111815228919991@lid,false_120363199265021169@g.us_ACA3882382224EA2105D2ABAAB7B5339_111815228919991@lid,"الخبيث يقول حدث الحساب وخذ ال ١١٠٠ ريال اللي في الحساب",chat,,,,,,,,,,,,,,,,,,0,1764791164,android,0,0,0,,1,,,0,,966555492226@c.us,,
,0,120363199265021169@g.us,101537657434167@lid,false_120363199265021169@g.us_AC0563EA73E9807A269CD621A93BE810_101537657434167@lid,"بنك الراجحي 

مؤسسة نايف محمد علي محمد

رقم حساب:
351000010006086610136

رقم الايبان:
SA2180000351608016610136",chat,,,,,,,,,1,,,,,,,,,0,1764791278,android,2,0,0,,0,,,0,,966551327969@c.us,,
,0,120363199265021169@g.us,101537657434167@lid,false_120363199265021169@g.us_ACFBD0A71D52CC7924CCF252052A111B_101537657434167@lid,"",image,,,,,,,,,1,,,,,,,,1Ox9B7U67mCqKDGvN3qtEmH/TYEUWj2v5UKdJjTDyfg=,1,1764791279,android,1,0,0,,0,,,0,,966551327969@c.us,,888433e893b07488389b0e7685ade9b2d4ee10652a8fd26a2486d65e3c9c2167.jpeg
,0,120363199265021169@g.us,101537657434167@lid,false_120363199265021169@g.us_AC153E5DBDF45AD04B86F2CEBE2D7F7C_101537657434167@lid,"ابشرك جبت حساب أبو حوافر ☝️",chat,,,,,,,,,,,,,,,,,,0,1764791296,android,0,0,0,,1,,,0,,966551327969@c.us,,
,0,120363199265021169@g.us,217287277723724@lid,false_120363199265021169@g.us_A5FC22A6176003447E2B1C3957C45EE5_217287277723724@lid,"جاري البحث",chat,,,,,,,,,,,,,,,,,,0,1764791523,android,0,0,0,,1,,,0,,966562540599@c.us,,
,0,120363199265021169@g.us,96821900800032@lid,false_120363199265021169@g.us_A5BE2FB4677E405773689DC69B83BB91_96821900800032@lid,"ذيبان",chat,,,,,,,,,,,,,,,,,,0,1764791582,android,0,0,0,,1,,,0,,966549696513@c.us,,
,0,120363199265021169@g.us,244306883391737@lid,false_120363199265021169@g.us_A50367B0EB0EEF03667F8FA956C02694_244306883391737@lid,"@47171776839768 
@172868306514146 
@270793443385538 
@217862367129669",chat,,,,,,,,,,,,,,,,,,0,1764791584,android,0,0,0,,1,,,0,,966569165689@c.us,,
,0,120363199265021169@g.us,96821900800032@lid,false_120363199265021169@g.us_A5BE63E66FFA7EFB0D32FBF72219478A_96821900800032@lid,"",sticker,,,,,,,,,,,,,,,,,KtC3zM0ZiAaihbJYICCUboZHtxZ823Lq0ZhRrlz1l6Q=,1,1764791601,android,0,0,0,,1,,,0,,966549696513@c.us,,4d21606ce62376f6908ce030c71b3bf86c17539a342b75e171e836be4c6930a8.webp
,0,120363199265021169@g.us,244306883391737@lid,false_120363199265021169@g.us_A5BAC4D4AD24B5D000D279310D107C5B_244306883391737@lid,"مربوط بوثيقة عمل حر",image,,,,,,,,,,,,,,,,,d5Dew5jxNDP/Gd2ogGIkqXSTOEA6cK6T41nliuCIX+M=,1,1764791703,android,0,0,0,,1,,,0,,966569165689@c.us,,85c41eb440a5be562a986ff734d9cdb93fd60b4eb8c6baaab0c303713885c536.jpeg
,0,120363199265021169@g.us,141463388176551@lid,false_120363199265021169@g.us_ACE338BD5424880D66D145A716AA70FD_141463388176551@lid,"👇👇👇",chat,,,,,,,,,0,,,,,,,,,0,1764791734,android,0,0,0,,0,,,0,,966506565369@c.us,,
,0,120363199265021169@g.us,141463388176551@lid,false_120363199265021169@g.us_AC475D507CC87B30FC7BA9EB6300489B_141463388176551@lid,"*تم حلب الحساب الخامس*
*من الخطابة المتأنث* 

*اللطف بنت مقبل بن رزين العتيبي*
الاهلي SA2010000011100446934605
 11100446934605",image,,,,,,,,,,,,,,,,,fWO8+zE4STUUeXonKfI98/kZJY6KD4hGbVGtFYWyjzA=,1,1764791797,android,0,0,0,,0,,,0,,966506565369@c.us,,fb2784854b2a243d850258c2a6981ce62f966ef7c23541bbae06a4fae693cd7b.jpeg
,0,120363199265021169@g.us,141463388176551@lid,false_120363199265021169@g.us_AC37A902B1DF81F360724DB82F776020_141463388176551@lid,"👇👇👇",chat,,,,,,,,,0,,,,,,,,,0,1764791842,android,0,0,0,,0,,,0,,966506565369@c.us,,
,0,120363199265021169@g.us,141463388176551@lid,false_120363199265021169@g.us_AC16A6A2163472FE85E74ADF5B6F5195_141463388176551@lid,"*تم حلب الحساب السادس*
*من الخطابة المتأنث*


 *ليلى ابراهيم محمد الهلالي*

*الراجحي*
239608016829171

SA4680000239608016829171

@111815228919991",image,,,,,,,,,,,,,,,,,fWO8+zE4STUUeXonKfI98/kZJY6KD4hGbVGtFYWyjzA=,1,1764791898,android,0,0,0,,0,,,0,,966506565369@c.us,,1cbc717ef675c2e6bf6eae50525a8507a3474dc6154b41adeddd97e8fdc0cf58.jpeg
,0,120363199265021169@g.us,101537657434167@lid,false_120363199265021169@g.us_AC11909696E5C82791CA06ECA03B2A57_101537657434167@lid,"",image,,,,,,,,,,,,,,,,,j681+nQauIFIiA/UyrpepCw8GOwCxpsS/kYNaQ1qlmw=,1,1764792011,android,0,0,0,,0,,,0,,966551327969@c.us,,4a391535fded10a1ad1b52697d9f9e34bd0f5ee8ba54ce7e7d4eb66f7c10cd27.jpeg
,0,120363199265021169@g.us,101537657434167@lid,false_120363199265021169@g.us_AC2D373A29BBDBCDE0A42654703919B8_101537657434167@lid,"الخبيث هذا مثل ماهو موضح لكم طالب حواله",chat,,,,,,,,,0,,,,,,,,,0,1764792029,android,0,0,0,,0,,,0,,966551327969@c.us,,
,0,120363199265021169@g.us,101537657434167@lid,false_120363199265021169@g.us_AC7414E684B82E46F020524ABFDEBA69_101537657434167@lid,"",image,,,,,,,,,1,,,,,,,,STd8VAyEu1J3WzOgwU5GZMBEuqI0L/YwfCTKHTZy3cQ=,1,1764792047,android,2,0,0,,0,,,0,,966551327969@c.us,,3693af0d4cafd1527587ae64cce06ba58ab6b48b5c751a7399e07c9d56cbb901.jpeg
,0,120363199265021169@g.us,101537657434167@lid,false_120363199265021169@g.us_AC46FFE6C0A33213F83EE5315DEF29C5_101537657434167@lid,"",image,,,,,,,,,1,,,,,,,,/GvcJj2xicQHyAPiHkjAINsn7UI7Sy5PmzFcpkGLqM8=,1,1764792048,android,1,0,0,,0,,,0,,966551327969@c.us,,d53d162edb78d8929ac444552f49daaf39e596d97b9d8aed50d5263a54184824.jpeg
,0,120363199265021169@g.us,101537657434167@lid,false_120363199265021169@g.us_ACA7B834A6C82DDF8F31C461D15116F2_101537657434167@lid,"@118176142598281 
@270793443385538 
@172868306514146 
@201554359492666 
@224274652594308 
@67710310416595 
@47171776839768 
@217862367129669",chat,,,,,,,,,,,,,,,,,,0,1764792106,android,0,0,0,,0,,,0,,966551327969@c.us,,
,0,120363199265021169@g.us,101537657434167@lid,false_120363199265021169@g.us_ACD14803A34603410BB4FD584514969F_101537657434167@lid,"بنك الاهلي 


محمد دادر خان

رقم الحساب 


62300142433001

IBAN 



SA0610000062300142433001",chat,,,,,,,,,1,,,,,,,,,0,1764792914,android,2,0,0,,0,,,0,,966551327969@c.us,,
,0,120363199265021169@g.us,101537657434167@lid,false_120363199265021169@g.us_ACECDAE4F097482C03767D7D10C14C99_101537657434167@lid,"",image,,,,,,,,,1,,,,,,,,aceN3Y7kDRQMHur1hj6PNH6sQUU3gN+2kBVY1i0jD/0=,1,1764792915,android,1,0,0,,0,,,0,,966551327969@c.us,,0693ff06e4570fd0b2dc9bfdfd34b828edb7cd821e0d49065cbe6911c4226224.jpeg
,0,120363199265021169@g.us,101537657434167@lid,false_120363199265021169@g.us_AC340B082F9C955F0DEBCCD753301A33_101537657434167@lid,"@211681808507013 
@128136087875627",chat,,,,,,,,,,,,,,,,,,0,1764792925,android,0,0,0,,0,,,0,,966551327969@c.us,,
,0,120363199265021169@g.us,128136087875627@lid,false_120363199265021169@g.us_3A37E5F3E39B8B1A649F_128136087875627@lid,"تم",chat,,,,,,,,,,,,,,,,,,0,1764792993,ios,0,0,0,,1,,,0,,966567143441@c.us,,
,0,120363199265021169@g.us,217287277723724@lid,false_120363199265021169@g.us_A5AE0FFEAF5BE63A51168269D50DDEAF_217287277723724@lid,"فيه محادثه مع النصاب لحساب ليلى الهلالي",chat,,,,,,,,,,,,,,,,,,0,1764793051,android,0,0,0,,1,,,0,,966562540599@c.us,,
,0,120363199265021169@g.us,141463388176551@lid,false_120363199265021169@g.us_AC47987B90C6F4BA3E3B17339E0EA028_141463388176551@lid,"*حياك الله اخي ابو عبدالله* 
*موجوده صورة محادثة مع الحساب*",chat,,,,,,,,,,,,,,,,,,0,1764793182,android,0,0,0,,1,,,0,,966506565369@c.us,,
,0,120363199265021169@g.us,217287277723724@lid,false_120363199265021169@g.us_A551E067A037254652D6A588692DA172_217287277723724@lid,"بيض الله وجهك ياليت ترسلي اياها",chat,,,,,,,,,,,,,,,,,,0,1764793213,android,0,0,0,,1,,,0,,966562540599@c.us,,
,0,120363199265021169@g.us,141463388176551@lid,false_120363199265021169@g.us_AC28584A67175290A4C7E26DC3D1E213_141463388176551@lid,"*ابشر  ..*
*لكن بكره ان شاء الله*",chat,,,,,,,,,,,,,,,,,,0,1764793348,android,0,0,0,,1,,,0,,966506565369@c.us,,
,0,120363199265021169@g.us,217287277723724@lid,false_120363199265021169@g.us_A515FEA5954C2EF06A48882BEFF32C85_217287277723724@lid,"بشرك الله بالجنة ونعيمها",chat,,,,,,,,,0,,,,,,,,,0,1764793373,android,0,0,0,,0,,,0,,966562540599@c.us,,
,0,120363199265021169@g.us,141463388176551@lid,false_120363199265021169@g.us_AC42A982C09A2F132E75A35FE920A40B_141463388176551@lid,"*الحمدلله ...*
*تم الوصول الى احد اقربائها*
*وجاري الربط مع اخوها*
*وسوف نزودكم بالتفاصيل لاحقا*",chat,,,,,,,,,,,,,,,,,,0,1764793613,android,0,0,0,,1,,,0,,966506565369@c.us,,
,0,120363199265021169@g.us,96821900800032@lid,false_120363199265021169@g.us_A5DEB7C0A689CE8E773EC9944BE61F9C_96821900800032@lid,"",sticker,,,,,,,,,,,,,,,,,KtC3zM0ZiAaihbJYICCUboZHtxZ823Lq0ZhRrlz1l6Q=,1,1764793625,android,0,0,0,,1,,,0,,966549696513@c.us,,532c5679a86c4f48e023b168a2e9c55371cc3c5f97e1bf45664a1d2e85c4c65c.webp
,0,120363199265021169@g.us,101537657434167@lid,false_120363199265021169@g.us_AC94EC32DEB1AF45ACCBC0295EB7204C_101537657434167@lid,"البنك الاهلي السعودي





الاسم:: مرفت عوض عقيل الهباد






رقم الحساب::

 53600004063504






الآيبان::

 SA9310000053600004063504

اقل يداع 500

النسبه160",chat,,,,,,,,,1,,,,,,,,,0,1764793818,android,2,0,0,,0,,,0,,966551327969@c.us,,
,0,120363199265021169@g.us,101537657434167@lid,false_120363199265021169@g.us_AC272A4EA32C34EC9427144020A07DCA_101537657434167@lid,"",image,,,,,,,,,1,,,,,,,,N7W2yiC/phxlMKp+DAh5fO2g4/MwAx8fD1S0ID8y8yM=,1,1764793819,android,1,0,0,,0,,,0,,966551327969@c.us,,3aeb716203ef874db937b446e2d49b7bd02d9bab54321f815ab2d5524e356823.jpeg
,0,120363199265021169@g.us,96821900800032@lid,false_120363199265021169@g.us_A5EA0F4D30E41A4D54CB07EA4FBB492D_96821900800032@lid,"زياد فهد رفاعي الضباطي المطيري 
والده: +966555937998

أن شاء الله اننا وصلنا له",chat,,,,,,,,,,,,,,,,,,0,1764793847,android,0,0,0,,1,,,0,,966549696513@c.us,,
,0,120363199265021169@g.us,244306883391737@lid,false_120363199265021169@g.us_A511AF8C8B99C6F891D6ADE899938CE9_244306883391737@lid,"مرفت عوض الهباد
+966509913447",chat,,,,,,,,,,,,,,,,,,0,1764794139,android,0,0,0,,1,,,0,,966569165689@c.us,,
,0,120363199265021169@g.us,96821900800032@lid,false_120363199265021169@g.us_A5A717026A1876A35AD07FFFEF3BA041_96821900800032@lid,"تم التوصل لوالد زياد فهد رفاعي الضباطي المطيري - من أهل محافظة الرس بالقصيم ، ساكن الرياض 
+966555937998


جاري التأكد لعمل اللازم",chat,,,,,,,,,,,,,,,,,,0,1764794241,android,0,0,0,,1,,,0,,966549696513@c.us,,
,0,120363199265021169@g.us,244306883391737@lid,false_120363199265021169@g.us_A5CC70670B713C44264BBB7E57E59056_244306883391737@lid,"جاري حشر المعلومات",chat,,,,,,,,,,,,,,,,,,0,1764794277,android,0,0,0,,1,,,0,,966569165689@c.us,,
,0,120363199265021169@g.us,96821900800032@lid,false_120363199265021169@g.us_A5FBC61B080DF1B1642ABA6D8E9E7239_96821900800032@lid,"جاري الاتصال",chat,,,,,,,,,,,,,,,,,,0,1764794287,android,0,0,0,,1,,,0,,966549696513@c.us,,
,0,120363199265021169@g.us,96821900800032@lid,false_120363199265021169@g.us_A56696C9B78DC9146E1E1A730DCD05AE_96821900800032@lid,"علمني اذا يحتاج رتبت مع أهل سكاكا الجوف من معارفي، هي منهم",chat,,,,,,,,,,,,,,,,,,0,1764794462,android,0,0,0,,1,,,0,,966549696513@c.us,,
,0,120363199265021169@g.us,244306883391737@lid,false_120363199265021169@g.us_A53D4C44FEF0C741B05E6E3E540E3C50_244306883391737@lid,"قاعد اشرح لها باسحب الشريحه الان",chat,,,,,,,,,0,,,,,,,,,0,1764794674,android,0,0,0,,0,,,0,,966569165689@c.us,,
,0,120363199265021169@g.us,96821900800032@lid,false_120363199265021169@g.us_A5CA5401F140579B0E710DEBB7EC4357_96821900800032@lid,"كفو، قواك الله 

يارب 🤲🏻",chat,,,,,,,,,,,,,,,,,,0,1764794729,android,0,0,0,,1,,,0,,966549696513@c.us,,
,0,120363199265021169@g.us,180521938194629@lid,false_120363199265021169@g.us_AC454E54F91F95C74DFA9911B46BE4A7_180521938194629@lid,"",image,,,,,,,,,1,,,,,,,,QV/kpEhp+nwVcTgcYSrNw3BS3MeJGYnIPurm09DLIQ0=,1,1764794766,android,2,0,0,,0,,,0,,966530457851@c.us,,26a2704c9d9e29a63bbb83de6eee6feda61c13a543f27f8786b1d7bd57479327.jpeg
,0,120363199265021169@g.us,180521938194629@lid,false_120363199265021169@g.us_AC98A3D813AF7B2356331AC64EE647E6_180521938194629@lid,"",image,,,,,,,,,,,,,,,,,fgL5uyOIaAvh17HeSDsi9/MxduT8A6Nb9oFa5IW2PIo=,1,1764794772,android,0,0,0,,0,,,0,,966530457851@c.us,,58069d3b43115c5dced14d79fb5bc1b5636585cd7f3053b16e7c9e5932a77219.jpeg
,0,120363199265021169@g.us,244306883391737@lid,false_120363199265021169@g.us_A5849920937E36EE6874AC1339DD74D5_244306883391737@lid,"بنك دال 360


لمعه الشهراني 

SA5636036036040127507388",chat,,,,,,,,,1,,,,,,,,,0,1764794842,android,2,0,0,,0,,,0,,966569165689@c.us,,
,0,120363199265021169@g.us,244306883391737@lid,false_120363199265021169@g.us_A5E605AFC2A41A02A463E521ECA1C6DF_244306883391737@lid,"",image,,,,,,,,,1,,,,,,,,fhwqtZxJ8ic8cCe6BlVVOZlqYBbxw0pn3uw6PLSGa+I=,1,1764794842,android,127,0,0,,0,,,0,,966569165689@c.us,,a2cc23284a0240f5897b66bffa8f8e2a934d48f53c1a8987496dad6ff15b1119.jpeg
,0,120363199265021169@g.us,180521938194629@lid,false_120363199265021169@g.us_AC3EC9DE661DE59DEFC4E701CFA8FCB2_180521938194629@lid,@270793443385538,chat,,,,,,,,,,,,,,,,,,0,1764794972,android,0,0,0,,1,,,0,,966530457851@c.us,,
,0,120363199265021169@g.us,96821900800032@lid,false_120363199265021169@g.us_A55876E6F17C2B79B50509CBF2983836_96821900800032@lid,"عرفنا لعبة المحتال 

وعرفنا الخطة
أخذوا الآيبان حق زياد المطيري على أساس يشترون منه حسابات على الانستقرام 
لأن زياد يبيع حسابات انستقرام 

ويبون ينصبون على احد يخلونه يحول على حساب زياد، ويقولون له هذه قيمة الحساب وعطنياه 
ياخذون الحساب 

ويعقدون الشوش بين اللي حول على الحساب وبين زياد المطيري صاحب الحساب اللي يبيع حسابات انستقرام 


حركة خبيثة لعنهم الله",chat,,,,,,,,,,,,,,,,,,0,1764795229,android,0,0,0,,1,,,0,,966549696513@c.us,,
,0,120363199265021169@g.us,217287277723724@lid,false_120363199265021169@g.us_A5ED96C875AC98764235B0F9ECFD318E_217287277723724@lid,"حسبنا الله ونعم الوكيل فيهم",chat,,,,,,,,,,,,,,,,,,0,1764795295,android,0,0,0,,1,,,0,,966562540599@c.us,,
,0,120363199265021169@g.us,96821900800032@lid,false_120363199265021169@g.us_A548CF86F8DAAB933D4E16E2EBBA1D7F_96821900800032@lid,"الخبيث المحتال معه رقم إماراتي ومعه رقم سوري ورقم سعودي

يا قوة همتهم في الاحتيال واكل اموال الناس بالباطل لعنهم الله",chat,,,,,,,,,,,,,,,,,,0,1764795318,android,0,0,0,,1,,,0,,966549696513@c.us,,
,0,120363199265021169@g.us,244306883391737@lid,false_120363199265021169@g.us_A574B7B238AB8CA69A141F2A51408998_244306883391737@lid,"تم التواصل مع  مرفت بنت عوض عقيل الهباد 0509913447 
ضحية قرض وهمي 
مفتوح باسمها 
بنك انجاز 
بنك الأول حسابين  
البنك الأهلي
بنك الرياض
للشركة السعوديه للتمويل 
شريحة ياقوت 0582702773
تم سحب الشريحه وجاري تجميد الحسابات 
رقم النصاب 
0582560070",chat,,,,,,,,,,,,,,,,,,0,1764795516,android,0,0,0,,1,,,0,,966569165689@c.us,,
,0,120363199265021169@g.us,96821900800032@lid,false_120363199265021169@g.us_A50204E0A3B2ADC0F36B39985084BDDA_96821900800032@lid,"بيض الله وجهك",chat,,,,,,,,,,,,,,,,,,0,1764795587,android,0,0,0,,1,,,0,,966549696513@c.us,,
,0,120363199265021169@g.us,111815228919991@lid,false_120363199265021169@g.us_AC697D3C9E176DBE6038340482228962_111815228919991@lid,0581486151,chat,,,,,,,,,1,,,,,,,,,0,1764795659,android,1,0,0,,0,,,0,,966555492226@c.us,,
,0,120363199265021169@g.us,111815228919991@lid,false_120363199265021169@g.us_AC5DBA72C2F2670A278752BA9F9AE752_111815228919991@lid,"ذا رقم سعودي",chat,,,,,,,,,1,,,,,,,,,0,1764795660,android,1,0,0,,0,,,0,,966555492226@c.us,,
,0,120363199265021169@g.us,111815228919991@lid,false_120363199265021169@g.us_ACE5C81F545E798BD69F28673E7D6691_111815228919991@lid,"",image,,,,,,,,,1,,,,,,,,P66x93cwN7gE76MEoJGzGvtGxYBu22BeMXc4wWMKYio=,1,1764795660,android,1,0,0,,0,,,0,,966555492226@c.us,,da5061d02beab77d23e6babd5d7214f819a9b79ce86ae6039c33c9194eadb307.jpeg
,0,120363199265021169@g.us,111815228919991@lid,false_120363199265021169@g.us_ACE25059FF4F977139B8E41C856EFFC0_111815228919991@lid,"",image,,,,,,,,,1,,,,,,,,N/w9Y3VFd5QHva9JKLXmbBGJwhlo8dVpPKK9vPm8nto=,1,1764795660,android,1,0,0,,0,,,0,,966555492226@c.us,,44d01222e5933ed90d374b94e8ff8db258b9d1f3b25f5d6429945ea3234fa4d7.jpeg
,0,120363199265021169@g.us,111815228919991@lid,false_120363199265021169@g.us_ACAFFD04AC64BD264421F677E8AD0433_111815228919991@lid,"وذا حسابهم بحراج",chat,,,,,,,,,1,,,,,,,,,0,1764795661,android,1,0,0,,0,,,0,,966555492226@c.us,,
,0,120363199265021169@g.us,111815228919991@lid,false_120363199265021169@g.us_AC212AA04980BF0BAA3148A249F23463_111815228919991@lid,"الرقم يتصل",chat,,,,,,,,,,,,,,,,,,0,1764795668,android,0,0,0,,1,,,0,,966555492226@c.us,,
,0,120363199265021169@g.us,111815228919991@lid,false_120363199265021169@g.us_AC58580895F8A7BA9CBB44DCDAE0D9B0_111815228919991@lid,"هذا اللي يبي يشتري حساب الانستقرام من زياد فهد الضباطي المطيري",chat,,,,,,,,,,,,,,,,,,0,1764795697,android,0,0,0,,1,,,0,,966555492226@c.us,,
,0,120363199265021169@g.us,180521938194629@lid,false_120363199265021169@g.us_AC47CF0530F4CE9A2B8795D139F0BF31_180521938194629@lid,@248682951749656,chat,,,,,,,,,,,,,,,,,,0,1764795716,android,0,0,0,,1,,,0,,966530457851@c.us,,
,0,120363199265021169@g.us,143988828979381@lid,false_120363199265021169@g.us_3A8D7184ADD19E6B1A05_143988828979381@lid,"وهذا رقم اخوها *عقاب نايف الرويبي* توه وصلني 

0500878852",chat,,,,,,,,,,,,,,,,,,0,1764795831,ios,0,0,0,,1,,,0,,966543020001@c.us,,
,0,120363199265021169@g.us,96821900800032@lid,false_120363199265021169@g.us_A5740BA22C1B3A3FFC8E17DCB135BD7A_96821900800032@lid,"الحساب ل:
ندى بنت عبده بن حلبوب صقر


@244306883391737",chat,,,,,,,,,,,,,,,,,,0,1764795835,android,0,0,0,,1,,,0,,966549696513@c.us,,
,0,120363199265021169@g.us,244306883391737@lid,false_120363199265021169@g.us_A513CE323AC15BD291D40C5B8546BC9F_244306883391737@lid,"عبده حلبوب صقر
+966504759864",chat,,,,,,,,,,,,,,,,,,0,1764795947,android,0,0,0,,1,,,0,,966569165689@c.us,,
,0,120363199265021169@g.us,217287277723724@lid,false_120363199265021169@g.us_A580E208460EF276E0EEBFC10FA64502_217287277723724@lid,"بيض الله وجهك ابو ثامر 
شغالين على الإجراءات مع زوجها وعمها",chat,,,,,,,,,,,,,,,,,,0,1764795966,android,0,0,0,,1,,,0,,966562540599@c.us,,
,0,120363199265021169@g.us,143988828979381@lid,false_120363199265021169@g.us_3AE2EEE9AE7F2A679E67_143988828979381@lid,"الحمدلله 

بيض الله وجهك",chat,,,,,,,,,,,,,,,,,,0,1764795987,ios,0,0,0,,1,,,0,,966543020001@c.us,,
,0,120363199265021169@g.us,101537657434167@lid,false_120363199265021169@g.us_ACCEBAD7E197B4B367015EC349383D6B_101537657434167@lid,"مؤسسة بدر عيسى

SA6405000068206900778000

مصرف الإنماء",chat,,,,,,,,,0,,,,,,,,,0,1764796002,android,0,0,0,,0,,,0,,966551327969@c.us,,
,0,120363199265021169@g.us,101537657434167@lid,false_120363199265021169@g.us_AC0D49F0BEE033C377B974178B5900FA_101537657434167@lid,"👇",chat,,,,,,,,,0,,,,,,,,,0,1764796006,android,0,0,0,,0,,,0,,966551327969@c.us,,
,0,120363199265021169@g.us,217287277723724@lid,false_120363199265021169@g.us_A5838B1B739CD3B8EC32B4F9BF11B506_217287277723724@lid,"",sticker,,,,,,,,,,,,,,,,,akQ2VyEzEj7iKLHdSpgtmXsLkBimumtS9sVDNsSnPic=,1,1764796010,android,0,0,0,,1,,,0,,966562540599@c.us,,e45a23ea8c122d2ec516e707630dfb5510a85976620ccf514922ac0bdbdc6055.webp
,0,120363199265021169@g.us,96821900800032@lid,false_120363199265021169@g.us_A53D264948795A4C561B88036804F767_96821900800032@lid,"",sticker,,,,,,,,,,,,,,,,,KtC3zM0ZiAaihbJYICCUboZHtxZ823Lq0ZhRrlz1l6Q=,1,1764796013,android,0,0,0,,1,,,0,,966549696513@c.us,,9639e1c28956e325e727f8deb5183264c1b7220e32f47958d7c787ecb44daf67.webp
,0,120363199265021169@g.us,101537657434167@lid,false_120363199265021169@g.us_AC3EFA324987FDB78A666ACB002FA755_101537657434167@lid,"",image,,,,,,,,,1,,,,,,,,TUGn6LZtw2RmIfk1UMdSXbIUj2P4QyBiLuNcOIBT+jc=,1,1764796020,android,1,0,0,,0,,,0,,966551327969@c.us,,4afb6c7637e8a5f74ffa78798662efa7d1d9d706c149db306062547f32790b8b.jpeg
,0,120363199265021169@g.us,217287277723724@lid,false_120363199265021169@g.us_A5BD27D94C48287CCD35F64B96514536_217287277723724@lid,"",sticker,,,,,,,,,,,,,,,,,akQ2VyEzEj7iKLHdSpgtmXsLkBimumtS9sVDNsSnPic=,1,1764796035,android,0,0,0,,1,,,0,,966562540599@c.us,,002ee9d546f2a68930479bcd1bd7c30514a020ee269273d4468dd929fc63e52e.webp
,0,120363199265021169@g.us,232843145941179@lid,false_120363199265021169@g.us_3A04E6428191BEDF6F9E_232843145941179@lid,"جهود جبّاره الله يبيّض وجيهكم و يكتب أجركم",chat,,,,,,,,,0,,,,,,,,,0,1764796264,ios,0,0,0,,0,,,0,,966566222922@c.us,,
,0,120363199265021169@g.us,101537657434167@lid,false_120363199265021169@g.us_ACD303A3AEBDEB47BDD29101620E5CCA_101537657434167@lid,"الاخوان المتواجدين من البنوك 

مامعنا احد من مصرف الانماء ياليت يوصلون الحساب ويحتسبون الاجر 
كان معنا موظفه تنقل الحسابات وأنتقلت لمصرف آخر وأعتذرت عن نقلها",chat,,,,,,,,,,,,,,,,,,0,1764796375,android,0,0,0,,1,,,0,,966551327969@c.us,,
,0,120363199265021169@g.us,101537657434167@lid,false_120363199265021169@g.us_AC48106708C16D230E42F8555FE676A1_101537657434167@lid,"",image,,,,,,,,,1,,,,,,,,ZM83sxyopUNLEI0j3mfxH4pZBQVudP7cpxG1FuO2/ag=,1,1764796393,android,1,0,0,,0,,,0,,966551327969@c.us,,5f17631febbf89a607b39530d095c7ceacac06741b73c039da5ce98a71e8bf18.jpeg
,0,120363199265021169@g.us,96821900800032@lid,false_120363199265021169@g.us_A5C4FD481BDD6C881436205825A68072_96821900800032@lid,"لا أحد يكلمه
يقول عندي دنيا 
وليست ندى 

وبنته ماسبق طلب منها دخول للنفاذ",chat,,,,,,,,,,,,,,,,,,0,1764796428,android,0,0,0,,1,,,0,,966549696513@c.us,,
,0,120363199265021169@g.us,96821900800032@lid,false_120363199265021169@g.us_A5F01BA46259724C4E78766F0766B14D_96821900800032@lid,@248682951749656,chat,,,,,,,,,,,,,,,,,,0,1764796454,android,0,0,0,,1,,,0,,966549696513@c.us,,
,0,120363199265021169@g.us,143988828979381@lid,false_120363199265021169@g.us_3A5A4BA7B65737964080_143988828979381@lid,"صالحه سعد الحلي 
اتوقع رقمها 
0555244783",chat,,,,,,,,,,,,,,,,,,0,1764796473,ios,0,0,0,,1,,,0,,966543020001@c.us,,
,0,120363199265021169@g.us,96821900800032@lid,false_120363199265021169@g.us_A5949331A94EA675DA3101900FC777C6_96821900800032@lid,"خلاص الشخص وصلني لواحد شبيه اسمه يقول عنده بنت اسمها
 ندى عبده حلبوب صقر",chat,,,,,,,,,,,,,,,,,,0,1764796558,android,0,0,0,,1,,,0,,966549696513@c.us,,
,0,120363199265021169@g.us,244306883391737@lid,false_120363199265021169@g.us_A5F3F5EA44F1DE81916143F86D021A63_244306883391737@lid,"",image,,,,,,,,,1,,,,,,,,Swz8JPkHhplvj5evWTIqF47rFYQLeadLy68+Bz2tgSE=,1,1764796650,android,1,0,0,,0,,,0,,966569165689@c.us,,130ba88b94c0798231d76042b85c9af9c6ae3484cd70645a306547307cc83862.jpeg
,0,120363199265021169@g.us,244306883391737@lid,false_120363199265021169@g.us_A5D83F48652185DAE19CFC0FAED896A1_244306883391737@lid,"بنك الراجحي 
المورد البشرية للاستقدام
اسم المنفذ. فضل احمد حمودالسلعه

الايبان 
640000010006082660425",chat,,,,,,,,,1,,,,,,,,,0,1764796650,android,2,0,0,,0,,,0,,966569165689@c.us,,
,0,120363199265021169@g.us,143988828979381@lid,false_120363199265021169@g.us_3A4C3A3A3323274A690B_143988828979381@lid,"هذي وصلهم الخبر الي فاتح حسابات حسب المصادر انه يمني عندهم بالقريه بالقريه 
ولاعب لعبه 
بس لاسف رفضوا التواصل معي ويقال أنهم خلصوا امورهم",chat,,,,,,,,,,,,,,,,,,0,1764796770,ios,0,0,0,,1,,,0,,966543020001@c.us,,
,0,120363199265021169@g.us,96821900800032@lid,false_120363199265021169@g.us_A5E1CFCF797BC51A34470897E21AC1C5_96821900800032@lid,"تم التوصل لوالد ندى عبده حلبوب
0533780494

وجاري عمل اللازم",chat,,,,,,,,,,,,,,,,,,0,1764797222,android,0,0,0,,1,,,0,,966549696513@c.us,,
,0,120363199265021169@g.us,96821900800032@lid,false_120363199265021169@g.us_A5F1B3D2D8DDE01B04A34B25CB4AFBCC_96821900800032@lid,"وانتم كذلك 
اخوي هجاج 
وجميعنا مكملين لبعض 

واتمنى من الجميع الهمة، ودعمنا في زيادة عدد موظفي ادارات الاحتيال وادارات المخاطر في القطاع المصرفي والتمويلي في هذه المجموعة المباركة 

نحتاج:
الإنماء 
العربي
الأول 
تكمو 


وشركات التمويل الاخرى",chat,,,,,,,,,,,,,,,,,,0,1764797370,android,0,0,0,,1,,,0,,966549696513@c.us,,
,0,120363199265021169@g.us,270093330186392@lid,false_120363199265021169@g.us_3A04B49FDA6A11D53B1E_270093330186392@lid,"ارسل لهم رساله يبلغون على اليمني 
عندي واحد بلغ على راعي سكور المري قال ابي احتسب الاجر ولا يضلل المسلمين وينكبهم بالرغم نصحناه ونصحه ولا امتثل ولكن يبدوا أنه متعامل معهم ويضحي بالعالم نظير 200 ريال والمشكله انه ماهو صاحي  وموقفه خدماته ويجيب زباين وينشر في سنابه للمحتالين …",chat,,,,,,,,,,,,,,,,,,0,1764797407,ios,0,0,0,,1,,,0,,966555724070@c.us,,
,0,120363199265021169@g.us,96821900800032@lid,false_120363199265021169@g.us_A50768030860F34D77F842083C93A545_96821900800032@lid,"بلغوا وزارة الإعلام المرئي على حسابه هي بنفسها ترفع للبحث والتحري",chat,,,,,,,,,,,,,,,,,,0,1764797452,android,0,0,0,,1,,,0,,966549696513@c.us,,
,0,120363199265021169@g.us,270093330186392@lid,false_120363199265021169@g.us_3AB71A5FA516A09FDBE2_270093330186392@lid,"لهم رقم او موقع ؟",chat,,,,,,,,,,,,,,,,,,0,1764797513,ios,0,0,0,,1,,,0,,966555724070@c.us,,
,0,120363199265021169@g.us,101537657434167@lid,false_120363199265021169@g.us_AC10D2E01F992480E52971EE1D503C3F_101537657434167@lid,"",image,,,,,,,,,1,,,,,,,,VYhDZJYe6ednMVG02/eBxp9s0mpUAkusd0diYZ0v8Tg=,1,1764797531,android,2,0,0,,0,,,0,,966551327969@c.us,,e8c36ba3b027fd26b211e90e540743a7843186524b190d58110041efcfbb05ee.jpeg
,0,120363199265021169@g.us,96821900800032@lid,false_120363199265021169@g.us_A5D6EF1F03D89C7036A8AE59F949A6A0_96821900800032@lid,"ايه موقع ابحث عنه موجود",chat,,,,,,,,,,,,,,,,,,0,1764798108,android,0,0,0,,1,,,0,,966549696513@c.us,,
,0,120363199265021169@g.us,201962716950568@lid,false_120363199265021169@g.us_3AC86D4F7977001A20A0_201962716950568@lid,"",video,,,,,,,,,1,,,,,,,,AvxqRXPdjaocIRQj29iFKQXSszBaCM59+PAsq33Fj80=,1,1764798254,ios,1,0,0,,0,216,,0,,966551199885@c.us,,f448e17d2eb2a1554f6fc70b2bad04668f6f99a67902320618e5f11e1ce77931.mp4
,0,120363199265021169@g.us,244306883391737@lid,false_120363199265021169@g.us_A55270E018E0EE85C503FC03A67E2FB9_244306883391737@lid,"*مؤسسة مطرفه مروعى نجعى* 


*بنك السعودي الأول ( ساب )* 

SA2645000000695079715001

القرض مشتريات",chat,,,,,,,,,0,,,,,,,,,0,1764798256,android,0,0,0,,0,,,0,,966569165689@c.us,,
,0,120363199265021169@g.us,270093330186392@lid,false_120363199265021169@g.us_3A9E8FF262964EA6C5F9_270093330186392@lid,"🔴مريض نفسي من 12 سنه تم الوصول له عن طريق أخيه محمد علي بخيتان ال غرسه أتعبنا واتعب اخوه من مغرب معند الين كلمته يقول سحب الشريحه 🔴

بخيتان علي ال غرسه 
ضحيه تمويل وهمي من سلفه 

وجد باسمه : 
1- وثيقه العمل الحر 
2- شريحه ياقوت 
3- حساب بنكي من الراجحي 
4- حساب D360
والخافي اعظم ..
جاري مكالمه البنوك ..
 وبيرسلون لي رقم الهويه والشريحه لاحقا",chat,,,,,,,,,0,,,,,,,,,0,1764798521,ios,0,0,0,,0,,,0,,966555724070@c.us,,
,0,120363199265021169@g.us,270093330186392@lid,false_120363199265021169@g.us_3A87F2C8BDB156A5EE10_270093330186392@lid,"",sticker,,,,,,,,,,,,,,,,,h9UkicmNEwSy0Lac2vHNlFeXfxibtC/jixSZXGuymsc=,1,1764798521,ios,0,0,0,,1,,,0,,966555724070@c.us,,e9be7dda41f21d9dc2d4727d794bbfae5cd43f315ad73ace542bbdfdfb68aad0.webp
,0,120363199265021169@g.us,270093330186392@lid,false_120363199265021169@g.us_3A10788FEAA57A73BE80_270093330186392@lid,"،",chat,,,,,,,,,,,,,,,,,,0,1764798537,ios,0,0,0,,1,,,0,,966555724070@c.us,,
,0,120363199265021169@g.us,96821900800032@lid,false_120363199265021169@g.us_A57D457CC6121832EFFC4B0C4F63989F_96821900800032@lid,"",sticker,,,,,,,,,,,,,,,,,KtC3zM0ZiAaihbJYICCUboZHtxZ823Lq0ZhRrlz1l6Q=,1,1764799124,android,0,0,0,,1,,,0,,966549696513@c.us,,d526b3dda9d15b8a86db034f2f3ba1adaecc44e58f38e0ef797e66f5d70e265f.webp
,0,120363199265021169@g.us,108422288666822@lid,false_120363199265021169@g.us_A5603F2ECE787832CC6C5923F5054395_108422288666822@lid,"تم الوصول إليها.. 👍
من الأحساء 
استخدام حسابها وحسابات أخرى للتحويل و وعدوها بوظيفة ( محاسبة ) 🤨",chat,,,,,,,,,,,,,,,,,,0,1764799245,android,0,0,0,,1,,,0,,966599905195@c.us,,
,0,120363199265021169@g.us,270093330186392@lid,false_120363199265021169@g.us_3A6BFE3EEC95311626D1_270093330186392@lid,"",sticker,,,,,,,,,,,,,,,,,aO+ksA95HP8BsxUF/i5S1ja8TBR/GLHsZlSqZDMpXKU=,1,1764799376,ios,0,0,0,,1,,,0,,966555724070@c.us,,f66efeb04df88ef89505978e799fef99a8eefb91f33e97908f812f53ba9e3990.webp
,0,120363199265021169@g.us,96821900800032@lid,false_120363199265021169@g.us_A50A1E2B76B3BE4F3C1A1F8EA4188959_96821900800032@lid,"",sticker,,,,,,,,,,,,,,,,,KtC3zM0ZiAaihbJYICCUboZHtxZ823Lq0ZhRrlz1l6Q=,1,1764799410,android,0,0,0,,1,,,0,,966549696513@c.us,,9200a645c394d88d13d734f51c51542718a8f1519889b6b2c7f97395b98d6581.webp
,0,120363199265021169@g.us,96821900800032@lid,false_120363199265021169@g.us_A5E976EA0D355D6BEDA842131031B4BA_96821900800032@lid,"ابرار بنت منصور بن عيد ابوذراع الفاضلي البلوي",chat,,,,,,,,,1,,,,,,,,,0,1764799484,android,1,0,0,,0,,,0,,966549696513@c.us,,
,0,120363199265021169@g.us,96821900800032@lid,false_120363199265021169@g.us_A52384D65C793AEC28BA53F81D30BB63_96821900800032@lid,"",audio,,,,,,,,,1,,,,,,,,sBwE3S9WmIH+mK6ek5sz3iw6LIb/5eQPGpzx+6e+YFQ=,1,1764799485,android,2,0,0,,0,17,,0,,966549696513@c.us,,"a27f372b5e392774bc044151d9921f2d55a7292599160d9724292a94d88dda14.ogg; codecs=opus"
,0,120363199265021169@g.us,96821900800032@lid,false_120363199265021169@g.us_A52C2F6FDAF8136586B63601EE95B329_96821900800032@lid,"👆🏻👆🏻👆🏻👆🏻👆🏻👆🏻
البحث مستمر بين الانقاض الالكترونية",chat,,,,,,,,,,,,,,,,,,0,1764799516,android,0,0,0,,1,,,0,,966549696513@c.us,,
,0,120363199265021169@g.us,143988828979381@lid,false_120363199265021169@g.us_3A6350C1A71551E2F84A_143988828979381@lid,"المشكله الرجل معطيهم رقمي من يوم نزل حسابهم هنا واليوم راسلت واحد في حفر الباطن وبلغني انه وصلهم وقالو له ان عندهم خبر 
رجعت أنا لصاحبي الاول وهو استغرب أنهم ما تواصلو معي وبلغني في قصة اليميني وأنه فاتح حسابات. ناس عندهم 
وانا كنت اعمل في نفس القريه قبل عشرين سنه يعرفوني اهل القريه",chat,,,,,,,,,,,,,,,,,,0,1764799661,ios,0,0,0,,1,,,0,,966543020001@c.us,,
,0,120363199265021169@g.us,108422288666822@lid,false_120363199265021169@g.us_A5B6E8A67624A1E9AE42877641FD9406_108422288666822@lid,"تم الوصول إلى:
 *فاطمة مصطفى سلمان الموسوي* 
رقم والدها : *0503918793* 
من الأحساء 
النشاط الإحتيالي: محاسبة في شركة جدارة 
استخرج عليها المحتال عدة حسابات بنكية بالإضافة الى حسابها في بنك الرياض ، ومنها :
البنك العربي عدد 2
الراجحي
برق وغيرها ...

تم توجيههم باتخاذ الإجراءات والخطوات اللازمة ومنها تجميد الحسابات و بلاغ الشرطة ..
أرقام المحتال : 
 *0544522941* 
 *0581746417* 
 *0545806947*",chat,,,,,,,,,0,,,,,,,,,0,1764800440,android,0,0,0,,0,,,0,,966599905195@c.us,,
,0,120363199265021169@g.us,96821900800032@lid,false_120363199265021169@g.us_A5ECAE24AA4F2CCA2643A9F7A033E6AF_96821900800032@lid,"",sticker,,,,,,,,,0,,,,,,,,67j4g7mWwIcYRweaETVtEb9upIN4Zatuw/FsfXqZ5QQ=,1,1764801776,android,0,0,0,,0,,,0,,966549696513@c.us,,bd245be933bc1990db3993117ec971edc65a3d0d277ab87c5dca49da1550f2c8.webp
,0,120363199265021169@g.us,96821900800032@lid,false_120363199265021169@g.us_A560BD2FD5CC93AA34092BEFE44FE6F0_96821900800032@lid,"🛑إعلان🛑

نفيد الاخوة الكرام في فريقنا التطوعي السعودي لمكافحة الاحتيال - المبارك..

أن الاستاذ: محمد الحميدي في اليسر للتمويل، وهو معنا في هذه المجموعة المباركة، قد انتقل عمله إلى شركة تمام للتمويل...
وهو مستمر معنا هنا لوقف نزيف الأموال التي تذهب الى شرذمة الاحتيال...

نسأل الله جلت قدرته، أن يوفقه في عمله الجديد بين إخوانه الفضلاء في شركة تمام 


اخونا محمد الحميدي
👇🏻👇🏻👇🏻👇🏻👇🏻👇🏻👇🏻
@185383774097478",chat,,,,,,,,,,,,,,,,,,0,1764801983,android,0,0,0,,1,,,0,,966549696513@c.us,,
,0,120363199265021169@g.us,185383774097478@lid,false_120363199265021169@g.us_3A93EA3EB97B5B0E0238_185383774097478@lid,"🙏🏻🙏🏻",chat,,,,,,,,,,,,,,,,,,0,1764802214,ios,0,0,0,,1,,,0,,966570007320@c.us,,
,0,120363199265021169@g.us,185383774097478@lid,false_120363199265021169@g.us_3A27A37C09340D883240_185383774097478@lid,"قواكم الله والله يقدرنا ونكون سبب في ايقاف النزيف 🙏🏻",chat,,,,,,,,,0,,,,,,,,,0,1764802275,ios,0,0,0,,0,,,0,,966570007320@c.us,,
,0,120363199265021169@g.us,96821900800032@lid,false_120363199265021169@g.us_A544C487CBB89D260025E3C362996E8F_96821900800032@lid,"",sticker,,,,,,,,,,,,,,,,,zlEvdDLea05jhrfMBDmiYsI81+gu4sZEVEsjU2ujuJs=,1,1764802276,android,0,0,0,,1,,,0,,966549696513@c.us,,fc7a3f42759ace654a44f9051ab94d86e6e065198a75b92a39c10de9abdf35a8.webp
,0,120363199265021169@g.us,96821900800032@lid,false_120363199265021169@g.us_A536087A8DCA16B493D4CA7DF2693C57_96821900800032@lid,"انتم قدها ، وكفو 
الله لا يخلينا منكم، انت والجميع الموجودين هنا",chat,,,,,,,,,,,,,,,,,,0,1764802313,android,0,0,0,,1,,,0,,966549696513@c.us,,
,0,120363199265021169@g.us,185383774097478@lid,false_120363199265021169@g.us_3A87B5B46E8D1AF85683_185383774097478@lid,"كفوك الطيب يابعدي",chat,,,,,,,,,0,,,,,,,,,0,1764802329,ios,0,0,0,,0,,,0,,966570007320@c.us,,
,0,120363199265021169@g.us,96821900800032@lid,false_120363199265021169@g.us_A57BBBC1A3B6ABA06D47025CAB6252AF_96821900800032@lid,"0583752556
0581705158",chat,,,,,,,,,0,,,,,,,,,0,1764804006,android,0,0,0,,0,,,0,,966549696513@c.us,,
,0,120363199265021169@g.us,96821900800032@lid,false_120363199265021169@g.us_A514E7678857957D8CE093817DA19C4B_96821900800032@lid,"عليها حسابات والضحية معي الآن 
ندى عبده حلبوب صقر",chat,,,,,,,,,,,,,,,,,,0,1764804038,android,0,0,0,,1,,,0,,966549696513@c.us,,
,0,120363199265021169@g.us,244306883391737@lid,false_120363199265021169@g.us_A5FF40593D2D7CA2DE5C94846855E658_244306883391737@lid,"",sticker,,,,,,,,,,,,,,,,,xRmnP7zVA6TiIxq6ozwI92LQGM2mGXPo0NYlZgpzhTU=,1,1764804069,android,0,0,0,,1,,,0,,966569165689@c.us,,11d62a9cb0d20570fabe83b7bf84225f744436f046d92bce1e5844fbae994e70.webp
,0,120363199265021169@g.us,96821900800032@lid,false_120363199265021169@g.us_A500D56351D1B5755B47533C4A8D4622_96821900800032@lid,"",sticker,,,,,,,,,,,,,,,,,EmAD+l+LVA/do5OYiR+464gXn75/ElJQMPf+ZTMW4ME=,1,1764807403,android,0,0,0,,1,,,0,,966549696513@c.us,,a875c62e3130d926163090e101ec09d61de7907bc40b647cf22e26908d214af6.webp
,0,120363199265021169@g.us,96821900800032@lid,false_120363199265021169@g.us_A5DCDD1997D8D39973CF5E53BB193D52_96821900800032@lid,"",sticker,,,,,,,,,,,,,,,,,WW+w0B9jdltjAu8Adm3kvIHYNWRBtk3PIzV0/rNOGf4=,1,1764807414,android,0,0,0,,1,,,0,,966549696513@c.us,,6cac22deb77c03e4bf6d5c2ec10ab5f7c2ec696c09691560c9eec6aa1dff2af6.webp
,0,120363199265021169@g.us,96821900800032@lid,false_120363199265021169@g.us_A5A69BF24809C6D9B69CFD41F3A2CF49_96821900800032@lid,"🛑تم سحب الشريحة، وتم ضرب الحسابات البنكية🛑
تم التوصل ل ندى عبده حلبوب صقر 
ضحية تمويل وهمي عبر إعلان في التيك توك لنية شراء جوال
التنسيق مع والدها: 0533780494

مفتوح باسمها التالي:
شريحتان من ياقوت، برقمي:
0583752556
0581705158
* بنك الرياض 
* البنك الأهلي ٣ مرات
* بنك العربي 
* محفظة يورباي الراجحي
* محفظة تكمو العربي 
* محفظة برق العربي
* محفظة موبايلي باي 
* دخول ناجز


🐕‍🦺 رقم المحتال:
0545499621
0593656250",chat,,,,,,,,,,,,,,,,,,0,1764807421,android,0,0,0,,1,,,0,,966549696513@c.us,,
,0,120363199265021169@g.us,96821900800032@lid,false_120363199265021169@g.us_A5695CAA8F640A232380B8DAED6276FA_96821900800032@lid,"",sticker,,,,,,,,,,,,,,,,,sKwvo5Hn+6HUsts8P58fPCOfvhf7znY7T2+H6MOrU7I=,1,1764807435,android,0,0,0,,1,,,0,,966549696513@c.us,,69537ccb3d77b1cd31e81072dd510455ee67284266340c886007d13e8e5e6e42.webp
,0,120363199265021169@g.us,96821900800032@lid,false_120363199265021169@g.us_A57A3DD17AA637300A0ADA7A18A01E13_96821900800032@lid,"ههههههههه
معطنا الشريحتين من المحتال 

وقام يتصل بالبنت الكلب",chat,,,,,,,,,,,,,,,,,,0,1764807548,android,0,0,0,,1,,,0,,966549696513@c.us,,
,0,120363199265021169@g.us,96821900800032@lid,false_120363199265021169@g.us_A570089BDAB9890CD42E5594F9EC9B08_96821900800032@lid,"كنك ماصع منه الحبل السري ابن الكلب",chat,,,,,,,,,0,,,,,,,,,0,1764807566,android,0,0,0,,0,,,0,,966549696513@c.us,,
,0,120363199265021169@g.us,244306883391737@lid,false_120363199265021169@g.us_A56CF35D52DECB11885CBE19363D40F7_244306883391737@lid,"",image,,,,,,,,,1,,,,,,,,moJRbMMNmGX4W62ti2P5H16Z8+0j8/D/YDqHZzN+h8M=,1,1764807636,android,3,0,0,,0,,,0,,966569165689@c.us,,eeed7d8f27d9743868d1d9ea0016f82f6f8806de81aacb6c48457d5413aca0f3.jpeg
,0,120363199265021169@g.us,244306883391737@lid,false_120363199265021169@g.us_A5BD758A64E61660A3B62E40C59D7E8D_244306883391737@lid,"بنك الانماء 

رياض عبدالله بن ابراهيم المطير

SA3305000068204982835000",chat,,,,,,,,,1,,,,,,,,,0,1764807637,android,4,0,0,,0,,,0,,966569165689@c.us,,
,0,120363199265021169@g.us,96821900800032@lid,false_120363199265021169@g.us_A5EFB344648257AE2F9D1719C2B6D405_96821900800032@lid,@248682951749656,chat,,,,,,,,,,,,,,,,,,0,1764807914,android,0,0,0,,1,,,0,,966549696513@c.us,,
,0,120363199265021169@g.us,111815228919991@lid,false_120363199265021169@g.us_AC742BA8B1352A641A53C000A0ABA38C_111815228919991@lid,"",image,,,,,,,,,1,,,,,,,,hp46QCcxBy/QhcTsbvmP0Bwuimu/ZHObmXMSPe2+Bdw=,1,1764808199,android,2,0,0,,0,,,0,,966555492226@c.us,,b1fc361bbd853830e4fcc5182058d490b2bedbb5116f015a8b8209bd808363bc.jpeg
,0,120363199265021169@g.us,111815228919991@lid,false_120363199265021169@g.us_ACD1E9E99A2E5DC389B651C634FC5149_111815228919991@lid,"",image,,,,,,,,,1,,,,,,,,60Br3ptlxwkUxj+uM2Y4ZIQj+sxBeUzkqRNnOAln6fo=,1,1764808199,android,2,0,0,,0,,,0,,966555492226@c.us,,bed00cb97fca854a6c465b7151688d1abfe0407f2ba62fed14262e6e2deb15fd.jpeg
,0,120363199265021169@g.us,111815228919991@lid,false_120363199265021169@g.us_ACA06C9990DDDD0955E4F5B4343B1E86_111815228919991@lid,"",image,,,,,,,,,1,,,,,,,,7rRQm/98EOqhVQPjmxBy0Vq4Ki/IlKO5PPK15mAZJJM=,1,1764808932,android,2,0,0,,0,,,0,,966555492226@c.us,,4eadd90d7f8dfad9588ebd920be9dad8db268e542723f6000de487436d32e207.jpeg
,0,120363199265021169@g.us,111815228919991@lid,false_120363199265021169@g.us_AC31499B63E5CB2FB70A15391832F93C_111815228919991@lid,"",image,,,,,,,,,1,,,,,,,,Slhjx0jiHy2pi9N9a26/hRE+AMBfxNhRDU7t/1Afjmc=,1,1764808932,android,2,0,0,,0,,,0,,966555492226@c.us,,edaefddfb9132cf14cc6a20326f61999d4565b73860ac7681dc44152a6dadd3a.jpeg
,0,120363199265021169@g.us,111815228919991@lid,false_120363199265021169@g.us_ACABCC4CEC5D701B870ED67D68615298_111815228919991@lid,"بنك الانماء 

هشام امين قاسم

رقم الحساب:
68205293409001

آيبان:
SA0705000068205293409001",chat,,,,,,,,,,,,,,,,,,0,1764809074,android,0,0,0,,1,,,0,,966555492226@c.us,,
,0,120363199265021169@g.us,249653647913137@lid,false_120363199265021169@g.us_AC620E28078E518F63C4E52F6EFD7FD2_249653647913137@lid,"",image,,,,,,,,,1,,,,,,,,LDY2Zys45X5PNWmcMghqfaWLdKASo6yW43xeE7QpFvs=,1,1764819500,android,1,0,0,,0,,,0,,966546897651@c.us,,bfa3962b1dd1660ecbcd692001f63264c0f7f26655482473ee18e1896af9142d.jpeg
,0,120363199265021169@g.us,249653647913137@lid,false_120363199265021169@g.us_AC8F26CAE320E8AC8E9BF4F4CA0273E0_249653647913137@lid,"تغريد بنت جبران فرج البيشي
 
077020110006083982181
رقم الايبان
SA03 8000 0857 6081 1398 2181
بنك الراجحي",chat,,,,,,,,,1,,,,,,,,,0,1764819500,android,1,0,0,,0,,,0,,966546897651@c.us,,
,0,120363199265021169@g.us,249653647913137@lid,false_120363199265021169@g.us_ACA8CB38C87623E0460FB0753306475E_249653647913137@lid,"",image,,,,,,,,,,,,,,,,,CmvgGrTzgFaqBImOnePlIo/j1720Bf45Kq+Aey+yvmE=,1,1764819519,android,0,0,0,,0,,,0,,966546897651@c.us,,dc113ed76c6865193cc2c038ca9a547cbe37ede8b2a4ce4e54a9336fb3fd73c0.jpeg
,0,120363199265021169@g.us,35519480246406@lid,false_120363199265021169@g.us_ACA2C0F83CF0B7337A42C070AB5F915F_35519480246406@lid,https://x.com/MoneefMonef1/status/1996113490814304701?t=0t_6OMzPvdAyAKRBVAdOxg&s=08,chat,,,,,,,,,0,,,,,,,,49IRE0YYAEMtih4oBeULVNU0A0tKnjeYFIUFfuPWTig=,0,1764819528,android,0,0,0,,0,,,0,,966551818618@c.us,,
,0,120363199265021169@g.us,141463388176551@lid,false_120363199265021169@g.us_ACD898628CD30AADBDCA322370262ADD_141463388176551@lid,"👇👇👇",chat,,,,,,,,,0,,,,,,,,,0,1764831190,android,0,0,0,,0,,,0,,966506565369@c.us,,
,0,120363199265021169@g.us,141463388176551@lid,false_120363199265021169@g.us_ACAEC8E061F6684AA081ADD8980C6356_141463388176551@lid,"*نصاب جمعية المتقاعدين*
*سداد تسجيل جمعيه التقاعدين*


*يورباي الراجحي*
SA6980202831246222121014",image,,,,,,,,,,,,,,,,,KClXolPGyQs9Z8BB3Pal08HHVWNl60W38LJznVgyrwc=,1,1764831252,android,0,0,0,,0,,,0,,966506565369@c.us,,bdc45c6a13043682cb5d16f791f3d853621f046c5350eed62fd7554aad55b308.jpeg
,0,120363199265021169@g.us,143988828979381@lid,false_120363199265021169@g.us_3AAE39D76D37CDD71A03_143988828979381@lid,"ارقام المحتالين الذين فتحوا حسابات ضحيا وتم التوصل لهم يوم الأربعاء 
1. 0598594887
2. ⁠0582560070
3. ⁠0583080689
4. ⁠0597079188
5. ⁠0580572062
6. ⁠0580572062",chat,,,,,,,,,0,,,,,,,,,0,1764838496,ios,0,0,0,,0,,,0,,966543020001@c.us,,
,0,120363199265021169@g.us,143988828979381@lid,false_120363199265021169@g.us_3A9E37263268A2B8140D_143988828979381@lid,"نامل من الإخوان في البنوك تطبيق ادارة المخاطر ؏ـلـَـى هذي الارقام قد يكون مرتبط بها حسابات بنكيه او بطاقات ائتمانيه",chat,,,,,,,,,,,,,,,,,,0,1764838629,ios,0,0,0,,1,,,0,,966543020001@c.us,,
