mid,ibans,national_ids,sadad_bills,sadad_types
A532A1F51323FB9862FFD3101A602B49,,,,
A567DA2A3C48918020C7EC0FE363BEA5,,,,
A52E18DBA36FFFC6AC0B6E2BC35C7B70,,,,
A50618196484526C156E0E90B4E2F1BC,SA7245000000070394721001,,,
A5DAC75DDDAD8705C2BB78056048F066,,,,
A5D21725B164BA8EA26FC3E9D8D21F79,SA8480000596608016145799,,,
A56A8AF1757C8287D28113401AFEE83C,,,,
A5E049035B2E77298ADE728F071AD1E6,,,,
A5DB40FA17004FA163A5E43F3778A464,,,,
ACBA00D478F6D42B8AB5101E7CE4E9A1,,,,
ACA1287B105D950D4535150B7498A8BA,SA3605000010011708092587,,,
AC34CA3F8AB34A69E7A59F32FC62CD25,,,,
AC50F1798FE92DC8D66C89171609F0D0,SA2230100991100089425753,,,
ACC43BE66C5E926576FB18C28C9E7A35,SA3315000007777187310008,,,
ACB019A3D0BE45C918FC2E3B68B452A9,SA8260100000682191320001,,,
AC4D6D8A9693D0F31EF130B600B5C221,SA0280000315608016067720,,,
A5F9847B3090B0F6F13A52791C631959,,,,
ACC361F67CD355965F54BCBAB03A13B5,,,,
AC479FC23ED51E1ADD28D947B9F451D3,SA9530400108037992350012,,,
AC131D0696AECB8CCCD08BB61D4CE5B8,SA5436036036065511196864,,,
AC9B71A465FB867355EACA31859D9A02,SA6130100991105357989557,,,
ACFD4A91F29407FD9D99DDBA0B845F64,,,,
ACAA8175397754F95FBAA93AAC04A921,,,,
AC98EF641CE4E9F5501566B116727C4F,,,,
AC9789AE498284F08104D30119FFB495,SA0280000315608016067720,,,
3A4083F89AA112C8ADEC,,,10430172,134
3AAC8536F3308D44E386,,,,
3A6A32A895F6D4F485FE,,,,
ACEA2429680440021C9EBBBF0C800888,SA0280000315608016067720,,,
AC08250E3CABAF26C75494ED01DCF34B,SA4580000676608016008156,,,
A52A1F6825F3AFD81B9AD48296ABF40D,,,,
AC6ACA93DF01FAC3644720F51EC3CFB0,,,,
ACF17DD59181866F49F7B4A8F31B4E2B,,,,
A5CE31BB61305C7A706A50F073BFFEEE,,1054430622,,
ACB1F9A17B04BE5FF487B6F42EC97398,SA0280000315608016067720,,,
ACB33E2136863CF89A2DD518960159BB,SA4580000327608010626683,,,
AC4F91DE11DEC3FBB7AEF3E785FDD2D7,SA9230100829244866950112,,,
A5CC77B07FA17AEA0A158114A587DA42,,,,
A5D0FB11C1835B80ED538FF74927A37E,SA0280000315608016067720,,,
ACAD2D711302A1BDACE4F0F32C287F04,,,,
ACF06F396BB0A9529633691B0F44A6FC,SA2490000000029901637956,,,
AC89C723DAF2AC489DB3191957608613,,,,
ACD3072C65170B96303E69DD418FCA5B,,,,
AC26E72769CA05D39D2EF8FB5EC7CB32,SA7110000028852224000105,,,
AC5D5AE37C5946F097FE423DD3E2E89E,SA0280000315608016067720,,,
AC710D9881942EC8EA77262966824413,SA8280208065362222121013,,,
ACCA25710224BEB5DD23B93014483EA5,SA4760100000682173147002,,,
3AF139B6646A06B57654,,,,
AC4E6EFCD650CD619B6950EE98DEF326,SA4080000596608016145815,,,
AC7193CF4005CC635B358EBE34534C92,SA7280000154608016200028,,,
A5193583223F88A8117BC1450057B36A,,,,
A5FC1AF8A76C61B78A4D59AB747CBD77,,,,
ACA7B08BF18E8C4FF3179034E12854FF,SA6115000007777187080002,,,
A55FF059186C3BE22E5D8E679849566D,,,,
ACFFF15F7C39FEEDC1B5F2FD5CBFBF7B,SA3945000000815316096001,,,
A5D95E287BDE3F0E63563DA00F2BB998,SA5180000655608016102897,,,
A5204AF0C10BD51E787EACABF9F68BF2,,,,
ACA78FAD5B15CDE4BECF718840B4B792,SA3880000376608010083778,,,
AC2D207BF93B48211D87B90B019B4FCF,SA4880000308608010567633,,,
ACA5568586A75784E91548B5399A311B,SA3615000900145364460008,,,
AC0A8686DA9AAB7CDC725894B96F592B,,,,
AC53747FAA217645D401F18444A947B0,SA8436036036047088702572,,,
ACD8925E1C0948A810274D68C1BA40FA,,,,
AC9054CD1CE3996AEB50FAF300ACF442,SA4130100974017218152642,,,
AC15798DFDFE1F06CC724933BBE67D1A,SA1880208065450222121016,,,
AC8ADA01FF819B3B499B47536702D55D,SA8330100974017217918698,,,
A5E082ED07F8E4510614B8E3ED6287D0,,,,
AC9B2378589D91F89F297E4EA3078673,SA8330100974017217918698,,,
A595CE3CE58306DC23383BDB64DA4A9F,,,,
AC5E2900A41EFB79EBFF3422B1C2714E,SA2880208066626222121010,,,
ACA67D84D5C9A37ABB9F28A460B5959D,SA4680000263608016561609,,,
ACA972B4C0BA4284CBE5178C51F6979F,SA1080208066644222121013,,,
AC9794F4D60AEBA3814C6BA7DD839E6C,SA4680000694608017300345,,,
AC5AAF7AFC3D8C1F16B2FCB43A0B9707,SA3220000003406993099940,,,
A5CB9A9FC26A9800CE67E99A5C36C56B,,,,
AC98E772687E49A224E32C2C3E82D275,SA7580000625608016097466,,,
AC5022A78E86A55F981732A722A89361,SA5480208042539222121014,,,
ACA144C6AA2260F445948A3137C863C5,,,,
ACFB4FA8519C7FDB6A7AF31BF76E1A53,SA0630100974017217600081,,,
AC05F2777D69D6B3EB5C23EC76CAB360,SA7115000568691625850007,,,
AC88293AE1EE230CA02571ED1FD6A804,,,,
ACA785F3551FE390C0148A4ED2831390,SA7115000568691625850007,,,
AC2EC619C5EF02FB1B6B968B54575F30,SA8580000866608018336315,,,
AC403043C336CD86A27CFC3D1DB5DAD4,SA2010000011100132884010,,,
AC15552EA79D8041634FA823761AA27B,SA1080000154608016200077,,,
AC19F4B85E7BA46E5BCB2B98A40603A5,,,,
ACF8459A8B23B3951FC9CA74FD748520,SA3180208066436222121014,,,
AC14F6A326A6DFD3CFD87A577B6B97F9,SA4760100000682173147002,,,
AC35A2F41130DF3661627C7B8A5659E5,,,,
A540E63B9583A282E3459C375AAAED67,,,,
A59ADEB07E5CA5D84196AC25A0F55BD4,,,,
A52FFDD7BF275334E10B4D513BC49565,,,,
A5D2DD2432058E46636BCDEACDFC816C,,,,
AC63B035F9EB78CDFF280EF0FBC5F978,SA3330100991101792364539,,,
A5A9486984BD63A6EEE6847B9D0601EC,,,,
AC18567B2C6C6AEF2A516AFEF7580119,SA3180000167608010930591,,,
A551999544A708D4C5E8D67DC275E430,,,,
AC7CF00989347E27236D937ED9C5FEE0,SA4205000068206580536000,,,
A5DF41B4031A34685B4578ECFE28D28B,,,,
3AA5CD2D52548279DE99,,,,
3A74C79DF5A16B4A972B,SA8136036036081145763854,,,
ACCFEA52C7725D207DB401EFE6348C64,SA0280000183608010406998,,,
A53C238C07D0A6A500B5ED04B2A251A8,,,,
AC3486774577AD6CE2AF4322383EFB26,SA2836036036088668017323,,,
AC2EDEAC5A36A3F8F1DD0418184CC259,SA3980201493278222121018,,,
AC57B6760ECDF874CEBF6CE2B8AAF47D,,,,
A52950206C6A9F6A711EFBD6AB12DB4E,,,,
A532142F3DB62FB278049BC202557F81,,,,
AC3A605455097DA132D3AE9A52E927E6,,,,
AC1326AE07A8F9DA1FB8380359CFBDAC,SA5180000655608016102897,,,
AC958685D1E9D23CC5E0733E073D56FE,,,,
A594EA061D613E2C2817DFC563E384C6,,,,
AC01675084301932B2F359117576A491,SA7480000487608015560602,,,
ACF6142B93474A16908D3BD373EDED0B,SA1980208053002222121019,,,
ACD373C25AD4431F6E1FE0ABDECB86EB,,,,
AC44286270E655B4E340E2DFAF2F7FFF,SA2980000858608013100305,,,
A569138FCF4DEA02E1233E136B19ADB1,,,,
AC81DCBC5B85C87F7D9D2BE4B7A1102D,SA1130100991102705085950,,,
A56374DE04D6CD241C7B48065A5F29A9,,,,
A5E6CD31148DFBC823059C2F6DC4B86B,,,,
A5DAB5E31EF1B4A484C78621F06CD58B,,,,
A5AAF89B8696A091C8AC9B6BEA0A42FD,,,,
A58B40DE828A2C2A56339DD9709BC049,,,,
AC51994717DB992B997E13ECD0D8B9AC,,,,
AC195F45619B6EB11D87942B3B0BBC03,SA3305000068204982835000,,,
AC19470CA62C308B5DA073EF73E90A18,SA8036036036015854108907,,,
ACF34D2870E8BF247A5C3AA4BA8A196D,,,,
A50E3BF66BF48C5665D2FC673021E00F,,,,
A59DCFFD505CBD8418F079C1D7883A67,,,,
AC362257F16B9BE24A33515DBC769C58,,,,
AC6C1E6E2DED2577AA00D8FFEC1D1E44,SA8536036036014704708578,,,
ACBD0107E92C9A89A6F42B62DC6AF415,,,,
A5265A64334CC98222E80D071D5E9130,,,,
A5C5FB86D34B02D9AFA593F8CF66E96D,SA7480000487608015560602,,,
A58E9A816198DE6AA0EEEA55D043E3D9,SA7480000487608015560602,,,
A572992064AB5DA060E6EEF40037A8B2,,,,
A54BB4F1339E95663B53BA117294A569,,,,
3AB7E67D3252FB7AEBDE,,,,
AC3279299349EEDE09AFB6C008AF7AED,,,,
A50D73EB38AB9001ABC4E368AAC5E963,,,,
3A96234F1EEF8173C520,SA7480000487608015560602,,,
AC3101BAEF49A7B9EDC83A3FCC014BE8,,,,
A511FD66319961E6E71B46D4F74DF70F,,,,
AC30F6BAB0BB819F08A8635467458503,SA4680000694608017300345,,,
AC6EEF49CB2AB25FE8C2BEFEEC4BF14B,SA7005000068206625220001,,,
AC37D85AA6B22728CA0E3851B8EC955C,SA5080000198608010944025,,,
AC8466D84A70CA42A960FF887035877D,,,,
ACE1149B47FA1794B9DFCA1204C0F7B7,,,,
AC645389B18A2E09AF4650CF02368953,SA9205000068206894204000,,,
A56A3A92420704A515350A30779D5CB1,,,,
ACFADD2D2265FEBB8314395E37D6F99F,SA8110000062511997000200,,,
AC5BE3E8F8B420A528A8FEF5A88D061D,SA9836036036068354711787,,,
A589E88EBBAD47AE58C18B6C1EAC513D,,,,
AC4EE49268F8F554F401248855456DB6,SA3430100974017218182838,,,
3A5F215CC177FA681A1F,,,,
3AD72CE66B51665F467A,SA3220000003406993099940,,,
3AEEAAAFB075230BE28D,SA4510000020200000177502,,,
AC91F828D4F06E27BE2BCADFDEB249A6,,,,
3A4B11CC62CC0B280D48,,,,
ACDE3B51F1141BC432657AFBD9BB98BA,,,,
AC8DC297C894C04FA76EB232814ADB6D,,,,
AC15749D44380536F4586E8F46511F85,SA1010000001400034212007,,,
AC2AD28F1F0D80ACC15DC51AB04C6DFE,,,,
AC85791DD7582271CEDB70605D47B143,,,,
AC7261C17F7C5C2894109F79BE7166F4,SA7930100806623383524560,,,
ACB5BC013F5A27BF2C6F3EFBE74B4043,,,,
ACF73D16DE962227D61C31A82CA97EC8,SA7380000501608010061475,,,
AC347D35F1AAB3ACE30D9F51825CC1F1,,,,
AC9A1315FE893CB53F376A8643B07538,,,,
ACBF0A1EBC93A184EDA7734EB22C1976,,,,
ACC205972CF77E7E58BC7941EE85F80E,SA5660100001182195703001,,,
AC6CCCA625CD68788758320F96B1987C,SA9110000062300163860905,,,
AC5C6FEC149585704444FFBA5023D30F,SA5230100947001300176568,,,
AC410AA4FA4D147EB08E4B2FF6A1927A,SA9110000062300163860905,,,
A50640A7466CB7167915B5A52110AF55,,,,
A59B00361CE9EC032A266D113186458F,,,,
AC8F7D6B3D3C066446D7A41C594C3967,SA4560100033682201317001,,,
A50FC36081E44EF3720D95C6FFF32E25,,,,
ACAFD709B2CBBF2B8F36D7F0FF8CBC08,SA3280000154608016200069,,,
AC54A77B25561BA12B4BDBC9EC8CC16F,SA7605000068206715559000,,,
AC56F47C39FB0D7871EA3FCD4A3CC96F,SA8080000482608016168061,,,
ACAB2374BC0CED0EC75F7BCA86615ABB,,,,
AC585DF90AEA95AFCCFB7FE7135AA19A,SA8080000482608016168061,,,
A50D17EABCF3C73B955F1747A022273C,SA8080000482608016168061,,,
AC18FE37D60D541BC44B1F2C4A6E5012,SA1830100991109315748053,,,
AC31F79688412832EE5D6376DDA91A10,SA0805000068206902868000,,,
A52C9967A037FECE1D5F9AF2883AD201,,,,
A57851391F371586B4CB66E2B78E52D0,,,,
AC720FD384249F85DFAA86C64FE8149F,SA2780000539608019595503,,,
ACD1E04B95BB169C10556A8B86720328,SA3105000010011712338561,,,
A59EDDFC1B785752639CDFEF8FA790EC,,,,
AC8346818EE2D05BBF89026B9E37E0A4,SA2280000865608014999729,,,
ACE91090E375540E17E653A4FB14BABF,SA9205000068206894204000,,,
ACAA413CF62AB6324CF62AB83B49F366,SA7380000455608010422772,,,
A5EC7992E8510EB430BCF0443EFB00A4,,,,
AC3C9DA7F2AD06EF2612BAD49F176D57,,,,
A5D69DECD9E1BAE3C30E0F0CFAD5473B,,,,
AC79DC8503B5718C23188B85A0F578F2,SA8605000010011712095556,,,
A5B7FC29C71AF7C05C4513B56B5816ED,,,,
ACF18C058453E51613425C127AD94E33,SA2280000859608014514156,,,
AC56581D32CA8E5CAC61B3537574B939,,,,
AC219BF74DBD3AC269E5DD0C8EA6F540,SA6610000014700001169806,,,
ACDA53754F11113D4362BEF9142A207F,,,,
AC340D282F790AAD693CF425D02AB4A6,,,,
A5993AABAE507E431AAB5C05D354CEE7,,,,
AC0EAEE6B31228450853050E460AF7EC,,,,
AC2D0B0044FD28CF0A1BFAF37E83DF37,,,,
A5D763AAADA9E6B7D64A8E2EB6226A6E,,,,
AC1D59F46DC559968F57C27D8B15FF6C,SA8315000900146111930007,,,
AC8583CB9F1290FE03AF09BB6B8EC57D,,,,
AC4A51A2B1092371153CB2F95126945C,SA4036036036004349260115,,,
AC4A898E5430F7C97997C5757922337A,SA8280208071707222121011,,,
A562589AE60BC6C113391700665A4F73,,,,
AC08F40282738096727B7D69CFDB2E27,,,,
ACB179C847A3E5899E66F37431DD06D1,SA8580000154608016200085,,,
A5ED8CF790FD4561482BC9AF32815688,,,,
AC2E5EB8682A171D6D5ADA59DBE47CD8,SA3330100991109138182687,,,
ACB98DC30F49E2538987B21917025CF0,,,,
A5FC8544CDFEED3C12A2EA80028D9111,,,,
ACC326726E45BA6D6A24B5FE9496901B,SA6105000068206398808001,,,
A5391F836A5C00DD7B71805ADA70E7CB,,,,
ACACF1FC10660F9A6D5724EC05D40C36,SA1220000002704687309940,,,
A542790301AE2D626C87024238DE474D,,,,
A5108AD5C3135ABA71B82A9363213832,,,,
A5F1DB6B480CE4F72474C23D25D854C6,,,,
AC291B0A2D46137D4A3AB4CBC1594024,SA1780000368608013971540,,,
AC48304220F2C70A0AE4EE16FDF2DAFE,,,,
ACBCD8941CA1D58E54206D65CD2AE2F4,SA9110000062300164100107,,,
ACE0AC4AAC5E353D1A9570427AF8CCAD,,,,
3ADB16A2A3639E4708C7,,,,
AC33F0485B81833C1448A94511D6E016,SA8580000154608016200085,,,
ACD2E1B421FB10408478BFF3AFFB09AC,SA1220000002704687309940,,,
AC3EA590814F95B5D6EDDCE97F964E1C,SA3880000376608010083778,,,
A5DA04785B7828DE20B32A0BC6C1BE6D,,,,
ACEB3F32BB24E92E6753FD4B28AC4F48,SA2780000539608019595503,,,
AC19EAB7AAD733B5A27F08C184388910,SA3780206126039222121018,,,
ACE2FB95686F58207E93FB681E3D6DC9,SA2210000011100089805207,,,
3A06B901D7DC31CBAB54,SA7936036036093465995111,,,
ACC415568FCDFD2487FAD81AC091FF42,SA2630100804002013160376,,,
3AFA687B2096A7CE41D6,SA4936036036043360151145,,,
AC77B0B67D3CA09782EE66D97226C9BD,,,,
AC17920E121572F17F74CC29B21AF3C6,SA5030100675019987230019,,,
AC10BF607AF3381671832E15278260C8,SA6445000000015427503001,,,
A5C14DA61C708D0921BDA6E53DF4CE86,,,,
AC661DCE9464EE588F2195574C9B1650,SA4280208072547222121010,,,
AC2133FC57912D3E66FCE9440916BE83,,,,
AC8DE44A43615B2092B2199213F3F402,SA6205000010011714201567,,,
AC1CBF03B16EC1BECDC368B5A7B25074,SA3380201471111222121017,,,
AC23065B51C65CC13DB246F5AF47E956,SA3220000003406993099940,,,
A51EDC28E620187EB629A51198323C63,,1072193202,,
A5330C4DFF40CBD63EFFE607716C988F,,,,
AC0BC37C565E86A86D129079C1E142C0,SA5245000000014355796001,,,
A5F67BB469BA257BC2AF744221A87BDC,,,,
ACF7487559EFCEACA9F890FE545B78AC,,,,
A59508951B4CE294B074589DDE50210A,,,,
AC87469D24D2C7292E2C72286452B9FF,SA1215000007777219420005,,,
AC660A4426843AB47CC6B70EF50775EF,SA7430100991102713648170,,,
3ADE61EDDF7C1906679A,,,,
3AF1C4C0EE6C407C328D,,,,
ACF8E7778431BED67FBD476B497E1C3D,SA4680000694608017300345,,,
3AAA0E1311DB050D3B73,,1049804071,,
AC53F759BF1CBDE9DA919E932E66A53B,SA3220000003406993099940,,,
AC70EC55C54D07254072996448D77E87,,,,
ACE82D34D9D1BE58D3769E582059908C,,,,
AC72989703C5D2E99BA25D77815F030C,,,,
AC4AF32C0E2BE3BE4BDF1981C552FBFF,SA6780000470608010016864,,,
3A3E129146FC2F0AD4D1,,,,
3A45EEB39783EE009C78,,,,
AC2C2D599D1E32E7D2F87E2E6C09872C,SA6705000068206832042000,,,
AC86827A8941CAD33B2BFDD1B3F558F7,,,,
ACAA43AC5594016FC7A833859866D044,SA3780206126039222121018,,,
AC8259B50B405928BC5DFD38499F7260,SA9815000007777186660005,,,
AC43C31D9B0A8437CF34032D36AAE379,,,,
AC3CD4DD525C7D1FD94BB187A380A33D,SA5245000000014355796001,,,
3AC00BF5C03AEF5E81CD,SA5845000000034394130001,,,
AC027A2CC9EBCDF48C3C5FB172879F2B,SA0805000010011714914519,,,
AC4702DBD3ED044039600D596945D4C4,SA0805000010011714914519,,,
AC06565F779EF0E83B636DE5EB4841B1,SA6780208072856222121015,,,
AC1A311F535EB9424D6B1D94C4160551,SA1080208036340222121015,,,
AC1608535D100A7939DFF4E9DB5524E0,SA4380000530608016403007,,,
AC45765BE89F22AE2667A2002BFC9598,,,,
A5C2899BF8256E4F29F875ABE83D9354,,,,
A52E070DE6B78B327929A8AAE42E0D6C,SA5830100974017218329846,,,
AC00C3C895BF15F2D786F8DE544B9E03,SA2810000006500000876408,,,
ACC1C22214FB1C5811F6273474BD3BAF,,,,
A5487817BF490F1567E5B78237CA91D8,,,,
A56D6C027E1AC184994E1A7D541FDC24,,,,
A580545895F97CEFC482E16FD06EDFB6,,,,
A50130B59A26CBC66E57B6642CE3F4FF,SA4880208076187222121011,,,
A56506804D08D46040C92853C634AEB8,SA3380208075958222121016,,,
ACC259C1D2CA33FACABF5DF6E53686B6,SA5655000000095270100157,,,
A5EAF6A36F6E21268ACEB0CBBBA27FE5,,,,
A59B09420CD417F48D3274C920FF5F0B,,,,
A595218B58318A8CBB245237C95D96C7,,,,
A515E84BD6B804113C1EEFEF9008B431,,,,
A5B9C053D3D09A8375D6CB93FB60E925,SA2480207956690222121011,,,
3A61AB8D0633FBF9A5FC,SA3080208062317222121010,,,
AC692A6B206E73C89E0ACC8C4F55750C,,,,
AC1CBD4247C263A5B6B87192EC2D8295,SA1430400108038022740018,,,
A5D19E5FFE845B6C553C15CF74314C7F,,,,
A5A0622E41B9F28D8E5ACA38F3D99E7D,,,,
AC3669B9E505E4285495C982908968DC,SA6105000068206398808001,,,
ACED71CD07DA02F7722C8193EDD1D29B,SA9680000369608010433642,,,
ACB0055FC7E1B689B0F7A0B9C4B39F90,,,,
ACA98D75A1FB61235863580B4C991834,,,,
A5DB01C9CFDAD8791B5F7CB8BCE1EB8B,,,,
AC5A8D319A8FC5196562FFF71FD839FC,SA0610000096500003885900,,,
A5BED814271565220B0E2328BDF5EEAE,,,,
AC213CE98038F49F5146C8115E9AC511,SA7480208076818222121011,,,
AC265A86527A215CABF73DC99FF6780D,,,,
AC9E367195BFF08F492DF51B7BA277B6,,,,
AC9BA511F6F659F70F39DABD1B1D80EF,SA6110000056000005301001,,,
A5F551691F4C50FA997595B32DC6F142,,,,
AC04D4ECFAC4931AE38085EDE6906B3D,SA4880000126608016104084,,,
A59A9583738826C3957FCC8D17FCFFF1,,,,
ACDA31B416B3AE7B019DEA2CDF700E78,,,,
AC48948D3083069BD370730005F73E44,SA0910000062300164152702,,,
A57792FBEEF394A1710E80029A75EBA4,,,,
ACAA986C4DEC3E363843C1F8BEB88FE1,,,,
A5CEB1C1D469CC6204D54407168DEB89,,,,
A5FE2FA135D5B53A6F0A5FD5DC7C10AB,,,,
A57CCF417CA1C670B1EA6CBB94DC3E74,,,,
AC87E82A6C4E5591EC4DB720B7F73763,SA6930400108038049340017,,,
ACBB8C7E526F393B6D64E833F3EE2B1F,SA7680000154608016200150,,,
AC0A917213156969230DA61F41927E75,,,,
A59A495C214DBEF515C573541B5025F1,,,,
ACB14D62E4203AF0D0FFE695EEF874A1,,,,
ACD839C7BB0DCC276B4B19CD050E9D2B,SA3280000193608016002567,,,
A51CB4B4AAE39326EEF380766ED97381,SA0780000290608016119611,,,
ACA36E3395C6FD14ECE03F7CC7C3B640,SA3505000068206691838000,,,
A52F6333869D08E746041613CCBF91A9,SA7680000154608016200150,,,
AC9E3C826F3AF0CADB04A85B72076477,SA6005000010011689011576,,,
A5DF0F6383894992C704E9E8EB25BB97,SA2036036036095896966038,,,
AC751B59794990E2EE9B9999B3A2C7FF,,,,
A57A40CD740CEEF7AE4A2C0847A4EF5B,,,,
A5BC571EFAD5E0CD1556E4B1D16758E8,SA0780000290608016119611,,,
AC8C97999945CA41541DF6572E00A97B,SA0780000290608016119611,,,
AC4CD66915F72731711D23859FCA1DB4,,,,
A5BF3E70D63E7159F53647898319C092,SA3130400108038050530018,,,
A5F36071628008C7527CE5877E6F9EEA,,,,
AC73DE2DE3039217B99DEB32E1BFAD75,SA8380000694608016164585,,,
ACB49CB65FDA06C51EC0C74F06CB645B,,,,
A5DC08458B001D858A1F45E11D05FFFE,SA9380000596608016145831,,,
ACF7F6B7A6DD7AE1F6C262026B75C505,,,,
3A96BE74B3E366A034F3,,,,
AC70A000776A957FA1CE1A5263F858CF,SA9380000596608016145831,,,
ACB5CF9870309EFBEC439818B1AB591C,SA1836036036002142395178,,,
ACA62FE6ED1D5AAF4BF82B0AB980C638,SA4010000004200001219008,,,
A59CF1DB8FA0E20378407A0200EDCD4A,,,,
AC3FA521341F151F66CDE2C5E5C7EBB7,SA5636036036040127507388,,,
AC0E3D8429785B82A96888D3EE8F8F8A,SA7510000031700000570110,,,
AC4B86951F85739123A267B3E67683EA,SA3105000068206778248000,,,
A593499F2366DF13081E065A0D4AAF28,,,,
ACEAE41B1279FEB84C34805FAE0A71F5,SA5030100675019987230019,,,
3A21DB1A4D42B2AACD62,,,,
AC39000947DCDC4525BD329A06655D19,SA4636036036023534026901,,,
AC0563EA73E9807A269CD621A93BE810,SA2180000351608016610136,,,
A50367B0EB0EEF03667F8FA956C02694,,,,
AC475D507CC87B30FC7BA9EB6300489B,SA2010000011100446934605,,,
AC16A6A2163472FE85E74ADF5B6F5195,SA4680000239608016829171,,,
ACA7B834A6C82DDF8F31C461D15116F2,,,,
ACD14803A34603410BB4FD584514969F,SA0610000062300142433001,,,
AC340B082F9C955F0DEBCCD753301A33,,,,
AC94EC32DEB1AF45ACCBC0295EB7204C,SA9310000053600004063504,,,
A5EA0F4D30E41A4D54CB07EA4FBB492D,,,,
A511AF8C8B99C6F891D6ADE899938CE9,,,,
A5A717026A1876A35AD07FFFEF3BA041,,,,
A5849920937E36EE6874AC1339DD74D5,SA5636036036040127507388,,,
AC3EC9DE661DE59DEFC4E701CFA8FCB2,,,,
A574B7B238AB8CA69A141F2A51408998,,,,
AC697D3C9E176DBE6038340482228962,,,,
AC47CF0530F4CE9A2B8795D139F0BF31,,,,
3A8D7184ADD19E6B1A05,,,,
A5740BA22C1B3A3FFC8E17DCB135BD7A,,,,
A513CE323AC15BD291D40C5B8546BC9F,,,,
ACCEBAD7E197B4B367015EC349383D6B,SA6405000068206900778000,,,
A5F01BA46259724C4E78766F0766B14D,,,,
3A5A4BA7B65737964080,,,,
A5D83F48652185DAE19CFC0FAED896A1,,,,
A5E1CFCF797BC51A34470897E21AC1C5,,,,
3A04B49FDA6A11D53B1E,,,,
A55270E018E0EE85C503FC03A67E2FB9,SA2645000000695079715001,,,
3A9E8FF262964EA6C5F9,,,,
A5B6E8A67624A1E9AE42877641FD9406,,,,
A560BD2FD5CC93AA34092BEFE44FE6F0,,,,
A57BBBC1A3B6ABA06D47025CAB6252AF,,,,
A5A69BF24809C6D9B69CFD41F3A2CF49,,,,
A5BD758A64E61660A3B62E40C59D7E8D,SA3305000068204982835000,,,
A5EFB344648257AE2F9D1719C2B6D405,,,,
ACABCC4CEC5D701B870ED67D68615298,SA0705000068205293409001,,,
AC8F26CAE320E8AC8E9BF4F4CA0273E0,SA0380000857608113982181,,,
ACA2C0F83CF0B7337A42C070AB5F915F,,,,
ACAEC8E061F6684AA081ADD8980C6356,SA6980202831246222121014,,,
3AAE39D76D37CDD71A03,,,,
AC624C72C9E66BD1648DEEDEF123222E,SA7580000254608010134123,,,
ACB33066924F82F147F100113FB81F64,,,,
3A1E79B80A11FC51A3D9,,,,
3AB239AE1514D319B932,SA4280000138608010912249,,,
A51F7D6843821653465EA44A9F2247E1,,,,
AC028DD80E505706D836F8C0B796CE4C,,,,
AC07DE6FC332A3E69F0B78140CDA58FB,,,,
A5A74A2872649A134DDC018696C852D6,SA2380000985608016018128,,,
AC78A9C3EFC021917B9B5C60527B8E75,SA5610000049800000529001,,,
AC397ED76E170815DF621110E4087E14,,,,
A5D306A0EDF6CEDCA75FBF9C0EF6A1D7,SA8010000062300163418007,,,
ACF5B05DE9FE2A6B122C67884B83A4A3,,,,
ACE666BE5AA679FEAF6E718BD3ED6CE6,SA6980000109608017077660,,,
A5F28D35044D1C30EFA9E736351CEE10,SA2280000982608016003552,,,
ACF1020EE3578F4F10F7B05EFE66EB7F,SA4680000239608016829171,,,
A53893D0C8A2FD43EA1311002E34615B,,,,
A5057388343039395F8F67F88A2C0647,,,,
ACAE27B37C4F0F2D087CB3F86938A762,SA2280000982608016003552,,,
ACEE9CA7C6F7E7AD23E8C0DC6A7414F0,,,,
AC4FD6CD2AC4F9888AF820E8EA9C9E7D,,,,
A5A5AA6C75C05F319A5090F85FA5AA2B,,,,
A5BD36154FF1D0D267E10A77357E5CF6,,,,
AC7DFD172D0B29C27BD9989B17935C2E,SA1380000857608014603852,,,
A5CB9498DB17E642359DF32B774D8C95,,,,
ACEEBA26051CA235C41C8B9B8E7BAED4,SA7945000000027561612001,,,
AC30B48813CB5BD1E7FE458E80708547,SA5380000245608010351182,,,
ACC26E71E6C8D92249C3CCCD08EF466F,SA2880000539608019764653,,,
AC1043B43C558195B3DC47331B5FAB50,SA6180000634608016129375,,,
ACC5C73807CC9A78E730AF51E595ADEA,,,,
ACEE1BD4850FBD6D59AB00626A33953B,,,,
A5F4F8D27F0EB73F51216794FBB53D9E,,,,
AC02DF704CC4F03C7FF31FE6E8A773BC,SA7045000000349094870001,,,
A516CF905035E59347B1E0C28C0E5633,SA2336036036078229436424,,,
A556575FE2280FE8CC0E04DAAA58459F,,,,
AC3D856149BF5ED23531DDC02832F858,SA8910000057300000066506,,,
AC7A1D246BCAE5321673E323943D0621,SA1605000068206090236000,,,
AC792BE86A0D45F38444DE20C62030DB,SA5030100675019987230019,,,
AC9E451A599A0E883A1553DF1721EB74,,,,
AC1A84D01E0038B0CE2484B30BEE6965,SA6180000634608016129375,,,
ACB732B9C33E458B18932ABB89007262,SA5010000015600001365504,,,
AC1A9E29143BAC96DA1BFD212B82ADA6,SA8015000007777305250007,,,
ACA981A5824151CFC494DE57E455509C,,,,
ACF9C0F8CD389D90E10359857EF8F9F9,,,,
A50A7DE9E217523567C5DC8E17E444E2,,,,
A5475855684DD563A031E0ECF4EAEEB9,,,,
A54C58E39D0897E45A4D099262609EE1,,,,
AC7BFCE74437B2A002A948ACAD445701,SA9136036036040623697551,,,
AC5DD4095ED293B5A98C949AE7BCF378,SA9780000665608016150845,,,
AC2CE25FF268D5CDC330A788C738C885,SA1480000381608016013764,,,
AC9132066B8CB2A9B50E25B446151104,,,,
A5F7643C4F8F6833749A13703E4F7F1E,,,,
AC134B6C49675947E867EF1F7D7DAED6,,,,
ACDB86F7B8B9252AB279185A7FB93DC5,SA4080000218608010246260,,,
A52F108A93C4265110D7A9E3D582AC78,,,,
ACC5DB3CEF3056256D96A9B781208F2C,SA8936036036045486725463,,,
AC3EFD8430AC38A01780A379C6AD7A5A,SA3836036036025276808779,,,
ACB9C4D3E61863F028D05E195688ACBC,,,,
AC969029C0CEF92CAC168E2CD477AE74,,,,
AC4F008CADDAE5099C2EFC36B04C3847,,,,
AC4D7CD4B6F009B348A34AD79EED1E19,,,,
ACF45227123F93A5B4E171AD2FAA7DBF,SA7405000068205149673001,,,
3A54CEAA35046A6032F2,,,,
ACBD07519E60C57C702EE4D36B1BD796,SA0980000222608010127308,,,
3A57AE427947A26648BC,SA5236036036046011240049,,,
A525C43139BA07A2E3E9828D16D36468,SA8610000001400034221406,,,
A5A42CB07426B41CEA776B1EE07403D0,SA8936036036045486725463,,,
3AA2ED207900B8C52B4E,SA9305000068206909413000,,,
ACB2F18CB61FD333A1AF56512CF716A3,SA5320000009321317849941,,,
A5F4B1600955BAE4ABBB48A463F21B2E,,,,
3A33A893557580F79DCF,SA5663000018401279714000,,,
A5DB37361035A1015C7F133520BB5F51,,,,
3A8B7FA1DF3732629568,,,,
3AC3DA0FE988F9D853BD,SA5593000018401279714000,,,
A56154D8CB1BFA5EA12AB36B521A0734,,1127709168,,
AC07DFD3C6D659FA209B3BAC34934488,SA3580000201608016474212,,,
AC207EA41793BF2FF4C931D962327AC6,SA7010000082803068000100,,,
A5BFC5611A2285BF9B4C495A6D96B811,,,,
AC68C315DE9FDD45451AE621D81009F2,SA5320000009321317849941,,,
AC1665C00CA19D1DD71570B9C1CE3E26,SA7010000082803068000100,,,
3A513EAA29A658B94B81,,,,
A5D703637B5D24FFDE429B56160403B1,,,,
A5657D1C5527ED6912013A6591992586,,,,
AC7C9C00014CCC8C86F9D5C4FC13FB32,SA0980000222608010127308,,,
AC868A1F5A2CB01F5FF6980E918C9D37,,,,
AC49101DF80A686E0A655838E52E6261,SA6680000866608018710980,,,
A51D04C1F0358D7A5C82015F144D0779,SA4110000036100001129610,,,
A5CA9C7F30596672AE86952F68408F06,,,,
ACF9516198537063C00031648AB0964F,SA1410000044700000032305,,,
ACD27B53D936283EBF7582642CD30E70,,,,
ACBABDC5F73F803308EB1F0B2926138B,SA6680000866608018710980,,,
AC9AB76D077EF2792C9071883904ED3B,,,,
AC6D14BF04D40E00550D50995CEF7202,SA0436036036062408398236,,,
A5EF2C01C2DFFDD43C51C21A7779AF8A,,,,
AC91602F70EEF6B6433EFB7A08169D45,SA6680000866608018710980,,,
ACAF271A64D87C06070BD4C65C6E2D05,SA2780000614608011425129,,,
ACF2F36F8F0B9D2DB2CCA3A83E1D00E8,SA3405000068206913406000,,,
A5FBD39362EAEE68C0A7C0916AFC961C,,,,
A5F138ED3B22F8D6EA6D508785C6DBFC,,,,
ACF4590CDD2C53075A530DC6562D8E62,SA7945000000027561612001,,,
AC77FBEA9FFE27ED7104544C647C6ED0,SA1280000355608018153271,,,
A52C1D31DA6BBE55E9BCEA3D0E93B2DA,SA0705000010011720846572,,,
AC6F213A77E18E8B7D9C1CE2F21CEBB6,SA3980000475608010143218,,,
A5B789541DF2190DDDB134C24A811586,,,,
A5FB23EA51EF8427F9C7A9EDF65532F3,,,,
A522BA5110BA6B23B6BF927412B657C7,,,,
A5DDB8B5E9A3F208FA2FD169EDC3E1F8,SA7945000000027561612001,,,
AC01CB1FA2CB68F0E951CEA32036E6AA,,,,
A5BDB50C2AC202575182DEC3BB526E75,,,,
3AC246AB84F1E462C3AA,,,,
AC3CCF388AC5D425E55E8F64FDB96AF4,SA8645000000749129243001,,,
ACE2E43EBC0544E6AC6A6845D0ADB062,,,,
A5C3BF8C2298D2416373F08A81E3DEF4,,,,
A5CC2376BD687DF1D66E0B001A8644C5,,,,
A510F51EC73C28E79DC9D0F7A0BCD2B2,,,,
AC1B545BD512DBB67FA7B204B422A7C7,SA4815000007776853760009,,,
ACFE3812B3911A1889341D88AA391DFB,SA1180000355608017566051,,,
AC4A71D156C638AF9DB1B5FF75CFBE3E,SA7405000068205149673001,,,
ACE060396007CEA24F97CD5D79A7DC52,SA7505000068201475251000,,,
AC7F120F7BE372DD535941DDA0E560C7,SA7280208064497222121018,,,
A50AD2018428CB972F2B08261C691329,,,,
A52B1938A831E733D1937A306BB78FBF,,,,
A5EE4F3FCB960CB0E24837716BCCD3DB,,,,
AC60FE415441099E5A1E717FCE386417,SA1210000011100049284510,,,
AC2515995D24CACA3A9AB3D7973596D0,,,,
AC6D985C9904B479708B70B57EE413C0,SA4780000866608017086184,,,
AC0B9CC996BEBEB14490C3A20BA8AB0C,,,,
AC86DA82EE88F15EBE325910320BA22C,SA3045000000352677686001,,,
AC91BCCD4C911E235073EBA4EB63A234,,,,
ACB04A892157E09B414123955166FFB6,SA3836036036025276808779,,,
ACA2D3EBF530B704BE30C96E39555C06,SA7280000866608018805350,,,
AC9972BB47A9440BC7F571758973D36D,SA2705000068206317869000,,,
ACCF89B77D305775A396740A9348BA9A,SA8130400108038074210019,,,
A5EFFBE15B78C817984110721AB7B71C,,,,
ACBA6800126725D91147CE3BCF5D27D7,SA9536036036014565106192,,,
A5C446674B96F0DCF1A4A3B56B79C3D9,,,,
A5B4DF427F5AD8C9462D7FD57D2F4598,,,,
A53C7CBA97390658B52A399652B7E27A,,,,
ACDABA841449AF09C72156B82C8E74F0,SA8180000258608016091943,,,
AC67631BAF473FDD5F144CDBD6F96759,,,,
AC7742CDE963AE554E50E7D0F2410E52,SA4580000221608016796818,,,
3A3653A096A4097F89B8,,,,
AC6BC8AFC0C1AB52594DC9AF410DCCE2,,,,
A594DFE6333DD592D7EF0B1FF5E0184E,,,,
A54530EA3844E8AAB9AA278B8069DB41,,,,
ACD3DBCB7F08D1F71CFF9FF02BE75027,SA1380000422608016234056,,,
A5DE48BA4157BE3619EEA0FCA25B5AE2,,,,
A55A0BD37D5871E4BCB846D36B239F2B,SA2780208071850222121019,,,
ACDE0D22D86F4869665613705092715B,SA0830400108093230850010,,,
A5CC87AE9EEAD0EDFD6B5318FDCC0293,,,,
ACEA55FF2643A990831F0825FEC89A2E,SA3380000227608010308986,,,
AC166076F19E7A5521C79EA0C743DC91,SA3705000068206896662000,,,
A57255E936DA08EEF3B2A4B4F16780F1,,,,
ACD8BAB6DFA0790FAE585FFDCF81DCB7,SA5280000273608010901148,,,
ACFB5AC738CD096543D1E2C6EDCA49F8,SA5280000273608010901148,,,
ACBAAEDF66D5BCA472FCD3EFA34A7361,SA8660100021882028804002,,,
A5D4E28E970DFCBC577C1777207C6FC9,,,,
A5A5D54E7D93D1BA52ED654B1F8E026D,,,,
A57EAB6FAEF80F082D4A26D57116700D,,,,
ACD59005E1B9C76C5228754E057C9F30,SA8330100974017215940480,,,
A512E090232E8E603151592177040362,,,,
A53C94348BEC6EA4CD8B5844F3A84857,,,,
ACC8A9CD029EB8995DFF561AD90F5D84,SA8010000082900000200703,,,
AC547F7BCB22CA639F39F3B355D02C41,,,,
AC1E537C10FF1F74838A77BC3846B404,,,,
3ABEE06A4A9A18CB7B50,,,,
A5982A8A8D72894F8571098876B1260C,,,,
A5A2EA83A3EA61998F4131B71D616379,,,,
AC391935A67E6565B412A69091A74F86,SA6710000017800000688610,,,
3AB53FC24BF96C87D080,,,,
A5350CB2EA483F4E1BD21826A1E235FD,,,,
A55C3587D676F075E2B368DEBA897E9D,,,,
3ADF3C02865264CA3310,SA6320005298200000374787,,,
A50D7836D8BCAC180336E6CE5E75D664,,,,
A5A074F6589C78ED8BBF05355634ED93,,,,
A5BD37F873074CC7FD63607B6BAC40D6,SA2620000001575727309940,,,
3AD9272C5019ABC780C1,,,,
AC483290D89833F33B9DA01D21DD1789,,,,
A5FD29704391C0827C062A2C48C48545,SA0830400108093230850010,,,
A55E82E8B16F341C008C2239921B3AAD,SA7310000011100360964006,,,
ACA2A72C5CB263022FE3420B4B7052E2,,,,
3A888775499A03E6F32A,,,,
A50210CE86D7EC7E877B516FE05A80B7,,,,
AC96D9FF003A57D97443EB687D481A69,SA8710000059963003801907,,,
ACB10E85B3E50667F09D08501CE13E3F,SA7480000114608016255245,,,
ACEF01D5614FFD9BB4115FCE0D1CA964,SA7480000114608016255245,,,
AC79D45B9110B5BCB6030C082CA7258C,,,,
AC595231EE98CC9F355ECACA950CA938,,,,
A5A28C38749DD865899C00DEFCA74DFD,,,,
A59E910304999E4A897F23F312CAB895,,,,
A524DF28FBA9517E5313DB684C531856,,,,
A55C52A19118DE52B097B8969C498AD8,,,,
AC59FF9008EEC5D9D4AEA54EF9D58CB6,SA8080000985608016018169,,,
ACA4933C3FBDAA11F28403CA1752D627,SA8710000059400003801907,,,
AC9918E48C1B183C1D82F34323D3B92E,,,,
AC308DA989A328BE9288D31724E25355,SA6320005298200000374787,,,
AC9C66F942FFEF586D1DFC1F5D65A570,,,,
A588EB395A346B56D26318A7232B4134,,,,
A5E4EE710B5BB8C08EBE7A3072C806B8,,,,
A580F5EA1399585339B4AB56D80AAFBC,,,,
A5BDE7AF1EBE527FDFD2C82C8644BEF6,SA8180000431608016051574,,,
A5BE219D738137DC5C221F1D6CCCC1D5,,,,
AC6E27E15715757AFE0E04278C6DCBE0,SA6710000026200000998202,,,
AC381FE6BBFB5779E625DFF0E7C55FAC,,,,
A5FEE823C1B627C9F663CFC81F0A1BA3,,,,
A5D450E567C182A1961B4127BA2B59C2,,,,
AC81A7CDF0B604DF16E79EA534B9B7D4,SA3920000002031992739940,,,
A597C7500462D7242671E02E97F79509,,,,
ACFD7E2616001D86534DC85A8B249265,,,,
A5B8B353965D0CB33D8FC9F12010603F,,,,
A5591653FFA3DACD377F2517D3F669AD,,,,
ACB7E908BA3403F52C3BB5994B255C53,,,,
A5B9F701372FC9107364C364D66A6C50,,,,
A53B0B5A8354AA2E21A184228DC6541E,SA9512000007777342410006,,,
A51661A998F10078247278F7195203F5,,,,
A522E7E148C8CA7EB8193A6D3B56507C,SA3845000000050866391001,,,
A59A1118502158522F8EA10C273C13B2,,,,
A57679378EF3900433B72DAC048993A4,SA3845000000050866391001,,,
AC2813169D9FC8CBAF008B8DAF646351,SA3836036036025276808779,,,
A5C45BDB34EBEE0A43A7221DDDF4DCA1,,,,
A57BE7ACE69E58D7A46CD3CB9B39C7D7,,,,
ACD945EB5F02377BB7CFC99FB1DBDB6E,,,,
A5759CEE051B92A33A8DCD9918B9A2B9,,,,
3ACB50D3F2889D25C09D,,,,
3A2E645DB94972249352,,,,
3A904B468AF33F803347,,,,
A5BD5A2F28A778A0F3C38BEF2E52CEFE,,,,
AC159CB447ECC751840BD460D72BFFCF,SA7980000331608016112773,,,
ACC6305DF152D13CE29C9705E171A3C2,SA1210000011100049284510,,,
A557AB1636ED7E749B4D0B9BABF98B58,,,,
ACC8612B379F9B7FC4E1AF33490BEA56,SA1195000001016061671002,,,
A532354694DB329C43E257E7F06AB602,,,,
AC5DFD9509745A34B5C831F2EC4A72BF,,,,
AC2EF65F4D526E94BAB4133C61769E19,,,,
AC9315A577B5E3A4352C6A8C0960DB6A,SA3910000036000001668001,,,
AC47884796214BEBA3DD53AA54DCE9E0,,,,
ACAAB16A7B29B84C9F62321A79B9BAEA,,,,
A5A44438B97E6762FE6740A7AE32ED45,,,,
A564E0AE958A42387826F20667A9C047,,,,
A54E0013C523A238400BDDE362894C5B,,,,
ACA0CA3CDFE0B90E78FE3042445F4566,,,,
AC7EF9AF167C7C808E4C299C13A45669,SA6960100031282201326001,,,
AC060BE512BAB4F36449459048B8D029,,,,
ACA0A53CBA7898FF7435489454DE8C7D,SA5880000687608016004947,,,
3A92E38A6BF086DA93E1,,,,
3A99DAF80FF975BC4586,,,,
AC5994492157236590D8DC4D87A5BEA9,,,,
3AF9D9ACDC9C556AFA13,SA8720005298200000374743,,,
AC536A02C4D45C1AFB6F23BE6435D186,,,,
ACD7438DE56142926F14496C4E3F80A7,,,,
AC2EB22AEDADFE27F1EE9CB017CF954A,,,,
AC0E47AD369384BCFF5B461EE5625D71,,,,
AC4B175F6F1B05918639728A7EFAB0B5,SA7080000513608016295701,,,
AC0663B6351C22BEB444DEE05AFC3861,SA5380000154608016200176,,,
3AB98CF3A0FB38B76331,SA5380000154608016200176,,,
AC1AAB7A17827A4CC2D6D4EC64972AD5,SA7080000513608016295701,,,
A5029D5E4B6AAE6773EAA07F98DC658B,,,,
A59F85170D4CEAB30E33F31AE49B2B92,,,,
AC4BC855CE347F577C982A02B53DBB8C,SA1380000459608016058576,,,
AC09D05C074B7659195E2E77CC4A7DCD,SA2510000047668110000102,,,
A5484388C78CF3A5B6333959073B2F1B,,,,
AC04B2BEEAF2C4D8DC91E5C637EC6F08,,,,
A5BF5FF6D94A4D7D0F3D94273DAFD0CE,,,,
A58EC2A0287AAD35C4128B5EB292682F,,,,
A5D53C80D80443660CCDD9B38D5667B7,SA5380000154608016200176,,,
AC6763E7CFD506393723A1F43B04EE32,,,,
ACA9EF71E51512225036E31A072C236B,,,,
ACCC4D9E4C3550C7C6B5F0267F5FE998,,,,
AC03242914DADCC6A78BA52D9713179E,SA7080000513608016295701,,,
AC8A1A3FAFF716E71CBF1AA45BD6FC0F,SA9580000155608016171434,,,
A5080FA1572F6FF0B9CED2803CE4E8FC,,,,
3A29C02C577CFA4B67F8,,,,
ACC57C8B76EBAE4F69B7274EABCB28BA,,,,
3ADE6795A34487E5B51D,,,,
AC05ABEADD70CC0D1A0E485FCAB14DAF,SA0380000108608016420268,,,
AC5FFB38EAD7CD4CCE0654BDCA3560F3,SA3705000010011719937530,,,
AC06449F267FDBFE21421DF4AEFC12A1,SA3536036036051681851043,,,
AC15FA547A4E8BF44EA06D8A420DBF62,SA3180000857608019657713,,,
ACA709B50AA32879D66CD0C96956A23C,SA1180000503608010988550,,,
A5B8719F83E395AF001F34992CC9CD6F,,,,
AC43587FE84FEE073D903D577E5040DD,SA9230100974017219288661,,,
ACADF26C9B0D9C50312085CA88D33091,SA2505000068202421419000,,,
AC07BE4797522B427F230CDB23FB76E0,SA4315000007777385640005,,,
ACF031AE7DD9AE265C65720FA0DFAFF5,,,,
AC93C45D82ED82282098BF001961B5C2,SA0730100991105580089974,,,
A572107D7B1093F01F47079C749DD495,,,,
ACD01608A63507C9CADADE04A4E02696,SA5536036036000399275121,,,
ACDA96DCB03B56092FCFC3D924EDE1DD,,,,
ACB4E3A3FF79D5D185046826D734D1CF,,,,
AC5D3C7E3B42E29FA0DF958B41796F22,SA6230400108038035580014,,,
AC9E6EBD331EC60FFA94B2EC48DBE984,SA8830400108038088620019,,,
AC5421D54A10F92AD08FFFE6523F0A0E,SA6220000004101050779940,,,
AC15A8416B68BB4B3C0F63579244E692,SA3180000857608019657713,,,
A5A90E928A167F9F4225A0E295789CBB,SA8680000104608016809787,,,
A55A2C90BA961B84C6B78D045AE4C338,,,,
A504A5757CE43D766973B08087167230,,,,
ACA12260B9A3B8E3893C6F7C2170EF99,SA1480000205608016527643,,,
ACC413BFE63C185AC029694250139728,SA7210000015500001666201,,,
AC9C7B616286A2A1321D4D38A7E5C5CC,SA4080000233608016113622,,,
AC32EEA7BDA4BB9467584339503B9356,,,,
AC5BD4C7B208232643C4867EAE15280C,,,,
AC99E0D5CF77F566D645749293844721,,,,
ACE1B3F62C4D361590B91AC1E56C4390,,,,
ACCFB91E7B31D0A78F67CB1DF0B424DC,SA5536036036000399275121,,,
ACB2E62611068FF4F8899F9737E4A649,,,,
AC228FC18988B5B04A8DEC30391B3C15,SA4330100974017219290222,,,
AC8A5B7FC2C62F7E7BBFD5DEED6848BE,SA5580000201608016248715,,,
3A1917AE23CFDF9B4FAF,,1138555543,,
3A9F42AF52B257FA0460,,1138555543,,
A58D82BB629E08A662FC33D4001CF4E7,,,,
AC9D59BD278AF5943BBC26DD88834754,SA1905000068205782589000,,,
AC6A9DD776C72A88DA346063D64A880E,SA3030100974017219419854,,,
AC5426307FFB1CDF86EF37BBA6A41988,SA4120000002652936259940,,,
A5C22A82E7C7246A8FDBB387BAEBF2AC,,,,
A59472D9133BB892F501A14963E3C6BB,,,,
AC7DFC4C45C476F8F509D9A86755C90C,SA8780000982608016153217,,,
3AFA6102704E717132B5,SA7645000000010364057001,,,
ACE7772F0B445B309945CF7541DBAE0B,,,,
3AC048E473F775D8A48D,SA3230100974017218570680,,,
3ADF46B86B0777B61CA2,SA3230100974017218570680,,,
3A20DCFA7E980C2A3AD2,SA3105000068205003439000,,,
AC25434AFDF5FB073BF4005954F749C5,SA3630400108038087510014,,,
ACD04E66A87B2009AFE1B488438882DD,SA7010000000600000434306,,,
ACD806663BF6D5AB13F054C63ACCE45C,,,,
A5AE19CB3584C3611F67FC06CD9A5D2F,,,,
ACF46611723C963BEBE03079C922E3EE,SA3105000068205003439000,,,
ACFA5959D361E8A71F333E1FD93E6490,,,,
AC95E8521AF1BE3D88B2645E82A59C11,SA0330100974017218615628,,,
A53D9AE28D7649986B68D86238D99742,,,,
A51D7626F2A8A3D7726762FE18F3256A,,,,
AC141C71F976832E70A12A2A674C8FA5,SA0545000000252363502001,,,
A5D86842A5273AC5F257C24DCC3FC864,,,,
ACAFF33F52C6BCCCDF5C35B8BF712B7D,SA5136036036049428185444,,,
AC84B600068D85E4E0DAFCCA28AF2BB7,SA9278000000001266837093,,,
ACF310EBD5762018C28E5FF3818EADE1,,,,
A5F133E1250CAF00A01203EAFD52A1C2,,,,
A57AA3D80185DCB57C061F13B428671E,,,,
AC7FAF458772EE6DBFC7DAD17350DA92,SA2280208073185222121018,,,
ACFF96510B9FCBCC6DC728C69DA4FF38,SA1080000165608010021500,,,
ACAE4866B02140B8BFCB4C20F1248816,,,,
A547C07AD63F8290E8EEE5177CD6ADB4,,,,
ACF69003D4EE2C6A545FB1B74B05CBA5,,,,
A567585497F4D97237988243CE2EA93B,,,,
AC70A7A3FDDDE21E816861AF61D45CA2,,,,
AC278775E4C41792898560C2D10DB55F,SA4530100974017219862001,,,
A5DB4DCEB31F9A5C3CC9CDCC34C5BBC2,,,,
AC43C3E4C2D2AF49D9C19EDC4C1AFE5D,SA1810000062300164913505,,,
AC86068358E465949953253D221A648D,,,,
A5ECC2B303FAEFC0AB9BFA68994004E8,,,,
ACDE0C5F6C42E4E291694DA692A950E3,SA8480000154608016200200,,,
AC8954E3478210D10338DA08EBC75131,,,,
AC6B5ECF0CC4FC935983DEE2EC75797D,SA8480000154608016200200,,,
3AC6F8E17EC40DE7DB23,,,,
3A7F3F11FE22E7739B2E,,,,
A548258491153D1B039A21945916FCB9,,,,
3AD6941ED890BFBEAE55,SA8480000154608016200200,,,
A54F70397262836F89FE70ACF05969F7,,,,
A564EAD0770EACBE3C11DC9B9BDCD0ED,,,10430520,134
A5C6D0DBB19C4536CA65690EBB5158C9,,,,
3AB0FE019F4A35B1D4C7,,,,
3AA6945C9F3C5B88D5A8,,,,
A595951B4DE4B14C4C4865C6244290A9,,,,
AC09AEABEDF9DBB223612D9F8226A440,SA0430100991105835789400,,,
A5858E7E63DD04DDD8CA49DCED8DC7DB,,,,
3A6C7BD3D360BEC81265,,,,
ACEB41FB209CBF4F41EFB37973ECF653,SA4810000000798668000109,,,
AC8307FB9C1F12EAFE12A9B74179914F,SA4580208079629222121019,,,
AC0EC12DF3715D29EF11CA9C24A62520,SA7510000031700000570110,,,
A56D3560AEF0B662D0CE46314D7F8BCD,,,,
3A3E66D31EC453674D4C,SA6960100031282201326001,,,
A5FFDC03670F811F3747F1AEBD19C178,,,,
A531EB754876D6EF96CBCF13A90059CC,,,,
A541E0B3EE9CB678CCF00291D84807EC,,,,
AC61BC0A4699186AAD8E260489639EFE,SA0610000096500003885900,,,
ACEEE6E8A199C8A3E940C86E2D53265E,,,,
AC233EFEB6D346AFCAD64A430CA99B5A,SA3580200468110222121016,,,
AC3D02FE2AAFC0EC3B7FED62BC199941,SA6580203454473222121018,,,
AC21BB4EAF80C280395375FE24F0C9E4,SA0980202423427222121014,,,
AC356AF57CF65A7791990BD9F57726AD,SA9380205039364222121018,,,
AC322D19A00759BA0447EE80BAD6B532,,,,
AC1C874354454FAC1ABE849D378EA805,SA7936036036037603806564,,,
AC2FB20F6B9D2210255FF00A6E1F4C0B,SA3936036036082527314561,,,
AC883DFDAFD1760A270CA8D858F3CB99,,,,
AC112216E2BE7532CE66EC94CA9573E4,SA0478000000001250728529,,,
ACCFE191CA0CAD12D255A5F6411D09A2,SA3678000000001257374102,,,
AC98997B2394A854264429621191AA21,SA8078000000001261853546,,,
ACCD3FB903B1A1D8609D39153EFB0B99,SA2878000000001210654875,,,
AC5A07830D1C2852581DC78E39DAC285,SA0380207836461222121013,,,
A5795A58856592C77EF4B11F94335B02,,1127709168,,
AC9F6823D4F2AF0DB1217C640A5714AF,SA3110000019000000103706,,,
AC6C1C91233B56B8BEFC2D7B88EFE6C9,SA5680000859608011358813,,,
AC1990576555ED4DBA120901AF7B6E25,SA0280000258608010041050,,,
AC0F40216E33C984C66C9AF97079C8F3,SA7680000858608018310396,,,
AC3620CBB853C62A61351ACD84577222,SA3936036036082527314561,,,
AC0A75F0F31ECA7F0C8AC07B2B6F49A9,SA3880000648608017210251,,,
AC17B4510B9A5D767035A578C9A940FF,SA2980000662608016125253,,,
ACD4C026C3418F030032718332904BF4,SA7680000858608018310396,,,
ACC2EBFAF8E98E55D8D7AAF7510F02E9,SA3580000697608016233296,,,
AC53A9492B7CFB81F70B2264B59D791B,SA2380000858608018796156,,,
ACA6D648D874225965E54B26745B230C,SA3080000539608015921380,,,
AC1EA21929B62C5EF2E10FEAFB107905,SA3880000648608017210251,,,
AC2FFA5BAD474F65A6BBA7A48705B83A,,,,
AC7466DA86C0073F5E519633859D045D,SA2660100002681906028001,,,
AC0C4CF353F345844EAB4F9592C7AD88,,,,
ACCE40BBBC3DF2AA8E96830DAAB0477D,SA8193000090444641857000,,,
ACE2B3B97C70ED28447FDB71D41641D3,,,,
ACBD005054142C4A97BD8FE9F6E7A6E5,SA4030100991104402768952,,,
ACB5EA69FA40EC6AE93582E8768B7A83,SA3910000082900000147703,,,
ACFB5935287AC590C36A5DB0DF42A390,,,,
ACAC1E1EFC2FE52310D5CDE3A3641F85,SA7805012000000111603372,,,
AC98104079A1268CCEA339F86FC979A8,SA4505012000000111679917,,,
ACBF457D1B4CE08F7A56AEC85E20514E,SA3105000068205003439000,,,
A50C52CF6AF5A94C70B9584192B01F1F,,,,
A5C588DECCA8094CA55A2756AF3C019A,,,,
AC51BF7108389229596347AE824CF9DD,,,,
A5A2AE644D4024E29244C622FF6CB7F8,SA2330100991103284464697,,,
A5181A9762DACD510DDCD498BDB1108C,SA7810000025500000669209,,,
A57A1D35B441AA907C864E46C85B5989,SA0280000258608010041050,,,
A52DFD7176A97B092FBD6B37D466A2F3,SA2878000000001210654875,,,
A52D15AA80016814A7511A0FECBAA105,SA8810000011100510930101,,,
A5F100B150ACEECAB6CDB9781C8B9724,SA8610000062300078500704,,,
A59A1AFBCAF42ADB514624E94AB7189F,SA4510000062300152856404,,,
3AAF64037621A74765F2,,,,
A55828373AD8B1A479D95C6AC7205ABD,,,,
AC26DFD90F501BEE4383B2E0922AFFB0,,,,
A5428777EAD9048AB22DC40AB1FA534A,,,,
ACB621F6021D5914B348F1E8E644BF92,,,,
AC9E140120EA9DC3813E20A965DF3C82,,,,
AC21E58E7EE6D78E3547826DB825B7EA,,,,
AC417673CB62AAA42493E4D4DDDBC9BB,SA0580000866608010062976,,,
A58328336CB8ED23C41F15B20C7EA9C9,SA0205000010011723540546,,,
A54C521F436652CD5612EBF36A8EB0AA,,,,
ACA7A13DC4907F90E4B38A073074DF0E,SA0680000521608016052789,,,
AC3C57B45D0CBC32DF837E25AFA3E914,SA2230100974017219819638,,,
AC09CBF26C98CB787049EC5D14DB46F0,,,,
ACF1502B459170BAF693B9E3308F6C05,SA9145000000014356471001,,,
A58C7FC68916B61D67E7E24BB7CD877C,SA6330400108038066490016,,,
A5AFFA0BDCD32480CC8B176FD6007F1C,,,,
3A71BFBE558E152F1BE6,SA6905000010011719819584,,,
A574536F6D013A4CB39163C0F789DD17,,,,
AC9AFC9A654DFCF70AC2E71F28C3049B,SA4080000282608010619129,,,
3ACBD5224CB458BC4B36,SA7210000062300165127000,,,
3ACA58A5310F35D508BD,SA7210000062300165127000,,,
A506E6E0F38565694B7315549BF26AD8,,,,
AC2361B2CF7F7F7D420FBF0212B6A4D6,,,,
A5DF63C460C8754971F115F7F0821BD0,SA5930400108038096640016,,,
AC951B0DFD9C2CC50B354BB60E5D032B,SA6010000026100000504700,,,
AC750B7D8074B9F1D460473752C0F7A8,,,,
AC21F94574C80D96FDFF0E47DA2DF054,SA6336036036022790459709,,,
A5362BD31E93F44D649F05FA25F82605,,,,
ACADDA39DA2A2E8D6D6FF2C24925FAC1,SA1980000547608016222945,,,
AC20807E3B2321246072807D0DF38FA6,SA9536036036015340001265,,,
A59EDF5664785EF2AAC91387E2547634,SA6215000900144602600006,,,
A5413E7FB81F7ED56F8305C6B13F0A47,,,,
A561EE213D4C9A5EC35E6535CECA82B1,,,,
ACCAB6234890D7C8881C2AC3C2B77251,,,,
A5B7A171D301534A87A88B96648B8EDF,,,,
A53835B50E67014D700739A28F46E09F,,,,
A57265B693F21336A11AF554BAE76C4E,SA1905000068203480973000,,,
AC9AB788C7B4CB72FAB49CB85888FC8C,SA5280000177608016422435,,,
AC76574399E7F85BDF98EE59B28429FE,SA2530100974017219495216,,,
ACCBCDA2694B8473A9307CDDABFAE1FF,SA8015000007777389640007,,,
A506AE4B14BD8601958E67F0CDCCA72D,,,,
A573BAB3CE0A6E1C1AF1FC73F02A2282,SA6630400108038090140017,,,
AC4461FDDCD5A539B6CFC887AC4B7F91,SA2530100974017219495216,,,
A5A2237EBF4312CE38D9B46AED57F9BA,SA2530100974017219495216,,,
ACD8A7001570E959341DFB615E9E1651,SA1310000019700000556500,,,
AC4280905580229D639032B02418899F,,,,
3A032B0B8900E6D8B194,SA9236036036034337742028,,,
ACB43F02B5CC85DC38750C9CE242C074,,,,
ACD59605BDB1F872647BE0C303A9233B,,,,
ACBDC543F2996DB52645D168BB81EEA1,,,,
ACEB63E43FF7C1590F2B186C67281742,SA7536036036091296827154,,,
ACBC6038F24A9D899BB7754B313DEF5F,,,,
ACE829E37F8A2FB4DA4FD1248DE44770,SA1180000132608016094071,,,
AC7CB417F97EC8BC0695415CF2DFEF56,,,,
ACD0F08B8EC7F74E8B47FE41DC8F3DCA,,,,
ACE4854C98FEFE2C57EEDD97C2F134AF,SA5330100991109683019784,,,
AC4381C4367E2CC056E4777F01315733,,,,
ACF74FEE3C19C18E7B2A74BDFE7B1F97,SA0580000866608010062976,,,
A5245837550230FA43359187D9D085B5,,,,
AC36F14688A980B194DDB07D4C26E2F5,,,,
ACBE7E301D944FA0D2962BE0ED9730EF,SA5580000201608016248715,,,
AC45D6A8B680D3C3EB8D829867AA02C7,,,,
AC5EECB4494C935AD093250771988CF6,SA4410000053600004060603,,,
AC46DB7940ACABCF91023B485899444C,,,,
ACC2255B144CD3AD8E44184E1CBD780B,SA2805000010011727455580,,,
AC65D0A45A995A4F0020E07B03FD1A57,SA1210000062300165127207,,,
AC79FBE4C5029695C439F24DA70499B0,SA2480208078810222121016,,,
ACE9EA7D0BEC3534EB04C27461E3AC93,SA8060100000682204164001,,,
AC07AA0F1B6B5FEC6674B013610207C8,,,,
AC4CA1A56168C928A7937507F7416BAA,,,,
AC4F6C8C1CADD67BA424C07066935A3F,SA2805000010011727455580,,,
A595821CC1AFBE14CD7C2EBAB6945AA2,,,10427564,134
A50660232E5EACF85A988E20A8D8436A,,,10441558,134
A545FE707D81A7B0928EB0E0B1CCAC02,,,,
AC05F0676967D5CEB60841800D66989C,,,,
A517A5E9AADB8F8FA9F4DA2A9C0E1E03,SA9830400108038087020018,,,
AC2194FC99129C51F3CADE4233707701,SA5605000068206814511000,,,
A54C74FA4604BD67228E6D1041945C9D,,,,
A5BC6BAE72B54C919F53F8D148956D3F,,,,
A5DAFCAC1313E7EFE8FCB2DDF43B4646,,,,
ACF04BA88B7C3A34ABDC8739E1D0000A,SA0830100974017219427428,,,
AC8D85D0408E4E3EF72BCABDAC2127D7,,,,
AC20E6710E7C43D5012B7735257A0982,SA7880000254608010231069,,,
AC17F513F1162552A65CC630ED58BF3A,SA2080000474608016123660,,,
AC698614B48E04AC29995C3EBBBC0667,SA1515000007777426400006,,,
AC69DE7E17785A11CB0B94B5BA7775C4,,,,
AC8DB8D630BD687D04D6E96A49FEDCB2,,,10441564,134
ACCD2DC89E5589CBBC5D75CC00ADB23D,,,10427565,134
ACFAE8D3D2C59CCF77FE34257F33FAC7,,,10427566,134
AC5EF07E750DB860B87A1629F3C83E10,,,10430561,134
4AD00B4E1FAF9D154611,SA1515000007777426400006,,,
3A52CB85F423FFE0547C,SA2805000010011727455580,,,
AC399C692E95089FADDF0DC9CE8CAD45,,,,
A576F93672E1908F866728133BB11EED,,,,
AC679C7327491D0AADEF4B4BF78C2719,SA6180000154608016200226,,,
3A5D948B59BF84952B00,SA4530100974017219469248,,,
AC37CAEBC44775F038E2693462C519D8,SA2236036036085075421544,,,
AC731675CB946C04290B484C79774703,,,,
ACC6EB04E46E4DF2A810DAA5D833242E,SA0980000154608016200192,,,
A5A8ED797406F868A374B4A6BB0A1EC6,,,,
A5F236B99676D0BEB846EB5F95A58DEB,,,,
A5746F711A111F3FF20151EDBA1CD7ED,,,,
A5F32EBA667B89A54C811DDE457FBECC,,,,
A58DC630CDD15547D71DAC10A2E2C933,,,,
AC3BC78D635CF93E25F4972F7E29F209,SA4810000000798668000109,,,
AC0267D25DAF654503E7F3293A1F13C8,SA2236036036085075421544,,,
AC32EC7AF807AB331D8CCCB366EE28D8,SA8660100031682203766001,,,
AC446E711132FF3928451BE2D76114A0,SA7230100974017219882661,,,
AC0CF3EB989154CD9A93431133A41067,,,,
A58B850A6DE85A267FE1B5C11D6684E6,,,,
3A91FF43296535FC057D,SA0410000065500039760705,,,
A5EE1E973744E6B7A38D445D1749253F,,,,
A5CF61CB44D058B894F08F8C91C12164,,,,
ACDB7A508EBBB9F67F003C5EF6853E3C,SA4580207956810222121015,,,
3A8EB6611E8654D53E59,,,,
3A5297196ED3B6BA0647,,,,
3A911A433F747C9E40C0,,,,
AC18A95CE685C601E7CC441E4AFB568A,SA9536036036087731305741,,,
A5C6D364B4FD9F8FAC076AAC8667EE37,,,10441560,134
A59C9E39E9B66C4FD154DCCEF7DA4368,,,10441556,134
A5E17B11426EFF40C07E92A82E5D3060,,,10441555,134
A5F87A1AE1F25945247D1FD9F9F70CBA,,,10427564,134
A56EC5BE215AC6EB38B7FFEF776226E7,,,10441558,134
A57F2009FC6EB68D93C8A7D6554AA349,,,10441564,134
AC6D275A9EF738D21A6F71E25A679B39,SA9680000177608016422419,,,
A5A6D203FE90DEF898811585F9799125,SA3436036036006138247325,,,
A552B21579F6450EF2CC247F6B7B096A,,,,
ACDFBE3E5735682411DAC398E7CE52B2,SA7610000065500039733510,,,
ACC9B435C6693AAC90D2AE4409992D19,,,,
AC199BA7EC0B68573298354CEB3F832C,SA7680208092083222121012,,,
A53E2290347872D5DEAB1311C9437569,SA0480000311608016355780,,,
A509FCE3F87DB30E1D3E963E5FF8CEDD,,,,
A5AB72892FEAD2A3E08A9301A6051E47,,,,
AC560FF3693841D4A61B0D2978E0BB09,SA2430400108038042380010,,,
A58406C601139530C1EEBBF90002DCF7,SA0980000154608016200192,,,
AC42181DE5D50DC8CF3C8638E41C5E4A,SA8015000007777389640007,,,
A58A28F317702ADC435490B728ED543C,,,10441560,134
A557C05D38A8B3D1FE16BB7B4315E48B,,,10441556,134
A5A7FBC716E66EF10B0878F2F72512A1,,,,
A5748B026A64E78FEA024A7B6E5088A0,,,,
AC1028737314FD1E5ABB406BE8B3BF6F,,,,
AC996A4911E8DB778A3B79C3C4A9B24D,SA2010000031800000247503,,,
A595F31D4614294E807EBE5803383868,,,,
A5A9772EC786E9AE3AC312676787523C,,,,
A54214E28808F0C662000EE45872B6BB,,,,
A57084A2E220C4B7BB2A2329DDAE9CA0,,,,
A5C9AA1DBCCA10ECD8CDE2C325F8231C,,,,
A5E8D1B4B1DBED61CCDDF9F2A1E6F53A,,,,
AC4E76A7B5A56C0962C697A46095316E,SA7730100803100443877013,,,
AC204C421C6F0A82E03065C52F48EB4F,SA8620000004113121949940,,,
AC1467A3E1D4C51C144A5CE7EBC81F44,,,,
A5F0E758E7AF604F3189B14010181794,,,,
ACF77AC1714E3E1526F1A6ED7258F02B,,,,
AC4BC6C1D7B0F7A7CA351DF8206C34F9,SA8910000088200001330908,,,
AC9E12BAC0C68C581E7E6CCB57511545,,,,
A596D41FF903EAEAB63CD94E93B8C18D,,,10441560,134
A58A98539E9C4593F027E04DC62842F1,,,10441556,134
A5C2835D592F5E7E778276D518951EA8,,,10427586,134
A5B4F1B3FECE070A39F494DC94F00928,,,,
AC9173CB5A44EFC372E29570EACAE7A0,SA6480000509608010029615,,,
A567895FC5DE31530541B56D503BE023,,,,
A52A72F6D612807D944DA9B3D0B4DAF1,,,,
A501ECC787FBBF88DC442951745C3587,,,,
A5B6E8D72574A6AB3D389655FB4DC32A,,,,
A5C6791784B5CC68063051990C23C78E,,,,
A5FB4D2A0438BBE4C82E50A654C64410,SA7678000000001121676008,,,
A5774F38EF6F2ED4D392BB279FD2B959,SA1315000007777188140009,,,
A52C84FC3B58766CB93349A8C551B17D,,,,
A55AF01535078AE4BCFC346D7D007E68,,,,
A55F56FE9CF509177BD26215E3B210EF,,,,
AC510C95847DDC3D7CCB54A43A52DD65,,,,
A52444E206C50C949756B0CBA69552FD,,,,
A5B7C24F0C1675B24E2AE1D85675DE02,,,,
ACDAEE9B3576EFEAC598DF32F021AC9C,,,,
ACC0330C6CEA52F450D3938F1924D2F0,,,,
4AD664C16351464E8DF2,SA0780000859608016245197,,,
AC40241BCA82AAD364E73481DDAF8C70,SA8380207956419222121015,,,
3A06673B7559D2D64960,,,,
3A399A7C3A1B209A5BE9,,,,
AC08C06AA01769717891731C35968923,SA3430100974017220155624,,,
ACBB05CA66D8CB7AAE5AC896FEBF21B8,,,,
AC0FD823259D65544655E763E5B2A4C4,SA5680000518608016172319,,,
AC50D00A0AFD63C568C5234D52173641,SA3180000376608016080638,,,
AC495860D57D1AF961173F708639AB09,SA6305000010011635907514,,,
AC4B09C5821294FEB9C950DC67E84F7E,SA2830100974017219952614,,,
AC50C75D95012FFEC911C30974C2141C,SA4630100991109822058449,,,
AC1EC8E30AB412B8AAD30D94A9EA88F9,,,,
ACA63A28B65A27BEACF62A812969FD62,,,,
AC1A667990C23B843DA5D6A7EA6E4ADC,SA1810000011100134812600,,,
AC11BE4E210EEB81BA2A829C4CE61927,,,,
ACA1488EBA7899CEE0BEAC9E3895465A,,,,
AC1C45D939F1A148126EB5EFB834FE5A,SA2036036036070988179383,,,
AC763610318457555BF5CDC4ED7E3DD3,,,,
AC282D5DBFD5062D9C86BF859DFAC482,SA5505000068202361358000,,,
ACC7C5D372C8B3243D10D14B800E0E8F,,,,
AC5B79B56B8F143D83E993A8C71C162B,,,,
ACFADCD10988EC9FD36F7C5FD305696F,,,,
A57CE7CA67FDB395F42A43947B2BC540,,,10427625,134
A55D4D634C72488070B80FDFDD4AF379,,,10427626,134
ACACD34E0EDB6EC08ADF834F8DA07C7C,SA7580000233608016113671,,,
AC4D7D0792FEBF730D4AE53A8DD0C60C,,,,
ACA1677FA241D00F93AA794F2ACC6F59,SA4530100974017219469248,,,
AC2D8BA8F668DCE9DD65675AEEF64871,,,,
A5C39FFA64029A2091B4CC1262786274,SA7580000233608016113671,,,
AC9C6B87FCD15543BE6DC42BFA0D8517,,,,
3EB0B3E5CD02A9BF15A271,SA6610000001400026328003,,,
ACED7081CAA0C4E60B59D6B8CF448CDD,SA9115000007777389420007,,,
AC7716F60ED086A8205E56DB7C94A2D5,,,,
ACAF7BA71D552AB02CB0A4088E6FD5CB,SA4380000154608016200259,,,
3A2A98499C9A3FEF2397,SA7580000233608016113671,,,
ACD98671859A41FCC944217354C47864,SA7080000546608016034770,,,
ACAC792808E8FD791EE8A809B845DDED,,,10427625,134
AC922B35B2DF868C38F0A9E5531B539F,,,10427626,134
3AE0F1DCC7F00B658201,,,,
AC7A5FEDA6FCE7B734DB4919B025FE3E,,,,
AC732396B6E289058922B7AA1295FA68,SA6960100031282201326001,,,
AC1EF80D427FDBC706E8713969E7D2C4,,,,
3A6E7523714BB1008EF6,SA3510000024800000599402,,,
AC16033FA0FEFCECE9010A692A532FE2,,,,
ACF2F391022978C2CAB1E803CC3441C9,,,,
ACEFCDE143539B2C9ADF65246B665D7A,,,,
AC58BC26139DC857E2CE6FF131F929EB,SA4280000558608010033963,,,
ACD3CB1E97485706900FA8E06FDF32B0,SA4610000048200000414607,,,
AC90F52F620A6429FB620DBE7909AA7A,,,,
AC737F0578485687E69800B7E29162E2,SA8660100031682203766001,,,
AC965FDFF81049D9670D6555BAF8AD3C,,,,
A51C2B082C597A4717BE04CDE697C746,,,10427625,134
A59FD02489797C5537F82EC7975BD498,,,10427626,134
A50EF5101968B58F4566BF3C7A79C9FA,,,10430600,134
A5D522CBED75A32B87D3AAAC6537ED8E,,,10430606,134
A537948CF28A235D02AE1FBE868F6B21,,,,
ACEFB6EF7E9940BF68F967DA1D167541,SA5020005298200000374827,,,
AC17F1D03670755A10623E2A9E9A992F,,,,
A545AFF9D6168ECB450EC908919BED0C,SA5020005298200000374827,,,
AC71E04888992E2D0720ED0397CC1F98,,,,
AC4632E72441C099E6C0B7003FFFE060,SA3180208091034222121016,,,
A5A06949F94FEE5CB657B31F3782FD06,,,10427631,134
A5A39E2DC31C7E691ED66388D48AA7B5,,,10427632,134
A5CD8543C64D7AC9FCBD7D2299B1FCA4,,,10427633,134
A5D8EE8FAE8B6B28A6803936DF893531,,,,
A5102D30C78FDAEFFEA812BA7B8DD1BC,,,10441614,134
A50F97EE330DF3AB370CDC3BD26D125F,,,10427635,134
AC979FD99CFBAE5239047043EF66FE21,SA3810000011100019108409,,,
A5E7E5822C070648DA148B52E081B99F,,,,
A53FE9D434844CF433A9C387E72C9DF1,SA8660100031682203766001,,,
A5486AC55FA9FB5BB171EB6D416DF45A,,,,
3A6899D7DC363B3E7BB6,,,,
AC299D212AF08E19EA24F3C71FF9F355,SA2730100991105180581243,,,
AC03B6F9E2A32911D28EE1BF3CC19D00,SA6480000509608010029615,,,
A5E93F5AE3D293B3BB9199F067DBC318,,,,
ACEF489355F5D4FFAF9CE82C623E2C04,SA8660100031682203766001,,,
A5F1925362B001F50BA8A50AA39520EF,,,10427637,134
A55B3CB8E0E4F728012D555CB5DEFCDE,,,,
A5051616B6D58153F803FB1E77C0ED8E,SA0736036036051884542068,,,
A576E404BDFFFC9B61ED8FCE36AFF691,,,,
A540FFDC563C8BEDCE4D4FC5B22F31FF,SA3780208101036222121019,,,
A5E5EB58552AC5AAAF79530CFFAF4249,SA2730100991105180581243,,,
A5FE7F05FB9DF23BA8DAAF6D3852293E,,,,
A5A66392CF9144B38276376719FFC34A,,,,
A5CF75BDA9590F8C106E2CE00436BCE5,SA6215000007777188670008,,,
A55A326A5EDB32B7EDE035DAD2190356,,,,
AC9549D9083A738DEFEA5E4828434EA5,SA0880000203608010788458,,,
AC645561DFF63D270BE14FAEEAD036F7,SA8910000088200001330908,,,
A5DAB144CD4CE25E64BA7A4AB9DF9B5D,,,10427626,134
A535CEA6A9457E6C82D2A2405B00691E,,,10430606,134
A5D7A9F9311E58C7A3ABEACED783DCB9,,,10430600,134
A5AFDE7602004A9DDB1B4CD84E38763A,,,,
AC138C1175DCD59ABD7CD89694AE9597,SA2210000097900002548009,,,
3AE678E86ABC20E1748C,,,,
3AE5A2BEC28242565E00,,,,
AC9024B52D540D0813394C7FACE64DEE,SA2610000010100002572309,,,
AC46FE259224AA33AF45E024EC18CC32,,,,
AC9914969D21E0E8F47166781493D1B6,,,,
A5FF202305AB2B9962AD700A5E5D1C23,,,,
AC35E8699632E8126FCD3293E67E52D8,,,,
A5133EBEC099D5360371585E1403A3B3,,,,
A51BDCB5BE97D290603AAE116D46ADA6,SA3278000000001268360782,,,
A509694ABCC85EE080285CFDDB5FBA50,,,,
A5A306AB176C2497DAF1A65BC6A17EDB,,,,
AC00ACF8230B354E53304B699A7B918E,,,,
A521E3771FC169851172145571059BD0,,,,
A55984852D68C6DF96E41F0341248554,,,,
ACF3FF9938403DF409B9315DBFBB0926,SA7280000422608016269078,,,
AC77CEBFF046CE42BF7F29D6BF270646,SA4410000030700000687409,,,
AC77336E4DE76B46D4950F8F0CA31F92,,,,
ACB85B18DC4583461144C8D943A59F9B,,,,
AC79AFFFEC5585FB2466BD215DC4DE84,,,,
A5217853594EF85B24CB7EB992A61A07,,,,
AC8B7EF8C3AB88280B51AB10CB5A4F79,SA3980000154608016200234,,,
A56C1F837CEDB1F6B7AD90484B069BE0,SA2180000239608017025464,,,
AC10616DE27E1037A9E7F0C856682168,,,,
AC90D3BE65D7C04F84ECE14F90D1515B,,,,
ACCA2FB9FA7231EF3766AE8754969C7B,SA2180000239608017025464,,,
AC9F986CEFA44BF6E02B345379F228EB,SA0380000254608016124102,,,
ACA75670B361DC106009934B6761FF12,,,,
A53CA54079C0E2668F7D4B5F6E3CFEBD,,,,
AC4F60FAA6261FC154B91BD3ECDDA323,SA8060100012882061101001,,,
A5A33F244A758787513A1647520902D4,,,,
AC69D84D6B6EE9C5830D39CE5209F6DB,SA9580000865608012808252,,,
A51D81A36B9248604A361C3423C61B95,,,,
AC6D84D9E2D1EBAF56DEE9D19653EC10,SA4805000010011731192533,,,
AC016B43F7AD49F8140C69A5958CA052,,,,
AC891B7289426D362D2EC52545901F6D,SA8980000315608016067803,,,
ACA40E8049DA6DE37DE67DE3B34D5DEB,,,,
A525461B3CACE8C15B1A5A83DA382F8C,,,,
A5C587136AAB60F08B2F5B1C11C573CA,SA0815000007777458120005,,,
AC75BDC4591653166BBDF1B3C470D888,SA2836036036028377209095,,,
AC7333387FAF5785645D2FE0B4AC727A,,,,
AC9C320F16529DAD6A24A2E6B08C66F3,,,,
A5CC1E83B65661F74084ABB921310DDF,,,,
A505933D106FD6D59B67884B66FEEF49,SA5005000068200206645001|SA2430400108095747240018|SA1195000001016061671002|SA8060100012882061101001,,,
A55C7BC74EBA118A28AAF798094945F9,,,,
3AE5F97E0E1F7ADABEB8,,,,
A53E0932BB14319B35F9846BF9973015,SA0236036036012972762850,,,
A5AC90968A7B0E7FC11529D3797EC8BE,SA0980000154608016200192,,,
AC4F9405072AE40927C45ECB9495EDB4,SA2180000154608016200267,,,
AC816A2609D391DC1108D622C0A0E487,SA2915000007777078860006,,,
AC67BBBFDEE76D44E9493F382DFBAB3F,,,,
A5B9831C4707E137A85B95BDEC4EE3A7,,,,
AC5A35FD348C5E25D6DBC990315727A8,,,,
ACE4FA96A59CA91ABE5E88AE1BA2CC0E,,,,
ACCB50176559C9FF0B0F2E89A8A35B35,SA2180000154608016200267,,,
AC768510B03DE4827C35AB70E9E84CCA,SA3180000366608016215483,,,
AC8D0394BDB1C53CE1D4A4FC7E98A362,SA6130100974017220936861,,,
3ABE758B6F9B46B1355B,,,,
A55536BA217243A7B2F80B813AED0CF2,,1132996966,,
A516C4F0B3EF1E21890969EE8547E495,,,,
ACEDAAB1650E5BDBA67D29B6A7B79368,SA4180000496608016183874,,,
AC74CEF90D0410CE6D469B479A6C251F,SA0820005298200000374904,,,
A5C19F9B72F9FF38EB87D73AF6D651E3,SA8836036036018232159502,,,
A58F0FE357F8E74DA4914859A7F517E0,,,,
A59887A2AD18F55B7A0FD26C8C5BC7AA,SA1310000019700000556500,,,
A581E7487EC22663AE00EAC3CE6E077B,,,,
A575F4B1F48037DAD207929849090D75,,,,
AC05F3A410EBCBB7328741F6D493B811,SA4280000283608010233177,,,
AC90FCC5A855E918FF178E97587047D3,,,,
A5C444F6BF22D34DB6C1371AD00AAF0A,SA1780000154608016200242,,,
AC73567A0C33BF4EE6B041D069D356AE,,,,
AC932EB0FE42CA13D784F92C7F61949F,SA9660100033481708863001,,,
AC6DA89DB83A132AD36B57F332B96C16,,,,
ACEE59A6646FB957D28B51D30F96DE11,SA8180000591608016210317,,,
A57316DEA47E4D80F184B656F4083604,,,,
A546D328AEC372F341C41DBEC0E2C4ED,,,,
AC3506D7DA06ECC9377A7D76E93B83D3,SA7015000007775374600017,,,
ACF4D7FA72B12B6007A85FDE0B652751,SA7515000007777452680009,,,
A5F503D2737D119BDD9D5433653CC4D0,SA7680000101608010674867,,,
A5694E0D2283186AFAD14A66555ACC6A,,,,
A5DF95A998E7A1C7E9D6C8B19CD28ABE,,,,
ACCAF8A1AF0AB416CAD49D5A0868E4DA,SA9336036036045009498874,,,
A565C4BC15BBD051791071305B9B4600,,,,
ACD3954D7721F23A8845612E5B4ED773,SA0610000096500003885900,,,
AC66011FA5B0596115F245B88C73CB70,,,,
ACB200BCAACC042B5BF03EADAFD42099,,,,
ACC12ED799CAD70E09CD8CEE4157C1B5,SA7280000422608016269078,,,
AC4631293C36050372CF017F0DE1E96D,,,,
A5B678DE0F6409EF81963051AF593990,,,,
3A93E081F42613408E3C,SA3045000000023326697061,,,
3A49386C7463BE252FB8,SA7730100803100443877013,,,
3A9987F9B193F86DD975,SA6780000315608016067811,,,
A587034F0344A532FBBDEEA56770FB7F,,,,
A5BA48E07076F59D2D5455A7EB553BE4,,,10450030,134
A5F097A51BFA1B23261D101167B7C990,,,,
A523483C94FEFC8507C8798445680409,SA4036036036004349260115,,,
AC9CB4885A53DCD83308B66BCF9B49A3,,,,
ACEA944E71F044047A04A74F1989986D,SA8060100012882061101001,,,
AC5C1DC1EF5258A485E41120ED5D4D13,SA3910000050200000412402,,,
A5A773B67B1CAEFE6318EADD1CD3B24F,SA9810000062300165217809,,,
A5EB64B03DDFF8338F9871D42C609CA4,,,,
ACF28DF73B633B0873EA43100FCAE1F5,SA5980201866846222121011,,,
ACEF867488153E02489A28D08540F0DC,SA7430100991102713648170,,,
A53E8E49D6B53FAB9409C5C1A0A43E2E,,,,
A5FE16BE1761F60B32959520902161C1,SA4830100974017220787812,,,
ACF6B3824E1697EFB1D3A48B75DBADB3,SA8710000024800000600406,,,
A5DE558E849E2949A6FD6BC6BDD8255A,,,,
A5AF02D0524302284F0E1C64A3D03176,SA5180000154608016200309,,,
A565451F36CD3CE3C53CD43126C64502,SA4830100974017220787812,,,
A5D40AD98143E7C6C845ECF73441D3DE,,,,
A5268505E5B05950201DA3C55731B94F,,,,
A53F61EC51E73560E3488838661F3854,,,,
A58D3478A6EAC490C82585F9E7C4581D,SA2980000154608016200317,,,
ACFD88D44BE2D86EB1D2CFA6D91A6248,SA4080000330608010454545,,,
A5A72D7AAA2B68086C249E902ECC98D4,SA2230100974017221398022,,,
A5E0C7FCEE9D773A96D0E05BAEFBCD60,,,,
A50E1B55034EBBBBC144CB41D8783B68,SA9530400108037992350012,,,
A5F1368F4B6ECCB60640E246AC4B5501,SA6480000322608016221260,,,
A5F69B825B549882FD3719CA37B0D28E,SA7530100991102945880896,,,
A5CD37AF81D372059DAB6A2FC4083509,SA8180000232608016336034,,,
A54CC472ABD8621D95ECB0BB3D55D359,SA2805000010011727455580,,,
A5D516DE69628778268A76AB4C9D5C0A,SA7015000007775374600017,,,
A55C1FCAE222C4DC1FCA36A54F740366,,,,
A53F959FEFAFCD53412ABBD3A0EC6E55,,,,
AC0F0C97EEA00EBA48BF2E03F13FB47B,SA7980000331608016112773,,,
A5BBC01CFE7BF032F27B4BDD61210B93,SA5236036036065809302635,,,
A5D22ADBA7E2055331B1A5B2B68D200F,SA8680000154608016200358,,,
ACFE98A33D90DDB556046AF569D2BD40,SA1180000132608016094071,,,
AC98736B303168B0591DD7E94D8B6772,,,,
A5AB809D3D95B20D4A5B9CA05355928E,,,10441614,
A54D57D8E29CAB6E7DB3DF209C180FB1,,,,
A54D1E7083146DE78865F64202D07647,,,,
A5B7157AD9322BB1520C16C77FF35B5C,,,,
A56968370C73C43A90BD84A4DEE76B80,SA9410000025700001587210,,,
A5FC353A9E347A70C363A324FABB914F,,,,
A53FD1DCCBA9EFAEEB44172EF1BC863C,,,,
A5BF6BB9811A514A4551A21488151810,,,,
ACCC8C7EDCC9D4EB393521CEFC0B4B64,,,,
A5BB8626445E457E55D12C1FDAED8647,,,,
ACBF495176093DAFF657170CBB05CDE7,SA6130100974017220936861|SA6960100031282201326001,,,
A58F8AF2B6B6412BEB1F22DA26856432,SA6130100974017220936861,,,
A504F61EB2B29809A09469CA5AF056BD,SA6960100031282201326001,,,
A55B9F35B1E80D86EA3FC5270E8A642F,,,,
A5496BEE911598F538D3A814BD6CFFF9,,,,
AC48EF68345205DA084AE6840385DD77,SA9410000025700001587210,,,
ACA33EA9A6F5F5C791608F55E0A71DCE,SA9410000025700001587210,,,
AC3C2638E4170FE8DB6A3E7B3C7274D6,,,,
A5D442A95A22B20F78CD764A3BFB67CF,,,,
A52A2D443D06C563D0CF785138689065,,,,
A582D6F31005B2CCBF0BDC8B6D770802,,,,
ACE958DA3E2AD384162194A8BEA73C06,SA7080000109608016029266,,,
AC8D440BDE76D9FBC26CFAB2A7A546D1,,,,
ACDB955F812EB15CA70B6DC059EF97A1,SA6960100031282201326001,,,
ACDD2F65D8DEFF788D463CAC41123C9C,,,,
A5F9D0361B7B18A829DB1666E3C486C2,SA2710000026100000504809,,,
A52FB9D53169A8F933AC456BBA65CECA,,,,
ACE661AA3E288C5B6325562EF8C94839,,,,
3AA1A269EA7A63B6F33D,,,,
AC1F105F1BE1694DD871C0CDF2073C04,SA2710000026100000504809,,,
A5B09E3C62A4E6AAE51CF84F51D8A3AD,,,,
3AF98559857D659B0A24,,,,
ACA339D021580B153A42039C60415320,SA6936036036043756641874,,,
A59DCB6583B3D9BD061E57C7BC691506,SA6936036036043756641874,,,
3A9A15F325B4F2C12AA2,,,,
AC07317E1A2E8DF6F4D826B378B0CBF3,,,,
ACE67D7DA5920613D91F3D5B43BB2424,,,,
A567515C93E21ED3114E81451E277116,,,,
ACA9AB9527A1B12C93BF813FC284720B,,,,
AC84D4ADBAC2CD050915C8C46A465323,,,,
A575B4B6C4EA62A0C68060C443AD0276,,,,
A572276639D3F69EA9DF0FD2E82EB96D,SA1880000142608016233610,,,
A55E3BD10259F44CD9FA971CA5E98F58,SA3880208105606222121015,,,
AC3988AA13A5E2DCAB24D66E8752521B,SA3880208105606222121015,,,
A5D41A5D226BC94D407794B6C49B1CC5,,,,
A5DE64222A68171ABCA5FF299496BD4D,,,,
A58DB8ADE48C23B4047722BC2C57A32F,,,,
AC476D9FBC6C933D4D02A0700ECBA016,,,,
A55F5F9783269EB57BD61855D417015D,,,,
A5463CD534D597CE538E940B106225CD,,,,
A5CE9DDAF64CB28818029819419DEB58,,,,
A56E15607C6C88D088EFFCF700D5CE9B,,,,
A55C2AF190BAD39D49EAD4D56B8285D7,,,,
AC7910FED7DF96DD4DD88005614CFC8D,,,,
ACE1D7F7AA3A482518071703E7DB2A90,SA7280205558291222121014,,,
3A89DD32E48EE652BD4F,,,,
ACF7C9CAB0F06AC2B06602C9943C939D,SA8080000118608011224226,,,
A57BF84D8D0D61565583190B7AC2A943,,,,
AC8EF740AAE9129D956ECBC020101683,,,,
AC024A51C196AFDD250E0225BB9724F1,SA0520005298200000374958,,,
ACF1C75B14D8CBF5A2D88B4B2D082736,,,,
AC97EE046EDD1298DBFCDDE27543F73F,,,,
A5578D783F5A07C6DD714ED7BB0CDE0B,,,,
ACF9F8E499849B556FB73C7CAA48073A,SA0380000463608010625101,,,
A53A56BE12B3650A926683786FE28EA2,SA2130100675020067030016,,,
A5F9032A265BDE19EFB477718673A31D,,,10454062,134
A5B4629A96EB82DA2072ED403C1AB9BF,,,10454059,134
A5AC8BEF5664C6ECB800287FDAC8E277,,,10454060,134
A58A3519242227BD34D1A9781AAD9F21,,,10447056,134
A527377AA868973BAA92EC2F5B476C4E,,,,
A5E6A55E95DF49F2EF632FFBEC8E43E1,,,,
AC2816937E4F953EC401FC5ABEBDD7BE,SA8010000062300165500209,,,
A53154B4040BC09D1525245D72364F0A,,,,
A5B886862B3D4CA83E8475FAE45DF984,,,10454063,134
A5327936BAC659538CD10A405CB5D4A1,,,,
ACCBBC55A2D9E5B6C4BDAFA0E2545444,SA1880000866608018261570,,,
A5AAF924B3A5554EFA19C1FFC4BB1E0F,SA8280000154608016200333,,,
A567158E737A8383AEE1F21E5EDE6176,SA8730100991106364169895,,,
A514476D890AA0CBD274A76CAF68B504,,,,
A57B4735DEA06258D7268FC3A5744A6D,,,,
A5089905648D36F6346B89B697356387,,,,
A5CA42D6DE77A73F8C4F62200563EC2C,,,,
A59BB69526D4D00E542E4FE20844EE4C,,,,
A588B5D9D2955E38B3F31D122834614A,,,,
A5050C79CF1F307D5163907D2FC73061,SA1780000142608016233628,,,
A54544029309031DEFAB2C1EB2515ADF,,,,
A5089868AEECEE8251DDB3211AF01E43,,,,
AC1F5213DDCC90E688234BA8F6F440D8,SA1195000001016061671002,,,
AC351420D6B8698810DB0FB96DE8A991,,,,
AC5FF0A05DC0CDE7CE710C8702226462,SA1195000001016061671002,,,
AC54344FDD5309F1D6BDA7328CB1C0EF,SA4305000068206912644000,,,
A51CAC946A1FC9AA007A763D245D1C13,SA6080000154608016200341,,,
A5E0F97689F277E10CE662A06C4649C9,,,,
A5EF78270DE00BF73113A7FC34550EB4,,,,
A588778E24C59EB096C683E877E908FA,,,,
AC7D6BC3FC990E97A3FFC4BF56E65512,SA1680000453608016108971,,,
A512F4789E36131AA5DE39842F5075C2,,1133450609,,
A53CB21A69AC11E257834717FCC2BBAD,SA9336036036040401690899,,,
A55D743BC6947BD077E45AE0E1FA6344,SA0410000065500039760705,,,
A561BAA1EF0DDD68D4A792839E3E6980,,,,
AC3513C09218E9D9F18A9E3309154CC5,SA1010000024800000591510,,,
A5AFD79F395118B2C848439AEFE740E7,,,,
A5EB59F1A696D27965B8DDCE72D59BD8,,,,
A5D09BAF2164586EDB270FD7AC672D8A,,,,
A5A9B1B2D65F40462EE0D792A89351D8,SA5536036036066529129978,,,
A5A82C03FDE9BC10179C5EA14B5C064E,,1133450609,,
A58955122C49DEE91501F0DA9FFC152F,,,,
A5B63C6946C4360C73975E2A7C19404C,,,,
AC83A2D29076FA3A54206433167C1CBD,SA5815000900145023120007,,,
AC066CD4859EA6ED3F22CED59E3106DB,,,,
A58EEBA85F0178B273D9C4F5AD0A7169,,,,
A5C21E28F40A0C0292E74FE7CE8A3C9A,,,,
A5062678570B41CBC2E5F40767F39731,,,,
A5D1B77938424B7CC0506150F2F75D7F,,,,
A5C741D0BB3399278F28930B68C2A224,SA1110000026200000999307,,,
3A4EE92660D952CF62B3,,,,
ACE2337A8BCB8002A4F2853BBE35C871,,,,
A5E95BEFC26B4A30DCD0FF240FABC06E,,,,
A5BE43B7D4E524A7388F43230FA6408F,,,,
A5CD616F5B9402957328AC6554CA2201,SA1080207278870222121010,,,
AC96F5C6EAD27B8A762357909F9F29BE,,,,
A5E3E80F7041A57CFB539B53C5F34065,,,,
A597774C40019D1B5E72B50C88489899,,,,
3A47772AD67A814C19F0,SA4980000857608114428523,,,
A5B39403219F9024A7228366343082F8,,,,
A517CC47F0D4F95D9B2D3454D9627D1E,,,,
A5BC3F549F44F5F0C85CBD33C20BD119,,,10454067,134
A58BEB2936398D5EF7306896F199BD2E,,,10447066,134
A5D0837CF2395B081CB7EE4F9B223E1A,,,10447068,134
A585596F51E89496D958C1707554FCBA,,,,
A508D605A13DDDD0AC80CF8E13221C87,SA8160100033482206967001,,,
A578C06729F3A4C62C5B8359821EB70A,,,,
A5EEA4FED539C83653894B74FFABD417,,,,
A594FFFD2D068FCF2C52921D637902CD,SA5215000007777482570003,,,
A57CB6D7D32792CBCF29910D0FF8BFD4,,,,
A5E9934C4ACD098118FED74397EA6582,,,10447072,134
A53FDB37EBED22BB85F5341E28255635,,,,
A5CAC0A5CAD9BFD351BDE016F235B111,,,,
AC427BAFD9EA9D73B612911FDB91A76E,SA8336036036072801611679,,,
AC1A3247E72424B37AF8F7287D198481,SA6215000007777488940007,,,
A56A829FF387B50775A777CD80B0EFDF,,,,
A5D0069C7FA9800A21C5FFD29884FBFE,,,,
A5BEAFCE68A1CDE6D0997956C5B373ED,,1002764809,,
A58602F9E9EE8AF30263E13EA7C8C1A9,,,,
ACE3A2E457829E624ECA5EBC06F19227,SA8910000088200001330908,,,
A59C14020CC9DCE795F042DC986ED486,,,,
AC55A732F9D5B4BE5542F3C397013988,SA6080000154608016200341,,,
AC634F5872121D7BF3AF80415249507D,SA8680000212608016129946,,,
ACDA7D283F92891B552BE5537452D8D8,,,,
AC76BB6F217337A583AD1B49425BC7F0,,,,
3A2823A9B14DDB5571DA,,,,
A5B7BE5BAFEA202890AB2B28E823619F,SA8680000212608016129946,,,
AC658C40512759DACB72DF2DA5A7C12C,SA2160100010482072470001,,,
A57A16033115680BACD594F4F65AD8FB,,,,
A586E445C023616129DD9717556F4EC5,,,10450081,134
A54DDCF66468806F1218A1F5B667C3A5,,,10450078,134
A588F83D2B4092925AAEEC290DC4A1DA,,,10450079,134
A5A750BF97B184EC922369DD69139160,,,10450080,134
ACFCFC77EA3ADDF6D9922A49FC6F1923,SA4130100991106918935257,,,
3A564D21E6C551C20711,,,,
A50A7D41E216AB9F960DC98CCC98148F,,,,
A526B49772BB224A122A4C26EA5C0CE2,,,,
AC8EC6D33CA5CB3C491AEE1046AF391F,,,10451089,134
AC1B35C2D08581BAAFFB549A6CA9E2E5,,,10450081,134
AC5017063E0F80C077023094331CF7D5,,,10450078,134
ACD96C7014A38B2A01E67B0D8F058468,,,10450079,134
AC88D0C615FE7B60D05ED9CE6FA5DBFA,,,10450080,134
ACACA21A07F656589EB0770CCB6901BA,,,,
A5764AD47634AB21F99238C011143800,SA0915000007777488060007,,,
A50FD416B71FC1CCC1A3271A07561D62,SA6215000007777488940007,,,
A5472577030A0744974BDCECB845130F,,,,
A5E78252B3DDBA5DF14F92B8E52CFD46,,,,
A5284EC7F985B2704E26C46F2C8773C3,,,,
A5491715EB611FE813338F1A4F8277FC,,,,
A51D85CD3CA9BD6C7E9D062723F170B7,,,,
A5AC5DE46E05336F798426F1DD44DA26,SA8015000007777488150006,,,
3A24C8A9BDA145C38251,,,,
ACD292E00CDD1425BACAD4BEED440364,SA5810000062300166137604,,,
AC7FAA2277F30502412D853E1180B183,SA8015000007777488150006,,,
AC09A54A7CC5A641CE81125ACD882807,SA1180000335608110026966,,,
A55C426E78AC0FFA9974223FF4FAC51A,,,,
AC4E4807DB1CA90BB928C05325577C5E,,,,
ACEAC9E4A65CE5C6CCD6514BB20A4F90,,,,
A51E2D35ECA06EB3EB4D4592AE907580,,,,
3AEC1B86CA76407691C5,SA5115000007777458230005,,,
A5669C160BDFA15818631C9B8B2F71CD,,,,
AC3F97F912DD6A3EBFD0EF336723605C,SA3910000001400029726302,,,
A50F39316F4B8CD0AF37AEE6747AE561,SA2315000007777488970003,,,
AC4B27A19FBE0A715D40340CDFABACAD,,,,
AC3EECF307F2F9D430F4714D4D1B3677,,,,
A544B18030A58C544791FC26379EB2C7,,,,
A5FC09607A92DC49AB3358B16B0520E7,SA4315000007777488460005,,,
A5ECE79FC262C537601F434EBC64E000,,,,
AC28435C2635C307A001971012818C6F,,,,
A56B8B833D01707DA8286EB20ECF5C77,SA0915000007777488060007|SA6215000007777488940007|SA8015000007777488150006|SA5115000007777458230005|SA2315000007777488970003|SA4315000007777488460005,,,
A51E1F61D9102DD397606E82E77706AB,,,,
ACC4ACB3506103C83B4ABC845B2E48BA,SA8680000212608016129946,,,
A5FC317403AB46351BAE3F607B323CAB,,,10447112,134
A50C044E4A3A4492E0A0502D59F38640,SA8110000062300165703503,,,
A58BB39160FDB1733F12854833712423,,,,
A58265A6EAFC4BFB6D191E8EF21ABF75,,,,
A52B6B701F6302CD1EB607885EC21122,SA6480000154608016200366,,,
A57C88A6B4543D1EABDAEE3527D69603,,,,
A5BDBA9B3068297314B0D60E1CCF3CB3,SA8680000212608016129946,,,
A54D9A7F88D17D0F67E1DBF910E80D26,,,,
A55AA028DE4761D51B3372576B1AF24C,,,,
A50BF5FDFE8B1BEADBCECC88FCB30BCF,,,,
ACD864FA4E67132935682A4EDDB67434,SA4315000007777488460005,,,
AC92E53A53587692A09612A7CAD2352C,SA4715000007777488600001,,,
AC75E9833CB2AECA3D9E6C4BBEE0AF34,SA8136036036023661068723,,,
A50A45F4BAABCB0EC3172C44A11D4A47,,,,
A591E39BD32B98F5FBB18A7E53944A0B,,,,
AC8229D7783042391EC197329B09A564,SA9580000858608013445601,,,
A5DFF40484E84585E44167A49B4373EC,,,,
A55DCE4AA4D74990C60350C0DF01BE71,,,,
A592CD67BA625E78869F9E0C9E756BF8,,,,
A56ABD767049660ECEE9082F98F74629,,,,
A5BC3A8638242909DC4AC904A44638BC,,,,
AC2984EE09B716B91DA6BDEA3A39FC49,SA8680000268608016034123,,,
A5C84309E2BA6534892476A3968E8CEF,,,,
A583754D249EAEAC512423DFA5C0A150,,,,
AC2531249F4AAC853AC9604AA34D1807,SA1210000015500001676302,,,
ACDE49A6147239FBC4C0FDD4974710D6,,,,
AC37827E2702E2804A59307533D21EFB,SA3715000007777513150008,,,
AC2A500FDB139570F9FCA83153E32C54,,,,
AC4B95BF4BD7E2B2D6A8EBC2DA51D720,,,,
A589BE56C00DFFEF8A5D367D4883566E,,,,
A56F5F6BA54AB7FDBF48411B59730FAD,,,,
AC56973301E3A1DA1BA60F6C80C99816,SA5280000668608016009303,,,
A54A648230CE4E92A26C0EB54D753886,SA8680000268608016034123|SA5280000668608016009303|SA3180000555608016058108|SA9580000858608013445601,,,
A568BE4688C7DA5AB5ADF3094EDCA098,SA2515000007777517270008,,,
A5854DB6E176F60C6ED035122E317326,SA2515000007777517270008,,,
ACC1A913A1EB5B10302A2BCD547E587C,SA2315000007777488970003,,,
A5B594591848197C97C7F7EF0DF4AB4C,,,,
ACB3FD0776E2202CAF4E12797EF72D98,SA8180000355608019206128,,,
A5A63241CB19C222C18E36345E1C9CA8,SA5180208113031222121016,,,
A529473A0BF99173381E615B2F46CAF3,,,,
A502ABCBE93DF9F988B437FF5CCF9FA9,,,,
A53EBF9FD9D349E9B6B4D9140EF08C48,,,,
A56725494978CC5B3D3D1AD245576C93,,,,
A5E6CEC97003B51A43E505856B9E5FF4,,,,
A5B3640C9898FF9424ECAA8462F50870,,,,
A5B65F1EEF0060AC9627027433E16E9D,,,,
A5FD1201793709CE9C8CD94A211A57A4,,,,
3A5BE579600ABFB9039D,,,,
AC8CBD9D967834A37E893BDCB4C1577C,SA5115000007777458230005,,,
A56F0C973DAC982DFF7B6E24B4ABA72A,,,,
3A1321EF97DFA3512A40,SA7210000001400033334205,,,
A5764A1D38E89EFD823CB676C74ED0FA,,,,
A5A997B48630D297BAC51346B001A054,,,,
A596ADCDA9DD515491E2B352D71D0653,SA2515000007777517270008,,,
A5E8AC3F840A5794EB1131718A733C42,,,,
A5E99AFDC5B6E643C9D6269427313D20,SA5805000068206913508000,,,
3A4D38147EB8977D1104,,,,
A5B246E07F9A1B810F71AB022FAD0E9C,,,,
AC156BA433E44166685E95B7A1E1EDA2,SA9180208109532222121019,,,
AC16EDC054D69049E92056E62C73CEE8,SA9180208109532222121019,,,
AC81513BD1AF7C1B50A4A66A5D8499A4,,,,
A55509EBD1E01F36B5A27304190F504A,,,,
A5FF8A9E915201EECBDCF9AD99044A10,,,,
A510E2E48A82403E889A6C3AD677D77F,SA0410000065500039760705,,,
A5C78AECCF1D60E317EB4F8CD500631B,SA1615000007777517560006,,,
A59DF6263893B227847976223D780140,SA0780000469608010076291,,,
A52ABC01C2D48B6A376A287E7FAEFE5E,SA0780000469608010076291,,,
A5BE5EE02CF5EC08CA2747B51329159E,,,,
A5763189B1E697832C91D1806C53791B,,,,
A5C6010D1E6754389500D7415C9BFBD0,,,,
A5FF78CACEB29E9DBFA32278904193A9,SA7180000431608016051657,,,
A5D2E0B890F72882AD1E02FA3FEB0025,,,,
A5A339419EE5F5EDAF14A5E4B5AAA4B5,SA7180000431608016051657,,,
AC4060455DE0834A15EB699CC2A7CEFE,SA8380000866608010187963,,,
AC37083DCFE1C2BF980C82A458A17954,,,10454129,134
A59F76081B6BB72134A98CA94660F684,,,,
ACD46E50949DC4B0EDB82DC800B156FE,SA5380000165608010201243,,,
AC4708D5AC2022B73F384C34D5BF53AE,SA1615000007777517560006,,,
A54D0923D7D3C8A310BB830E03B54FB1,,,10450114,134
AC129AF7A74D4DAFDC2CDEFADC69D498,SA5680000470608010202332,,,
A513195616025532E9CFEE2A8409264C,,,,
AC6806EE31B31E5EE25E1E76F87B84D6,,,,
AC0B490C4F23B64767AB5C20B775F9C2,,,,
A54D3903063B29C15CC50CC9F73D07B7,,,,
A5731CDD2E885A988ED83B0EF0B46DFF,SA2305000010011732343500,,,
AC206BE80B6674962A72D19B65167B0D,SA8715000007777517650005,,,
A5798CEBA8FF45ADCD99DE87B0A846AB,,,,
A53F3775647C9FC4256A9B96CCF9C25C,,,,
A508E030D072CE4AA68A977D3359CBE8,,,,
A5B1D52C65A1E8444705407B22891255,SA9430100974017221482668,,,
ACA272756A5816D1B16F1EE371448EA5,SA8280000562608016104564,,,
ACEC72E972F3F77D95B6B070A9B4F135,,,,
A5FB09CA6C1391D20550A54929342296,SA8010000011100018245905,,,
A5E1059BE762DF76B7C89E06B5A1D512,,,,
ACE8373C7D7E8501A77F38E9DEA3EAD9,SA1430400108038137100011,,,
A5F1A8778B1D44D8B1586170D3B6B840,,,,
A506FCBD1D580F94830BFE807BB14082,SA8715000007777517650005,,,
A591F761EC25A08093CA7C8245CD2240,,,10451108,134
A5C9241F2BF9C50EE6209C3534715010,,,,
ACA66F08D404C1CE51C57752407958F7,,,,
AC2EA0590410E1A4DC721754386D2712,,,,
A52CAF0862956A4890F04F34547D9058,SA1615000007777517560006,,,
A5A7677F8400BFA52883F966A8361DFE,SA1060100033682207934001,,,
A589D2AB4D66CDF3FC8BF30C5EAC346E,,,,
A5B1901E3A1070193B0B3253D988CBF2,,,,
ACA49CDA37ECD5A9BF1D0848AE6B68CD,,,10447146,134
AC970C3B7967D657CA34085003E2740B,,,,
ACD247741FC8870486E1F9B0C2738D6B,SA8180208113660222121012,,,
A56A82E8362C81A1300A0F12D5B21994,SA8180208113660222121012,,,
AC034DB522578453337DA4B75FC9D0C1,,,,
ACEF8CC3E7A64365AD87406B14DC3642,SA1615000007777517560006,,,
AC788B3D65D968D8D2CD0CE51AD7EAD5,SA2305000010011732343500,,,
AC252C764E5213C00B3457B44D939123,,,,
ACBD49AD536FBAB5A82F7F3621DFEA10,SA6915000007777470260009,,,
A56A776CBD2EBF013D7A691738322D9F,,,,
ACC504D48AD3250F73A3ABB7B09CB4B0,SA7730100803100443877013,,,
A58A0B2CBF38A3FCC8B480BE563009F2,,,,
A5929105F7F76D72CD82D5A372C9A0A2,,,,
A5FF942445FCC0FC06FDBA296BC2D8F2,,,,
ACB569CB0F7352A1FB16FA8525FB0C90,SA8715000007777517650005,,,
A5E772FEC69D61EE3E4C718AA480647E,SA8680000212608016129946,,,
A5E31BA98A718723602711D0F51F1450,SA7215000007777517730009,,,
ACD6A344F1333919C3716C9667B7FE00,SA7936036036006628908599,,,
ACB3D774A34BC12984C5A935C0EA7B0C,SA7215000007777517730009,,,
A5C7BEA63245A9DD477C31D592B7419E,,,,
A5967125E2B606F86CFC1785E97BC195,,,,
ACEB0B789735F6DBBB7C1B72E3E319EF,SA4180208112968222121010,,,
3A04A9407FAA344F229B,SA0915000007777488060007|SA6215000007777488940007|SA8015000007777488150006|SA5115000007777458230005|SA2315000007777488970003|SA4315000007777488460005|SA4715000007777488600001|SA3715000007777513150008|SA2515000007777517270008|SA8715000007777517650005|SA1615000007777517560006|SA7215000007777517730009,,,
ACBD319133AC59BE09C6F775A8F4684E,,,,
AC63389700FCDA64A7A5D02B8D35B93E,SA6915000007777470260009,,,
AC0109783CC641B9F1172117C184C274,,,,
ACF15F53112F8EADBF332BC95DDC3B8C,,,,
A56C199BE42ECC317A7BCBE5C7333ABA,,,,
A5E2715B4295D4D0E8B7BDFE3F22A2EF,,,,
AC307E824C85D7072B98B742FE949ACD,,,,
AC561679E460BB98D7A3EDBED00CE2C3,,,,
AC41BECB4A6E334B28EDCBDAD3113312,SA0380000463608010625101,,,
A5FD61EC3E534B8CBB7F45C3BFD993F8,,,10451123,134
A55F63D9C95107283A55FDBAA833462B,,,,
A5EBD45B41E8132D7DE77FC12996BF6B,,,,
A50934BA0AF0D73F528F50C316EF2F31,,,,
3ABD4DF2A6E8E624F7CE,,,,
A551D3CBD6A4FE89D47649AC4F1A3DEE,SA1060100033682207934001,,,
A5841CA9292D03FF7089B244E53496AE,,,,
A50449C1464A22B24D194B0CA5C31991,,,,
A541294DCC4FF9A0CAFB9BACE45B5AF8,,,,
A5F7C54B46C033BC912A7620B6276E52,,,,
A50893900535A5AE010FB97CFEA9C29C,SA3780208103213222121012,,,
AC12CF9F32C130C64103B3F288644EAD,,,,
ACFD14472D2DEE06B59D796647AD723D,SA1430400108038137100011,,,
A576A6E832DF590F4E5B5A6419F72E67,,,,
A51494087A054F2984FE3291E601527F,,,,
A50F796D3664C99DEBAA2C60AE9AE02E,,,,
A58F8A360EC5A4EAEDE618271DFD6A39,,,,
A515DA2B3C1C738073FE2FCB9F02F8D8,,,,
ACCA5F9381B0283BDD33BF2B80C5D05C,SA0420000002902073199941,,,
AC387315EA82C83DC65F1630DEA374B8,SA0780000644608016871024,,,
A50B117320A2D36B2313234C65241974,,,,
AC42F1BCC00F35FA60B4F9455A869C30,,,,
3AF62F8BB4C63C336569,,,,
AC8862DDC5E997EA1602D130D24C6081,,,,
A5F30E86948C79CD0357CA9F2B6ECD81,,,,
3A09D56A5A6906A62889,,1132511864,,
A533E2510343351E6B1A0137146DF5C5,,,,
A5801208F9880F83B1A977570D34EB70,,,,
A58F3043759C7B114ED400D0D85E431B,,,,
AC01947C0A3628D3D5A26055DA3FDA8C,SA7210000001400033334205,,,
ACBAC232EA6D3ABC28C097AB3AA9FD4C,SA4493000001479349022000,,,
ACFB5D07AAF79AC18E0F144CDFDCD665,,,,
AC13C497DC701B187A4097AF5FEC2918,SA7280000422608016269078,,,
ACF19C957C86B6962FE20449353F0B87,,,,
AC284D55B48F96BA5A1ED074350B9B28,,,,
AC56FBB579B6770120E7C5D529CA9EA8,SA9115000007777453980006,,,
AC93F992B6E3A8E9926F481D6687CC18,SA3730100974017221905062,,,
AC814A7DA9399DAB0C9CDD23BBFDC351,,,,
AC0B98BFFC687B57E58BC9DCBE86F819,SA8715000007777517650005,,,
ACB4530ADF0C5E4DD43AE51EC41F0468,,,,
AC999BE6ACD4956215BEFBF4DE5C6E98,SA9680000336608016344629,,,
AC563A302FA9BB21D2F42249EA011683,SA8015000007777488150006,,,
ACDBDD8622B29B457FAB8097F2C4DD6A,SA3215134018961023441201,,,
AC6174B4A4C872DF5BC2E8D7D31B69E9,SA3215134018961023441201,,,
3A93BCE61136307A4BDB,,,,
A56B8079C53E4F5137CA3C0E34084D27,SA0915000007777488060007|SA6215000007777488940007|SA8015000007777488150006|SA5115000007777458230005|SA2315000007777488970003|SA4315000007777488460005|SA4715000007777488600001|SA2515000007777517270008|SA1615000007777517560006|SA8715000007777517650005|SA6915000007777470260009|SA7215000007777517730009|SA9115000007777453980006,,,
AC0B4E66B212863F487B0B287EF1571C,SA5210000026400001132807,,,
AC4E5587071525BEF771D69603B3722D,,,,
A5A0B264FE73E073823352312689B530,SA0815000007777458120005,,,
AC0C7CCB62AA3342F1E5B554BA15C6C5,SA7080000640608012436511,,,
ACE947C290CE7977143CE1414F18B567,SA5015000900146138780007,,,
A546E6B9D086A3122556A78F547B245A,,,,
A59B9952EEB0E7A234B55C439A371F20,SA0915000007777488060007|SA6215000007777488940007|SA8015000007777488150006|SA5115000007777458230005|SA2315000007777488970003|SA4315000007777488460005|SA4715000007777488600001|SA2515000007777517270008|SA1615000007777517560006|SA8715000007777517650005|SA6915000007777470260009|SA7215000007777517730009|SA9115000007777453980006|SA0815000007777458120005,,,
AC1D38A72E5DF5123FAB4BB08CF48B7A,,,,
AC3709F5E494A0DBF9941D532E7F5237,,,,
AC5A9EB18F43E63E043FDC970CA3FE34,SA7080000640608012436511,,,
A51ED62F0D2F4A5E75C0B73AA4353391,SA0530400108037382940014,,,
AC9053E2B1DE709134F6270E52E13D74,SA5480208067853222121019,,,
AC6445129EC00A519C0CC754CF031882,SA7060100031482209583001,,,
AC75CF00C0D23A685E8145F53C32DCE9,SA4330100974017222141634,,,
A561C43BC684F72974E06B75853E82C0,,,,
ACB606D1585F0AE844A522B23B170A4F,SA0915000007777518240005,,,
AC6B26405D59F6C941599AA57F75F25D,,,,
AC411D0AF34A6067E53209C00FB038F7,SA0230100974017221560081,,,
A581293385BE4A776ECF980FC8E74CF7,SA7215000007777517730009,,,
3A19DDDA36AF385DD0B1,,,,
AC4D8B5FBE287BA5C2CC2BF1367A7D1C,SA7215000007777517730009,,,
AC65BF6E1F15E506C2EDA831AF4D1471,,,,
3A3ABC0FFFB82F968686,,,,
AC1465EF676A3A63E208E0EF100B214B,SA0915000007777518240005,,,
A55E10C19701ABB1CB1820473E8F7756,,,,
ACAA3D75AB824510E511239395AC42B1,,,,
A52B240A7E5D672041D82D8BD5370772,,,,
A5B2DF2D6EF6D001E4C47F6D76C9951C,,,,
AC59D4F00C3DF8B8BBCE46F0D93F0348,SA7280000154608016200416,,,
AC8ACFB47DE082E007C4EF22DC90BEAC,SA0830100974017176689422,,,
AC5190D185E35A8802EC1BDA5C263335,SA6215000007777488940007,,,
AC39CDE6339E460E75A5D540A2DE72CD,,,,
A581CC4A8F5A15C2965F923A4228BE88,,,,
3A7D93AF42AD73A87D57,,,,
AC824AF705F96F6A38058E6721AF8882,,,,
A585B769AB91809DB6E64D65C19CB446,,,,
AC38128944F81CBAFB867B2F3698AFD0,SA2780000162608016041455,,,
3A21F405CD04846052F4,SA0910000008200001017606,,,
3A578D0B3823AA493249,,,,
3A6E34ADB590A6694446,SA8780000168608016156281,,,
3A5F7483540796764697,,,,
AC609C222FDC90B3CC7F73A0E1898E9F,SA8780000168608016156281,,,
A5AA82A375A3C6239B2BD5D400531DBE,,,,
AC1D5ECCE854F826DC20E338D88434D7,SA7615000007777530590003,,,
ACE172FC162338FC6A3DE464853B94A2,,,,
ACFF2E718D56C0DE5A96BF0218C2892A,,,,
ACFC83AA05C518F3639B17FBDE464138,,,,
AC50776C3766B49ACB31BD4030DC7213,SA6230100974017221716820,,,
A5308D9CF119C7269DD797DA7F876828,,,,
A5C60C7CDEEB18456DB7AE4FAED1A7C3,,,,
A55CF516FE45ADAC9C2F21C9AB891BE0,,,,
AC92B5E87CC5FBD98CA62E61C6617481,SA8836036036097734045874,,,
A57AEBFCA61A1443CC108BD4A7C07622,SA3280208116693222121010,,,
ACA35AA1D038AD09BF217E40216A1DDD,,,,
AC1677DDA51B75C62A3321CB1BB05C43,SA5636036036076291651795,,,
AC4D4DC0C0FBCDBF0BA80C79A5CAF60E,,,,
A522908511860C4C31C7F53BC3C620BB,SA9715000007777544290002,,,
ACCB71DD51FA505A6D19594D60E2DA4B,,,,
AC61957345515C1C355C48750ABF6C82,SA0780000644608016871024,,,
ACDB9011D0638320943B3B34CA630D23,,,,
AC331C297C432004C9EA0A934E1438D7,,,,
ACFB43224A649A6A8DE52299ED9AB950,,,,
AC5238547990A83A4D0F88302DD2A4F2,SA9715000007777544290002,,,
A5E9F4D4199C4569DB547983A52C2AB8,,,,
A567BE7147F4FADBF3B5E097BF7095D3,,,,
A5B2580459061E0AB454FBEC0A70E84C,,,,
AC2B2C84AEB9ED29314D448D90AE60BF,SA2130100675020067030016,,,
A5B84B86224866D16D52CAC70CCBCB51,,,,
AC6F5B2F7BD65C4F0C5239DF37FBAF32,,,10447200,134
ACA8A46EDD7675EB44BAD7D94C58EB7F,SA1678000000001254940441,,,
ACAB609F7C7918E78F06794AA15A5DD9,,,,
A5E575BACCC7DBD3CB53A51009E5DFBD,,,,
A5D37B850819A2FF4DF72CCBEF227339,,,,
ACD19B21EEA942D13B6EFA0A73262B6A,SA1336036036049335296212,,,
AC385F44EDF013982A135526865FD4CE,SA7436036036098875401573,,,
AC4E8751BD9EBF1CDEE372251E63BEC7,SA3405000068206913406000,,,
AC7219AC84001EFE8A66E3331BF4DBFB,SA2380000859608017930284,,,
AC4368C1567CBEE3D84958E6079E5E3E,SA2705000010011740237579,,,
ACDEEF057BA7E6B2F2F4498D119D4019,,,,
AC59BFDC53D6EC5CFF49335E059F91F3,,,,
A50F01F3B8D9CC06BF624655BDA96B35,,,,
3A8ECFC0031120AAA0C4,,,,
A55BC48B56FEB890B6098EF9ED6117DA,SA2080000154608016200382,,,
A545E4DA7AA622CA7B681EE9E836FC76,SA0680000154608016200440,,,
3AC085F56D45225BC307,,,,
3A224859A94700866646,,,,
A5796F20FB34005A1A746E62607C346F,,,,
ACFE8471357BF85C7AE26A635247238B,,,,
3A553F2E6E6C11AD8DA3,SA0780000469608010076291,,,
AC84EC5E5E4B939D3D43E8A4602D849A,SA4610000048200000414607,,,
A586AC14895F3D70137121FBBF0E4A72,SA3115000007777545280008,,,
A5314C8A4FD55E6529C65272A7865A6E,,,,
3A7D9458EE1F6CC843E2,,,,
A532A2AB1DA7AA683C44FD33A07B8803,SA0915000007777518240005,,,
A5D090239CF9C1B148739D4A502F6FAF,,,,
A5A1B804C61A4F32696B54AACE92AEE2,SA2430100974017221566669,,,
A5FA7968D7775BD17FC8D7D28649C289,,,,
3A77F17065600C81922C,,,,
A54DCC9FDAEE1A4643AF0E1B8E6EBD03,,,,
3A96E18E6A9822233B97,,,,
A5AC01AB7592860C320563B2CB394BC5,SA2710000025700001598601,,,
AC2467B9D07A3D77CE29997E6BDEFA15,,,,
A59F0ABC5E0521B16DF7084246CDCB5E,,,,
AC850D1A2FFAC90E85E813F00A720976,,,,
ACA96EAC83E4CFF61B88ED73BA20846A,SA1880000858608013129312,,,
ACF2400B7E5676D3944DBBD5434517CC,SA1410000042500000443210,,,
AC56FB19C9203ED1E6EC75B646B98624,SA5580000447608016379878,,,
ACA5F5B36AE3C3F31680A00900CFF8F2,SA1136036036049821713806,,,
A50F97CCF9B9DBF97B3DF5C65DDBD4AB,SA8810000015559178000110,,,
A54A0873FD47CE6A33F0AD333236D06D,,,,
A5ABE37DCD8F60DA1BA0BF6B00DE0AAF,,,,
A538EEEBA00BB32AB2F16F8030CF7825,,,,
AC88F19D146F1D42CDF99CCE605838B6,SA5530100991109203982435,,,
ACCFA8FCB15118090CD4B84F7BD6231B,,,,
ACA3017AE66E3A727A9E57547785CC45,,,,
ACC0BBAF1221BDF545F15A2677878FC0,SA1510000044180758000110,,,
AC3C7BDE0E4F66807A9BC9DA54693F4F,SA3680000671608016297143,,,
AC8948A249C12A1E2CDF854C607601F5,,,,
AC70AA0F3893FA7A6E2D2DE8B7BFCDDD,SA3115000007777545280008,,,
A5B0051C4EFF45A051B63C32D8D441AA,,,,
AC67680EB12B5A3ABB985C2ED4D199B5,SA3280000614608016249334,,,
A50855CE0E8B917B93516C9C3FEC370C,,,,
3AE8FB9A0C5A891A3A03,SA8980000640608013859547,,,
3AF2B458CCF3EFDC6B86,SA8980000640608013859547,,,
A5EA4AA34D92D8E8FB47546D7E48C016,,,,
A5B6D250D3817AF3EED22352C89C2C77,SA0515000007146173670001,,,
A535287EE5CA2A0F1742B51B0E1C69BC,,,,
ACCB6339A7423DBEC2B3E9C520E4F282,SA1380000109608010190601,,,
AC3E753412FE16829B2D0C920759AB07,SA3980000224608010121333,,,
ACB136F49B36DE1E9D1557D0A94CEE2B,SA9080000475608014751255,,,
AC277CA9D1D518B78547DF65EF58B9B1,,,,
AC2DF0E5B6B8ED956005925108C8AF16,,,,
AC0DC18C60FC152DF5EAB4DA6B8C0ED8,,,,
AC86993F56109DC2C62E9F33D391F7F4,SA5580000856608012052046,,,
A598246A8DCBF6B55CDFC0BA0AEDBB57,,,,
A58E0D4F7A4FC874AB04EA0788D197B6,,,,
A58E57036CFD2548A58B1379380303D1,,,,
AC42E32BF4DFA2B1398A975D4B46AE6B,SA2680000858608013954735,,,
AC75ACD95D6D1AFAA20295ABB31A6DCE,SA4445000000023335052001,,,
A53DC6E46D44725B7C40D49352842C2D,,,,
A55B4A309B69DF2943CCBC1D0D2DC89E,,,,
ACC2F70D6817AC61E1A13B3E539CC0E0,SA7280000378608016060497,,,
ACB41BBCF3A704CE4FE3E8DBD242A5DE,,,,
AC2FF63F32D6AD3B442A5969C6AE0314,,,,
3A5E203B1237B02CE69C,SA1230100974017221591814,,,
ACA33EA14FC4317AA0F46260E8D99991,SA4130400108038003130012,,,
ACB556A1C5AB5A55E1EA3089A0DAE166,SA0580205977780222121019,,,
AC7A6B92AA6BCCC44F77AA01E4FE48AE,SA9730100991105036906105,,,
AC81C63FCBDC4C363A74A83DF9320864,,,,
A5099991D87D963B783615CAB2DCCD15,,,,
ACCC3B2EE5D1682750D1A9CEC308B1A6,SA3115000007777545280008,,,
AC3F3A6502DAC1C7A1D9BE89F9F6C7E9,,,,
AC706B541E32AC4AC251F146040C9EF6,SA7410000062300159434810,,,
ACAE72DAACB3F200301C857B64EDE365,,,,
AC948C6E2BB16783C765ED9ABBBA7F88,SA1110000033500000217607,,,
AC509BAE1A8E89EA7F8C07DEDE30254C,SA2080000859608010875916,,,
AC8198D4585070B87C72EA867F4310E7,,,,
A542BA7BF9D0719C7177E5AAC7B692F2,,,,
ACCFD7E64EBBED7ABD4E83A4DA8A5872,,,,
A55928011C172D36A3ACB5E0E71F1243,,,,
A57B38693AB828A21BD0E84C29D85E3E,,,,
A5D8A08CA1968F4E849F901846FD1807,,,,
A59D7277D1C044A63CF38FA39FF98B7B,SA3030100974017222053889,,,
A5C5B7388F3AEE624BE891E3E19BC3E9,,,,
A5DD17753D31BB79FA05786526DDC8E5,SA0530400108037382940014,,,
A5324BE08C6207D767C1B56E8F3CFEE8,,,,
A55C6198BF1B4C326BFBD4F2EAD1CBC6,,,,
A515DDDAB621D3C21CD4FE1B05ADF156,SA8930100974017222053603,,,
A545FC4CFF1F7CF0E7E58C9687FC4703,,,,
A5F21BBD2C0D5E0BD6F05A9F9CF3CECB,,,,
A53990FC8394BA3760E42FEECA25CD38,,,,
A5CB13604D5A7575F2DDE84091952783,,,,
A58C0E695E7CC8EF5F78F2BBA1512010,SA5945000000260369384001,,,
A5D45DB97F928ECB36F75EA08975F959,,,,
A543C780041FD82A382F606932054FCE,,,,
A5504CF94FAA2EBAB26386B6D2EA1E37,,,,
ACA93CF154F942DC4EBAFA3C85CCAA37,SA6560100031282210815001,,,
ACC10D2329C1110ADB130D68F5798E7C,,,,
3A393603455357FF0347,,,,
ACCA17DA3D55754C7C78D4E51720A067,SA9730400108038128110012,,,
ACA3DD61B6D03391B75AF6B75E17A7B9,SA3115000007777545280008,,,
AC46C96CB837BBEDCE5E1AAD00076A3C,SA1745000000260371679001,,,
ACBFB3407DC08367161159C0DDBF37B6,,,,
AC31E3FC90B39AA22AB2854E836E6585,,,,
AC0B68EDFBA653F78F11F78EE59E6342,SA3030100974017222053889,,,
ACF23716EF77E3F2F9051CAF3C65415F,SA3030100974017222053889,,,
A5A9BE219E311CB4ACC096E6973214AC,,,,
AC07DB908DB49B1DB251322B76BCC7FD,SA9580000154608016200390,,,
ACEE8DA6A1429547F4835A8C5FB5449B,,,,
AC7EA3E8673F0B4EFDBFB11B188A6868,SA9715000007777544290002,,,
AC3D5B6C51C6C3A6B0CBE58DC68BB61B,,,,
A55C7862DEAFBED4A26774D7DBD3D785,SA0780000469608010076291,,,
A5BFE56912424AD2B44B8D04AF37AD1F,,,,
AC304E60820AE1E13E53B17E2CF92E6A,SA2315000007777488970003,,,
ACC91901CC315A605CE6FFED7EDADB63,,,,
AC6F78EE7F1DF4CE1EE4EFD1A38932E1,SA0915000007777518240005,,,
ACE94A4A1297FA54F965D1BA6C2A41A4,,,,
AC4FDCDB4B703E9D071D0E3D10E661BE,,,,
ACEFCCB4E86CB31AFA4C757E1906AE09,SA3360100000682209663001,,,
ACED7BE30106A645718D78496BF3519B,SA7310000011100077449302,,,
AC22FFE1F2FC724BBB496F519818C0D1,,,,
A57A1FB7925C59BEA32B96E8A03783F5,SA3360100000682209663001,,,
A574F4DA45D6A503E7C139D836237D4B,,,,
ACA5AC7A238F26D81A7ECA2B0053C9FD,SA7410000062300159434810,,,
AC6616D839D7F242A563C3B7BECC2F7E,,,,
A5924A5104219F1F005ACC58F75A8D6B,SA0915000007777488060007|SA6215000007777488940007|SA8015000007777488150006|SA5115000007777458230005|SA2315000007777488970003|SA4315000007777488460005|SA4715000007777488600001|SA2515000007777517270008|SA1615000007777517560006|SA8715000007777517650005|SA6915000007777470260009|SA7215000007777517730009|SA9115000007777453980006|SA0815000007777458120005|SA0915000007777518240005|SA7615000007777530590003|SA9715000007777544290002|SA3115000007777545280008|SA0515000007146173670001,,,
ACFE2811F90481982A60E25452CB0250,SA9015000007777488710001,,,
A5C969BE369EED159EDA203BAC7E2BE3,SA7060100031482209583001|SA6560100031282210815001|SA3360100000682209663001|SA2860100005082202416001,,,
AC0F591E7F79DEBC1572BA70C1078B91,,,,
ACA848FE7879D507EBC42463A58FF930,SA1780208121351222121018,,,
AC5B67FFB0461C652420366237AED8C4,SA6215000007777488940007,,,
A582EAC8D933EDE0D74BB7D5229FADAA,,,,
AC08D5241D5EC54599076BFD1AA7C2FA,SA6215000007777488940007,,,
AC2AE568D5196EA369936F83765C8DA6,SA6410000049100000984404,,,
AC2D06B09F6EBF92D9905D46773F9116,,,,
A5632EA5E3323267FE6C4BEBE4A44616,,,,
3A1FFD7346360CB48A9F,,,,
ACB5084E5796F6015C13BCC169C2D70E,SA2315000007777488970003,,,
A5064A7DB8CDA87A6DC3FDA18EF51F1F,,,,
AC8A56C7A18BF40676E8D032364435A6,SA3480208107146222121010,,,
A56A9F34C86C35E274754539313F81A8,,,,
A5CC0DBB1F007DFE405624CC41465111,,,,
ACC5AFE3231540B6B6DE03B5D5E9FF7A,SA3310000025900000404704,,,
AC46A172A8AF9C5E34873017D205D15C,,,,
AC20755F07BCB21429FDF8EB105FE432,SA5510000062300108262608,,,
A5BC0B835DD62F36E961FD7920DD5F5D,,,,
ACC879044684CF4272EB9A803A82E4CF,SA8580000236608016062610,,,
A51C835B59FA3F61DDA01221D4390600,,,,
3A487545FB76C7595D2E,,,,
3A1D688CB6D5010DABD2,,,,
3A129004C1C0F4C7EE23,,,,
AC270E600989D4F33AD61F972B35DEC3,SA4115000900142079730003,,,
3A79766D673C10A7F687,SA8310000044000000354205,,,
3AB7D598966E6254DC45,,,,
A518512CD709E152BD32926112F7B0C2,,,,
ACDC23457DABEC3B13C7F9153B771FAA,SA1745000000260371679001,,,
AC28EB52D989227CF5E2471B4801C842,SA5015000007777533690009,,,
AC80614D9A03C0A39CB336065CD55E96,SA5380000165608010201243,,,
A5B9F2C9D0B17DA96C7AFC74888A2B4E,,,,
AC3992B0D93B2F50D04E70EB90EF0D45,SA5380208121840222121010,,,
AC94928B3CCCC9ACF9E079ECA5334871,,,,
3A3EB1DB807CE0DE8C5B,SA3115000007777545280008,,,
A570D93EA3B615DFD91B95C9BD5CC12E,,,,
AC0F0109B32B230800881C031598A448,SA8910000062300165892703,,,
A5B8B4A125393C85583552A391B03601,,,,
A5578C4102D3AFAA09A0ABF8745E8B2D,,,,
A5E13CACC864F51445BCF26E78CE898A,,,,
A5EDA7975530297CF5FAC2ACD47B7401,,,,
AC1D63980611363D3DE4113929DC096F,SA1436036036084005462994,,,
AC6A2D59E7526342541E8A1B40A9900D,SA6810000062300161191200,,,
ACF6D3B6982CAAA4535513DBD8EFF011,,,,
ACFD5BF823F28136C4B921A8AA5B87E1,SA8910000062300165892703,,,
3ADDD9C72160BA7880BB,,,,
3AC7E3FAA7298A794A59,SA4530100949000010740171,,,
ACA772BD6E913DA0DB591728636725EA,,,,
A545B749393842C6D5C538ABA4D6A7FF,,,,
ACF855740509694F94E330E1622EE5C3,SA6310000062300165992208,,,
ACBC7F445D540A6FA47E2C6416AB4369,,,,
A5500C1CD25D6790259791F3AA7F2222,,,,
ACB4B2095FFFA940702E6729B6345709,SA3536036036090243242877,,,
3A9239425A59420E5DE1,SA3915000007777007420005,,,
A568D2B0DD2D730C80A1A210A1ECB573,,,,
AC77288AF8BFEFC8E39CE5416B86781C,,,,
ACE636883DCED66126A7447C1F9BD111,SA5980000487608016310973,,,
A5BAA04957374FFF03E4AB584744A0CA,SA4460100031682210911001,,,
A5487F1F4FC02025F599FECC20FE5FBD,,,,
ACD5A32DC5FC250919611CD16983EF9A,SA5745000000221651680001,,,
A5D979BF2677DF4070F914370980863C,SA4530100949000010740171,,,
A50F186B719E962B6F1DB9C9FB41EB10,,,,
AC06B4B60B965DFAB2E18701B282885A,,,,
AC570F225D8124D6E24A3EA68970846B,,,,
AC8A366FB46D64A59FA0D8BEA582B3CC,SA6380208118899222121011,,,
AC76863258A1056772C4E082FDECEEE3,SA6380208118899222121011,,,
A53A47AA695A173C14B8ACCDBBFF6946,,,,
A5A9E516C40FC65F54BDCB8372C5FADE,SA9015000007146186080009,,,
AC35C26B7C32536AE4C7D7E2EC074791,SA1180000140608010227305,,,
ACD5C7FE61ABA2CFB1C802BDFDB38D91,SA8536036036000683481962,,,
AC701EABA2167D3199B6A757438126DC,SA3580208124517222121011,,,
A5A53EE431478F3963C99316512EFD6A,SA9615000007777568230008,,,
A539EDA6BA7549CB9799E26741A2590D,,,,
AC548A98735716B2D9BE50FDD051C32C,,,,
ACB4ED059322B1A57B72707BBD92719F,SA3480000996608010136949,,,
AC457CD5E0ABC8C1CF319334586B7AB7,,,,
ACC9890EACB93A6E3CE4069CAEC5FEE9,SA8805012007410010000026,,,
AC1BFE3CE0C04E1B6AE642CB1B268009,,,,
3A6DDE51BD708E83053F,,,,
ACB495F0D294AB7EDD4090AD2D205353,SA9180000130608016076047,,,
AC68ECEF098F59AFD3B94875621D06B2,SA3810000003500001780709,,,
ACDBF27A5FD17D4EE319552EBFEA39F4,,,,
AC3E2417C37ABF98BAC21BB3560A0CC0,SA7280000443608010691207,,,
ACEBFA85BD900D740771721379A5E27D,SA2110000025900000405308,,,
ACAEEA1D286AAB849098BE5C36062F86,,,,
AC36C1971FFE7892FE6626E3A240E0FE,SA5810000011100452786901,,,
AC4E44F6D7D0B5F5CE7046CDF64FE804,SA9730400108038169060017,,,
AC2BDB8EE191362350B6E8793A1898BB,SA5005000068204640182000,,,
A51146798646EF1F21BD2893B35F9E4E,,,,
3A2C6CAC631052DFD7BE,,,,
ACED7B870B272214D9E142E77DA24AB5,SA3780000866608019354515,,,
AC7546EEC4102A69EEB5B2B6AE535FF0,SA2880000130608016198916,,,
ACB12A44122CC138FB10040967687992,,,,
ACD092815916B559F47563DD7C3B9E48,,,,
AC8D375BC23A1ECFAF94BEA15BD1A9CE,SA8910000011100506354205,,,
ACC215F0534FBE0E43E631F698C0FF71,,,,
AC3E5C4B72FE83FA9182A76DC0237895,,,,
AC1ECE2E2652904A85D2AC2F744255DD,SA5515000007777542760001,,,
AC8E0AD86FD7B461F448B86610649E4D,SA5530100991104167851463,,,
AC50CDB112F42812F37017B60C161F56,,,,
ACDBD28844D49BDA5F655F36E9AD5CA7,SA9730400108038169060017,,,
A5E3CFD05F68098CBA7A15405A410AD9,,,,
A5F76F2F87923015854DAB49EC7AC2E8,,,,
AC9AC5AA6FBF3D2CC326A4F38E28E171,SA1080000475608016691434,,,
A56FF20F1BF103E3809ED054E1A561B2,,,,
A5324C4F484EAC0ACC333C22D4507CA7,,,,
A59421879401F590437996B0E1749174,,,,
AC56AA4EAD9B13C5B092CF4F3C04E149,SA6410000025700001598808,,,
AC884FC1831ADE4C6A63390FD64ABE84,,,,
AC47E1352BEC4547C1E90A2A7DB1527E,SA4110000011100250083106,,,
AC8D37E7B88A430E7CF834CB3D9975D0,,,,
AC795DEE2817A49FB6A6D57E2731ECE8,,,,
AC7A910289325234E82D87E7C38923BC,SA5380000477608016273363,,,
AC0905F1422C9AADB9C5327F382F3AFE,SA0530400108038163900012,,,
ACA83D659DDD123C40515EEFE3BCB6B5,,,,
AC47CEF824C79AACBD98F542DE589A9A,SA5530100991104167851463,,,
AC891207E3F8E622D9F5EA0F44CF7BC6,SA5530100991104167851463,,,
AC34C6884849D65F514904399A3B67B8,,,,
ACF74460A91A66E7DCC2E323B8551C20,SA5215000007777479440007,,,
AC085F82F216F67B32E41201FA77027E,SA5215000007777479440007,,,
A5AA18B3F02EEE7E442F8394CF55427F,,,,
AC24A23781D39FEDF71D3FBFB0408690,SA2130100675020067030016,,,
AC7CF453A5583611F53B941F34A05F5E,SA2130100675020067030016,,,
A58A0A9D1A1A8DC48B14FF056F908914,,,,
A5790DAE7418A82C9AA0CAD0F0486840,SA1936036036086695218487,,,
AC0A40E36538F40CF492ED4BDCAF62AF,SA9210000024800000603808,,,
AC4E1BDEF7CE9991BE390B20533BD52D,SA9210000024800000603808,,,
AC5BD569FA477345004B0FC29654ED14,SA8530400108038170700018,,,
AC6F2043EFCC63F7D442B5E41ED2B855,SA6410000025700001598808,,,
AC91C7BE80C0CB904E5DFA881D62D443,SA6410000025700001598808,,,
A54879C53BF0052083581732B2EC6425,,,,
A58B698EDFD8D7238D04EFD8A646797C,,,,
AC7A87CEC252709F62F41661B6A0B81C,,,10454296,134
A5AAC0CAFC7A3E3E0CC787C06E4F5E7C,SA9580000177608016422534|SA1770000100060864225340,,,
ACC8FC9CC84FAA6364B64D39105A938B,SA7036036036011373283521,,,
AC48FB0223D4CC4D188E95A8D8256172,,,,
A5C925AA76DAFC3C3FFFCCF2F3185778,,,,
AC4C68F2532C3CB60EC823C747288497,SA3405000010011736058596,,,
AC0726A618E0FB651F8F9CB921F8F759,SA9380000857608010305312,,,
AC834F00ED50D0CEA3B9EB8B556D3BEC,SA2880000130608016198916,,,
A5951F07183F6A1F90F14DD86FFF1694,SA3280000154608016200457,,,
A5B4E7A049E4A7D932A50E142CBE6E83,,,,
A54865E0D5493F9D72EF1E42B041C45A,,,,
ACBBDD69BD6AF0CDBAB726DB712E9518,SA4080208125239222121011,,,
AC294DFA86FBCB8E77A84E2F332BEBB6,SA7780000257608010312320,,,
A54C2087EB12B74955316F38CD0E9275,,,,
A5BEC759BC505DD33B43F0955F33422B,SA0280000177608016422559,,,
A5A9059DD413CFA9D86B4756B88C1C25,,,,
A5927F438CB85AE2889EF88A6F07DB54,SA0836036036056552373819,,,
AC077A0162032666925DDD3695E9191A,SA8580000154608016200473,,,
A5091D1B10538194D018C34B925C1522,,,10452077,134
A5A540F9496E5A9EA29F21F59D093BF2,,,10452078,134
ACD5D85CA3E48C9C86910EE2015D2E0F,SA6660100010481971951001,,,
AC952785A84BC193AB6F86CDCC46A097,,,,
ACC412EE5A8990D70A9DAF0C93F4C290,SA7680000858608018648829,,,
4AFDFF4620C07FFCBFA7,,,,
AC546448A737FA649730D90879EB1667,SA2210000023800000039705,,,
A5E963F1B141478D6E34244479172143,,,,
3A620BEFE7C6C3745A86,,,,
3A76BF4E905FD8507FA0,,,,
ACF72B582EEECE50589A568BC25C1D84,,,,
AC2A636F018C5EC26CD285D8923F18C0,SA7410000062300163793602,,,
ACA6489DD8A65F39702092F9F02214F3,,,,
ACA7EDCC3DD58B56CFA34936C6E803AB,SA0505000068206891482000,,,
ACDC21A0FD623A14380271426E577711,,,,
A5C9454786D3A61C7EC8165801920C47,,,,
A56DB0CE6DF34A0E8E7905F982753E2E,,,,
AC56C6DAD6259F476EB2B877DE5E60B4,SA1280204101514222121014,,,
3A32F99CCAF67A299A07,,,,
ACE87BB9887079BA978CB6938011F8E4,SA5930100806624493600874,,,
AC35A03C835FC7E6C47953DE2A9A4355,,,,
ACEE425F17407A9BEBBDB127423BA123,SA2130100675020067030016,,,
AC0216B21E1601608951F4ABDC5968AB,SA5080000154608016200424,,,
AC4459F835267D0DC58D0F97EF4D1678,,,,
3AB409623A9EDEA5E828,,,,
AC969EE1BDD512E899425B20E7E4FB6B,SA6460100030682207247001|SA8420000002720028359940|SA1380000640608018239786|SA7710000011100311016500|SA8260100030482209183001,,,
A552BDA734D46B08B3465CBAB7672715,,,,
ACC1ACF2B4A49FF61263C982D8D464B1,SA1180000414608016047185,,,
AC7C5778A7682EB8DE0475381A0A2EE3,,,,
ACDFB8D37C08BA4899725D4F3B037FF2,SA5730100974017222279025,,,
AC3BF6FEFCF63B49CDE0985009E6BCB5,SA5580000865608017964910,,,
3A72707D29D8F0838693,,,,
AC9E652E2C471FE1406C79887E380509,SA4430400108038172280013,,,
A58B72C7B00149917797665333B6000E,,,,
ACE8F3F03ED5C72837A0A3A545A34A4A,SA2030400108038134600019,,,
A5A3B49C7B0B45B0BBDD722E987A598E,,,,
AC01840A508C071D8D31F6161237AC33,SA2780208124912222121014,,,
ACE549D503A39BC7FD9956780AA89FD0,,,,
AC38B5849AFF750F9E83C7B1C63A9568,SA2780208124912222121014,,,
A5BA0304630787FFDEF6A91F1BDF1966,,,,
ACDF9995A213A56BAB412BA15B807706,,,,
AC93C12C6F48737C9ED8E58659705CFF,,,10450300,134
ACEC9C7D6B61E2DBE1DAADA365953FD7,SA7130100991101987266149,,,
AC088FCFE10873BF8F7F8EFF3CDFCA62,,,,
AC91D1B6F3B3AF26DE03BDA3E87B5FD7,,,,
A572DA58CEB987D749CC2994186C06EA,SA8230400108038171410015,,,
ACBF5824D7F457EBFBDAEC6124660422,SA3480000866608012523538,,,
ACC304F56EB3B968702AC9DDD2357D3D,SA8880208126095222121016,,,
ACB73504F4EF347FDA6F94F066BB29E7,,,,
AC9E2336F1F188A83B7E75248DBD6A85,SA0390000000029901654533,,,
AC13A7CB77150993BA3150BE6877FBAD,,,,
ACEC827E9A080DAF64E193AA2C7EA6C2,SA6080206131770222121011,,,
ACFEE16AACDBA1970A40C99A7E969174,SA8810000062300166194100,,,
AC1D7FBA4322D14F9996EC4243B10459,,,,
AC06563F96371E2AA9A6B16BFC073B2B,,,,
AC341CB9426B3A5EFCA9DA27F8325590,,,,
ACB418422E62743055A8F51BF2597141,SA6130100949000010688376,,,
AC2FF7A78132CFAF6EF7A71725BF8162,SA4430100974017222708484,,,
A56083124E4647D0D739F5F3E19FC65C,SA8380000856608013535254,,,
AC2D943604AC405CF3E59C1001CD4827,SA6080206131770222121011,,,
AC775302648C966E18D6FFFD4DCB3193,SA6380000154608016200481,,,
AC9C8137B54A3E880547C03E7B253BFC,SA1105000068201052350000,,,
ACDF72760024037BF465DD792EE725C1,,,,
AC42EADF878C2066E2205039B27EF074,SA8810000024800000602910,,,
ACBA4A33DA23A7C3A4C7F4E9FFDC5793,,,,
ACDFA27860A677F5D3B6A02423EC6133,SA5080208125128222121016,,,
3A595D58734718A6DD17,SA5910000054900000298705,,,
AC896FBDA369599758C912D9B7210240,,,,
ACDF67B319B03F2C245721E18663D990,SA3815134018966800881082,,,
AC8F6DE6380AC1CC9C37535687130BE2,SA6810000025900000406402,,,
ACB30102C4B441D3198B3A2A686C2962,,,,
AC5D3253C6A9AA65160CB35FED114895,,1073654632,,
AC061BA8BC2DCBC7482CF8A3ED21D257,SA3280000858608018688130,,,
ACC3E09476C62B1F756C7CAFF0F92A8A,SA1080000154608016200465,,,
AC8DCD93A2A6FC3B78FEB5CA9155B390,,,,
AC0CC60BA0D5C055C248108B4D503AD9,SA5910000054900000298705,,,
AC08ADA8F83060FF18A92991728E9BBE,,,,
AC44C06E4674B73669B0B7645F227AFF,SA2480208128377222121016,,,
AC367F96AFFBA567032B104BF8B44F11,,,,
3AC77A27D1AA38DFE595,SA6780000213608016208517,,,
ACFFBCE3374180FB842B6B28EC7C2392,SA1036036036024576484609,,,
AC2B456E1530D6E9728683B87C956353,,,,
A5CCF569D02BA6F1ACBC670DA4B98970,SA6180000991608016074859,,,
A537E94D23FA42A845BF448647D7FB25,,1073654632,,
A5BA28A41B1A28EA7C49458FAC484531,,,,
AC6D3367C8FAAFD1A4A29968A3D41B24,SA5210000040300000495404,,,
ACDEC02B2600F4DC1E45A2D9BDD30842,,,,
ACF05F6F882553F4D5849D02E3EE9F5B,,,,
AC6F9C499C104E90E44C14A663C5C976,SA9360100032482210835001,,,
AC29B675B0EFA7AE137061C26A0BA218,,,,
A54E1C0A2DC63879B49F8DD5F8C86C72,,,,
AC68FB652D806FE5E32086AF642E0ED0,SA8080000225608016481417,,,
ACC6EAB14B88C05F1407B5C31B99EB66,,,,
AC6B5DB977BC6EFEF45BD1DF962B5537,SA3980000224608010121333,,,
AC765D16B10C8D9FC6DCD2BA04E6650C,SA4130100974017223005843,,,
AC092958862A0F1EEB146F783A672BF3,SA1080000539608018550731,,,
ACB7F0CC764E7B3DCD211BCC98271733,,,,
AC0FBB0984BBDFA96CE17E73F5DCD471,SA2930100991109208439859,,,
A51C195E6FBE5607F3BB0A277C33B0F9,,,,
A598BF675FDA1D9AFA0FE1E1CC7A9048,SA9230100974017222986204,,,
A5C9AE637287D0BFE8EAF937D807ECA7,SA6245000000600011332001,,,
3A92E08A530C773B9338,,,,
A5169B8840E348B62AE984BD0EC98F2D,,,,
A514367848B00A68B0F069C2A01E315B,SA8880208130460222121016,,,
A5756C0BBE2D8E462477D9E8C773C308,SA0580000431608016051681,,,
A575EB754AC93C8503519DEB409A1025,,,,
A5AA7423BD9213CAF70A42B3B237E38D,,,,
A53716FF5D11254CEDCCD6E3A6C5CCF8,SA5410000025700001598503,,,
A5D9775C0F3D6D5FA733D93309464B55,,,,
A569B67B8223F080C7790155D0973BAF,,,,
ACE98A9930B72487D09C8BBD9DDDF6C0,,,,
A5ADA57FBD4B6E717AFCBB8FB806FAF8,SA2620000003104864409940,,,
ACBADA20BE960D5749EBC655AA893F0C,,,,
ACB24A1DBEC67C3339B895EE9344E6C0,SA3480000996608010136949,,,
AC1CB1CE95DEFDF419741380639D87F2,,,,
AC8770F5FCD8BA139AE811D5FCB042B7,,,,
3AC7C03D9217AED7B1BF,,,,
ACBBECEE16C1F9EFC9AA4798CEF21BD0,SA5410000025700001598503,,,
AC0ADDDDAC763DF1DBE34D4F71D5C174,,,,
AC387B605474BD28825FD5EF1200ADEA,SA3980208102975222121017,,,
A5CB3C443053033A650F59EE1A720B53,SA7645000000051256832001,,,
A5E2974D10F4AE6EAD132991D8635F02,,,,
3A61DA2A996DD311B1D4,,,,
A56E2B3DF157801E983E446B7955B3D2,,,,
AC9B327D1FF08A5B17E695F821839A75,SA2130100675020067030016,,,
A55B3E2DC631DB7EB583C69FE8AA2113,,,,
ACE3D6676A317A7E21ABAF44394EEF55,SA4480000865608017787501,,,
A54B5F6C2E18B2B0F6E913F17013E44A,SA5330400166038090190012,,,
A5BC12028F8E679681CCE14BF482BAF9,SA0536036036063761076313,,,
A59DFEE8D62B8875469CC7CFAC2D2C15,,,,
A5FD15D688F4C15B8E9BFB532C5C0481,,,,
ACBEDE530B4FE6193ECEC8EBCE799BFA,SA9610000001400032172004,,,
A5FADE381A4DF9CF7A544C9587397666,SA4960100000682210798001,,,
A556D25E33CFB54BF3776FB5A667CC4F,,,,
A5D1F2EDB721FCB0373E47A9F2A4225D,,,,
3AFF025AE79F2FBA361F,,,,
AC15C43DEC0F185515BFAA93AA382D38,SA4880000129608010690267,,,
ACEF2858542112B8D04C0514E99CF00E,SA3680000205608016553243,,,
A50F928E8E8A2E37F22EC3A587EF6381,,,,
AC22693FE53EAC3532C10455C03C30D9,SA4410000011100115412908,,,
AC711A659261FC3A4F5F577ADE4E7444,SA6330100991107997356223,,,
3AF068B348C6AE4C5099,,,,
AC735B49EC376305FEF64CD267663977,SA8905000068206205758000,,,
ACEC44A9C3D41857741B1B209019C4F9,,,,
ACA13DEB0F2B2E850DCBB6E167B44EC8,,,,
AC0303403B0250F83F102E0B1CD8D5CF,SA9610000026200001003209,,,
ACD8FE342B2819FF93ACAE92710B2225,,,,
ACEB7F6ABE3A961E02FF1AACBF3E1D8C,SA1745000000260371679001,,,
3A0E24D47B5CC0E90D10,SA1745000000260371679001,,,
AC1758E0ADA26C5484A529D76A8BA518,SA1880000154608016200515,,,
AC9EBD6A21D267BA16BEC8F17D2281C2,SA7580000171608016009295,,,
AC7718412751103CA2D738E0AA32CEE4,SA8410000062300166474308,,,
ACF86085D4C45C4D2EB986C2A06DAF18,,,,
ACFCA06812E35DFBD38BA452B6007E65,SA6515000007777607870004,,,
AC3DCC607F63D1833EFD16C7D4B78542,,,,
ACFCA3003394073379910F0CD5D95943,,,,
AC1DE8634EAB0943D75FCBA41C7CC7D2,,,,
AC89282811D86E4B3687A82DC7A6D738,SA1280000355608018153271,,,
ACC97E528362AC1F010E12146EE6053A,SA9380000154608016200523,,,
AC8428A852632EC0E9C3499CB3760B88,,,,
AC6F9335ED876C03D8AD1BEA23F14949,,,,
3A2FA8EC6906EB4851B9,SA8180000591608016210317,,,
AC20EE10846A0698D07F9F69BE73EBD3,SA3730100806624437382592,,,
A5095B3830FF64238BB45807E9C5AF55,SA0878080005001270272697,,,
A5B2A48A3E0465F3E08D25D5F7FB32A4,,,,
A56B8C4718B2AE8334818EDC7FC01565,SA0878080005001270272697,,,
ACB4DFBF29DFDE18032DE0C2580F56D0,SA4380000250608016378983,,,
AC22606C58375D86EDD3ECAEBE15DF31,SA3736036036046875098651,,,
AC349F4B974F06B22056118235F36610,,,,
A5F537E98ECA8B5D94EDFB9F7BA339FD,SA0878000000001270272696,,,
A5330F491423ED5EA89D590E9688AABD,,,,
ACEEC610965435A79C18E6B78B8CE94B,SA2778000000001056252815,,,
3ACFC32F7F003EC39E87,SA0930100991103678600296,,,
ACC6F3E2C0998154A1BBC50CBBC4CC2E,,,,
A5502D45F752ADC995B032850F48C72B,,,,
ACA99FA92204C3C93D9CA7B58D46A86A,SA0930100991103678600296,,,
AC59EB2837AF4A0A960B7DF8EF9ACDE6,SA5380000477608016273363,,,
ACB7E7CF623EAC1E135F03203AC8D014,SA7180000154608016200531,,,
AC8F072DF611CD1BE4C3DE868A15ED5E,SA0480000431608016051699,,,
AC60E5BDB34257D377C56933FEFACE31,SA7210000011100066724709,,,
AC7C5DE0F43003E275072B237C4CAF15,SA9010000011100356336800,,,
AC3A0678DB75985EAE864EEF027B8685,,,,
A5B7C3BE5E20E9182F740D7A343403F3,SA2730400108038192450014,,,
A563A08CF86CBEA97334A2319AD460D6,,,10447374,
A521149CDF4BFEE75100F28BDF81FAC1,SA1680000198608010701458,,,
3AD28809C69C6067262A,SA4280000640608015449156,,,
ACAAAB73CCA8EDA46860DE1ABF4E5C8F,,,,
3A587BC3F650C5288F0F,SA2010000001400030694801,,,
3AAFF26D6B26142EDB33,,,,
3AE7B929784D16A72C4F,SA7260100015082179468001,,,
3A4D43BE4D62885B4BA8,,,,
ACCDA23E0624A8B35C4E6B4F3B670E57,SA0930100991103678600296,,,
A51D861E4DF7FBC5A5E83EAF70DDA0AC,,,,
ACC8BCF590EF90992D6931CE8D8C9402,SA1036036036024576484609,,,
3A12612E77C24626B664,SA8010000011100047982904,,,
AC3F1FFF40FBFBBDD0507E2F81664DC4,SA4180000412608019853219,,,
A599EF5220F51A686CD9FE3AEE3AD1E9,SA8230400108038084330011,,,
ACD4EEBB41FC7DF4A1F5B297563ABF5C,,,,
A5EBF0E2D0DA66F88961A11334C75B5A,SA8230400108038084330011,,,
AC2D795AEA663B1E265FAA06470E7C6F,,,,
A59D6A3B204EE03D1671AE48EE2DF64F,SA4230100812200002209610,,,
AC95BF1B1799038472F0E8EBAD401D9F,SA9110000024489693000109,,,
3AAA5FBF74BAB0C471BB,SA4510000062300158278607,,,
AC2E5B9C280E1B693D0BD3C000BA3009,SA2280000685608016161962,,,
AC7C675E24854D78061B6B01E7DC6471,SA0330100991100105137961,,,
AC8F06A271FEEA87ADB7C252598BB1EA,,,,
AC2E004C97429792250345F7785FF8A3,SA5430100974017222858266,,,
AC7D83A7D92D3C503FFDBED6AF9E0FA4,SA1815000007777579060007,,,
AC764199337E93ACF62FE728D718E146,,,,
ACCD5CEDAE4F63FE7CB92F3ECF0509EE,SA7015000007777571660008,,,
3A17470B205A50012A36,SA3315000007777633510008,,,
3AAFFD7941D22E9BBC2E,SA2530100974017221452676,,,
AC00DAF8D39E5DC0139B2B5F1094B6F2,SA2015134018963708909115,,,
ACA28052617C1C1E3B5DB48ECF549631,,,,
ACFC5FA60F2FCB2A3294C9F96EA69FB4,,,,
ACC17F73AA598A78708C1B986B1767F1,SA4636036036096686045826,,,
AC69C695006A0AC53681D7F07862D85C,SA4580000347608010758961,,,
ACF07AAFF8F513A5BD2BB3B13E90494F,SA2905012000000111599404,,,
ACFCE547F51F64272B9FF6FAFDFD5BB4,,,,
ACA45FAFDE00E1D16462EA7B81290ECB,SA7080208134669222121018,,,
AC7B0799596B64CE4BB4CD33C9E4A50D,,,,
ACB907BE3FC6287AB17F0C720B897486,,,,
ACA7C72469C7F5DE60E6112C271A5A32,,,,
ACD229A5A5F4420138BDEA4FA58D1F93,SA2710000011100125850705,,,
AC5C6067BA345C33BDA52429E226B414,,,,
AC630C3B81D9FDC3E76A5E41743FAAAD,SA4910000037500000346509,,,
A51DBB6CE3EC4E428C93EB029C42C474,,,,
A5523263C4D9881693BBE99DC16B95A5,,,,
A587E2E8B5C825F6DA70FBA817638A3F,,,10450340,134
A5E3F01198DD56853F42991A82BE6019,,,10450342,134
A51CB58343E8780E62C28654ACBFECCF,,,,
A5D19B3035071F55BF8B3B7E3D7A7D5D,SA1545000000065300063001,,,
A5ABCC0F34CC2C11A0662B476D356D79,SA7705000068206926805000,,,
A5A612B445AB55FACF196696CD0B45A8,,,,
ACFACCBF2CA28E08757D17FD099B8AED,SA0230100991103971234581,,,
A5D0069C9C45CDEE3DAE048C6F9CFAEE,,,,
AC033D794088B1A99627CBFF1DCBFF6F,SA6380000554608016053993,,,
ACAFE64134E4524AC82F4DAEF0A1A55C,SA3480000333608016301663,,,
ACCE06F56B4BEEEF547020208FA705F9,SA1690000000029901655172,,,
AC52DC6370C855EC0EDE09D9ADD51967,,,,
AC7CFC15DC9A7B8DBD919757AD87EAC3,SA3530100991101061952854,,,
ACC1315991D4061FA4B5329B43049C92,,,,
ACA44B43CFF15DBBF16DF5C735C76D80,SA7080000154608016200549,,,
AC9464B10A37827CACDAD25E78251D50,,,,
ACD661270678A1B68EE7CE973AC24D6A,,,,
AC9A9E7F57CA6C3686A154BDB7B64952,,,,
AC290E69273E0BE87B417508EC9E3913,,,,
3A274740E82533D9C12D,SA9530100974017214920018,,,
3A6573A0B80DEE990696,,,30033896291,002
3A4266245B5D8CCCF73E,,,,
AC6FB89A2DB8ED9E93596A0008EB6AEB,SA9280208130923222121013,,,
AC77B1E64DCBE1DFBE57F79708B36DC9,SA7080000154608016200549,,,
AC18E96EF28D6432936E1B0FC6BE6F6E,,,,
ACE83A6AFD78FF1DFDDE623F074659C5,,,,
ACBD5C836A3FDBF4A04EFF900D4ABB3F,SA6980000866608017782345,,,
ACC29B8059EAD713679333FBCC41F44E,,,,
AC78A2ED1BEB7BF48155F1E5FCF47FB4,SA6280000154608016200499,,,
AC8DD9F33C171D4F403B6485ECB8A07A,SA6980000866608017782345,,,
AC6D69DFBA452247F86820D779A300C5,,,,
AC308DF1F3E9213CC1B9490393DC1893,SA6780208136063222121012,,,
AC72CF5C333818917ED184B827F67F97,,,,
AC318C0DF4736FA0F88657761DF929FE,SA2430100991107663237515,,,
AC9F5F004D2BFF3BCF1CF544774DCBF3,,,,
3AE9B64C11A4D9912005,,,,
AC367A22A51401DF02125E88A055246D,,,,
ACA086F3DEAE7A66626E496FD4BAEEFA,SA5960100001082213475001,,,
A59F23A2B8E333CD1D2332B0D02AF261,,,,
AC7D0D8F6BAAAD32839E99DDB41E1C46,SA2380208134711222121018,,,
AC260A1C43F87B0B4087C1F8786486A1,,,,
AC0CE3FA7C3504A4CB1443582587525B,SA2215000007777631040004,,,
AC098009F0A228A5C3289CA78667DAE2,,,,
AC677C6B0CAEF8CEBF2525B10CF8A962,SA0410000062300166580605,,,
ACF47C58E88809E56654518D79756983,,,,
A58A1B4558C73EDCF6633846A1F44318,,,,
ACCA564011D4A96C23490F13DB3DCA9F,,,,
A5E40DE251CB82CA5CB5920CF927703D,,,,
A5B8E84325A52AABAE123833DADE1BF9,,,,
A512BA54F5835FAA73823D2CD64493B5,,,,
A5F383007295C8D821D55564B3E0BC98,SA5960100001082213475001,,,
A5A870C11E409E457845CD2A94BE2E1E,,,,
A523A2EA95760556B4A1130E8A057CC5,,,,
ACC44E1144128618702BF319072E98D8,,,,
A59363A10112066EC352A01B17A09AC5,SA7730100803100443877013,,,
AC8DDD344FE245AAAF97FC4E7D7A01EA,,,,
A536DE4F427563CE0C6A3D8AABFA95FD,SA5060100032682212697001,,,
ACA1D889395D743CB4D9B8C81FE5D94E,SA1690000000029901655172,,,
ACE5513BA5D360F22DDFC25505C9368C,,,,
AC452399715843E50CF26AF26615349C,SA8580000533608016070167,,,
AC42AC44CCD49786DFC640BDE16C09DE,SA0530100991107139864948,,,
3AD6E9C40B3F4141D49C,SA2360100001082213516001,,,
3AF916F4AAA8E43AD047,SA6190000000029901653974,,,
AC885FE2ABDDAB72992B64A8FEB5BE05,SA7260100015082179468001,,,
3AFCFDBE031458A7F8F7,,,,
3A794334CA780F39994F,,,,
ACFA2EEB4C66ADD69A413DF18B7503B0,SA1410000019800000393905,,,
AC57762C98C31C0C3E988BA91B434BCD,,,,
AC0DA41E79AC09933AA264B1B18730B2,SA9680000596608016145971,,,
A5FA7E7A4A7E8D60B56989F84194C69A,,,,
A54F43F30A65B6DCD62ECC3CBCDC1C00,,,,
ACEDD60BAFF7719740215A97FE15E0C1,SA2360100001082213516001,,,
A5342CCA968E45B7C48861B0F524282B,SA7760100001082212533001,,,
A5D72C4C64AD266A4DC5F358BDFC65D1,SA2910000062300166597809,,,
A55EA0B5D1ACD590AF6BAD686B42B05D,,,,
ACC0BC6D4D63A275EFCE85D120142BB2,SA2080000509608016036259,,,
A550CD5755171B76385B34067CACB69B,,,,
A55C61E3809308CAEF67DD8F2D4EDBA9,,,,
ACD6A255E2CDB43C5408F80F81CBCC88,SA7980000431608016051707,,,
A51C945816B59113D28DFFD7DD85D326,,,,
A5DD376A5369446AFFDA4D84534185C2,,,,
A5F5A4A013DF7DF55BE3E51F2CD0D3AE,SA0880000154608016200598,,,
A525468452909BEA2BC57250E078927D,SA6815000900146187030005,,,
A5A2DBDECDA66B7D8F669D8781B03ED0,,,,
A54022C614FF4A1CF02A88D0044C90DE,,,,
A5B92BC1FAC4F8A0CD129FBFCCBDDCCA,SA7980000431608016051707,,,
A587691638442DC65009BC70A8582125,SA2910000062300166597809,,,
AC4790D87D837E62C58DF02E01DD28DC,,,,
AC22BBECE3973C57CE2EC384DBAB1A29,,,10454399,134
AC054409D157591D91712A25C5757BB0,,,,
AC38F7324A7A2B089CA9F7ECA2060FF7,,,,
AC833E943B151C3B493B1894CB21FC01,,,,
AC641C2B9B33FEBD0F7DACB87FAABACB,,,,
AC038B3F845956481BEFC5228800CBC4,,,,
AC780F7CBE4FFF50930CD3D02EC6FCAD,,,,
A5C34D69D2105DC8CC1FF80049527AE4,SA7260100015082179468001,,,
ACBD1461DA36A7236C58D27109141664,,,,
A5D4974787F29F252717D209A7D83031,SA3080208078396222121016,,,
AC89779599BDA0821B09C1ADEA6A9F09,SA2430100991107782834538,,,
A5BD854465340FD2A28F5A65EAB05473,,,,
AC9421A8B2E4BC482370A54E2D7B975D,SA6010000062300166563010,,,
AC6163AF46EAFC90212E42E5DB696773,,,,
AC0D70CA78A9923F6E9DD693892F5151,SA6010000062300166563010,,,
A5AB78F5E3BB4D16CDC2FAFC6AA2EDE9,SA5060100032682212697001,,,
A592C80DB4B4CF28ED634E313FEC80A6,,,,
A5313ECA5E966345A6D9F5BA64BE8539,SA9636036036096415126933,,,
A50E553EAEC310B96F1D07B487814B3B,SA9615134018967410995488,,,
A50D4B80EA5B4282C90110C2FF897D7F,SA8830100974017223537236,,,
A5D06DC99120F44B86ABFE209B354609,,,,
A5D4E1340C09635514175AFF46A4EF12,,,,
A52DA627C5CF6F680F8D001B19AA91CF,SA6715000007775075590005,,,
ACFA56F28DEFA8AFE348FDC5A69344FB,SA5505000068205320731000,,,
A5E2ED35F074F15C76D1B5513A0186FB,SA9436036036015462054831,,,
A5CB69975EE51B2563A3333004B00746,,,,
A54AA6826BA871973C0E49C1AB0F62A0,SA4680000124608016075799,,,
A51E4E825AFA4471A947321DB931C344,,,,
A500E6072AE280F298EFE53B5351D260,SA3530100974017220543218,,,
A5FDFB7FCF4AD0D3A24D82EB2442C45A,SA3080208078396222121016,,,
A5CFFF26A6CE8812CDF9A729BB01B221,,,,
A5CA543190838534A685C9B49512CB70,,,,
AC4E45B3CDCFE00D3F4BD908CB0EE785,,,,
AC421B1EF77F098E8A293440CAF28169,,,,
AC76A8BE6A0DD80BC6C9FFACCFBCC998,,,,
ACBBC1B6EF0F17AB1B6752530B150D04,,,,
AC1D6135B96148EAF2D3F5C4D3941DB3,SA8580000533608016070167,,,
ACC64FE58F169C6B3C4D270D57B32BEF,SA6060100000682209123001,,,
AC0C38E160C711863FE53C975CC5BCD6,,,,
AC9234431D520538762CA990A4A7223B,SA2730100991106569144488,,,
3A6464E52B83D810BF08,SA9780000350608016193076,,,
AC76728A2E75FA8C9144D3946CB9C4D3,,,,
AC71F4C828C3A6143F66CF52938BD581,SA7380000689608016083923,,,
AC2C16EA121DB5C8C320AA2894305627,SA1136036036057597765463,,,
A578352D6C5BCEC7E97344415C1ED1FE,,,,
AC606A1969C248AEF3857AEB899331C6,SA9245000000221658255001,,,
A5B9BCACBAC08094DCEDA1F100077CF1,SA4180000130608016427505,,,
AC5867FC42253EF7AD28F1197827A1D4,SA7380000689608016083923,,,
AC9BAE0FE2B2B77A72E9711C6B5187BC,,,,
AC68C47C97E0C417ED4B132587B98EDA,SA0280000118608016128786,,,
ACC3848ACFD66FE389F7F829311F54C7,SA3210000062300166800000,,,
AC80989CF4D766A8A8EEF5169D620246,,,,
3AF811ABEA5FD37FD23B,SA4680000857608011382567,,,
AC3DC55CC7CDEB31B5DF4FB7BAB1CF32,,,,
ACA6BDB6B8A3E10C156423CAC8587EF9,SA3210000062300166800000,,,
AC074B24FBB621093B915F460B1A3454,,,,
3A66B356F676FE5E0B12,SA7680000335608016477735,,,
AC3CE4C1AE5E8ED887729DE9D2313EDD,SA8320000001502473709940,,,
ACEBCDE7202BD17C7406EC6426DB7A19,,,,
AC046B8E7E9B7756EE8E9A79CA3D7C64,SA9245000000221658255001,,,
A555F341665643E502FF458CE55C3BF5,SA5330400108038090190012,,,
ACBF2D0012BED0FBA9B90AE7D3F00F19,SA5630100974016748905269,,,
A5D3F57882E75D95FC057562169E5191,SA6805000010011738652540,,,
A59C9C034090358E20666105AB94992B,,,,
AC96AFC5047685BDFDBF2F8F73171FEF,SA1115134018969671139407,,,
ACA0F1CE05800C08EAE5FE1ED5720474,,,,
ACF0E2C6C2A6093C9C053DF3EFA14EA1,SA2580208079500222121012,,,
ACF877DCC6F36F3867E1F03EBE7F11BB,SA3210000062300166800000,,,
AC1D8C2DDB1FB0DF2CDF85B1B6423F4F,SA2345000000349095034001,,,
ACD5796BB06D32FD9EA7D14E379570CD,SA2910000016900001262609,,,
ACCF57003ABA9140A8C9D9414F682C3D,,,,
AC8C7C8E8F0441219FD290AFB478728A,SA2730100991106569144488,,,
ACFFB868060D866569471F62ADDAAE30,,,,
AC9BBB42A7EA5129FD639F59F57A269A,,,,
A50926E646E4113E4DB6D894DBB97A3C,,,,
A5E2031B968B221BCA9E7872DC073B3E,SA2480208103080222121015,,,
A5E20D56EB770F73E78473156BAB3A2C,SA3980207966399222121017,,,
A585285201138EE4BBE2828D82B02513,SA2305000068206934287000,,,
A5CEAD75488265680494D87B7F18FA22,,,,
A5B31F5B710CBA294888E332C397B3BA,,,,
A5A2D2B7E29D70FF372C2775391170BB,,,,
A51B4A03622C001F1923F05A65B759B9,SA3080208078396222121016,,,
A5D85249651CBC2538B699E1B74D3632,,,,
A5460CFC77096E8269FEA60E9C58A76C,,,,
A52F6E8BB1DC4867DB37EFFF950E0BC8,SA3210000062300166800000,,,
A56F83B89CAF89EB3EAAFDACE63ACF54,SA8210000001400034340400,,,
A5FDF065034BA4FCF9B763C7BC0FA70B,SA9380207678991222121010,,,
A558E3888CDFA2AA872784C23FA096C2,,,,
A5E112F7B6ACBDAD933183EAA437D58A,,,,
A54A150481F7C671EA4D694DE42F14A5,,,,
A5F8DEBE44DB307CFF32C650A1C023F9,,,,
A5E9D43BFBB1F1E54920F2807CDEE7B5,,,,
ACF145E015F927B1B344A9CED66D5366,,,10450342,134
AC1C8BB30B28E7FF9C7584AAA1FC7883,,,10451396,134
AC05829DE00CBA53A3A88974B4CAF861,,,,
AC963B86CEB555A85C85BCD11C2A28C0,SA0880000562608016296113,,,
AC4E2C4D4AD9206C2D38BFEEB442974F,SA0880000562608016296113,,,
ACB6B3A2DD76B2D1BC788B2915101DD3,,,,
AC0E6D46016126B628BA3089E8BF510B,SA9680000369608016200292,,,
AC84FFE9235DCFA068DFEBA3260CA23D,SA5280000316608010140555,,,
A5FF9CCDA40F45A9725798AAF2668209,,,,
A577B22578181063A5F8109A848F67A5,,,,
ACEE799A304CF4E5A43874C4C971A676,SA0730400108038180450019,,,
ACB6170115023CCE2560FF3AA1138D20,SA1680000435608010087141,,,
ACF7AC2B05F41E03FC68146E64E00686,,,,
AC472C5DEB32659DBFA97E96DF7B150C,,,,
A54BB13704C467F0BD6B69F2FD39270F,,,,
A5AEAE3970F164CEF4E3B98AD82971DA,,,,
ACCC05EC7CBDB8046EDE2E0463C79999,SA2460100000682168715001,,,
ACCAE6EBAFF4530D25875B472FCA7D78,SA8310000062300166730406,,,
AC541CE35E9CB728D7601F923CDAB56D,,,,
ACEFB5712C66283B5AAB64DE20A65070,SA1980000603608016112766,,,
AC5E565E09FF11274BFB17670A51331F,,,,
ACA37BD9620F24B25A27CE6466B1E12D,SA9310000008800000106301,,,
AC7BE2FC23BC587B479A65E595EB9BFB,,,,
ACC7BF2B7E3659D501F63ECEDB098E23,,,,
ACCCCDD67FD2CCD6ED95EA2826AD55E9,,,,
AC855DE8EDCEA6104833CBD11DB22863,SA6180000154608016200614,,,
3A6B35014C809543F39F,,,,
ACBB9782B891B46EBF41A0EC473761DB,,,,134
AC438CEE0FD83F1C2E822C8FF40396BF,SA7980208139560222121014,,,
AC13E5B9FFFEF275286D959D27F50FF7,SA3360100033682213973001,,,
ACCDA8A1ACBE3AA29492D163F4612240,,,,
AC69E35773E326820A95E4206E0B9EC9,SA2930100991105726090680,,,
AC70E907F9C8E7533198680CE23B8D91,,,,
ACE2BD7ECCB3F04BFCF64EA07CA33670,,,,
AC83C16BD21BF3EAC5A596B3F7E752A5,SA6905000068203436905000,,,
A5704312937429276C2306B400905595,SA1580208138989222121016,,,
AC8BA32B2AF3FD6F2D31DFB0F04EA3DF,SA4330100974017146675246,,,
AC8AE1D39ED9468BE4AA1FD891C50CC6,SA4130100991101375714766,,,
ACF3CA2323F8DF9662513725B1C4F612,,,,
A5C7DE031BB9902847DE6223B71E51FE,SA0980000177608016422724,,,
AC0E0954C8E4C167E3CDB8C0DD7CA5DB,SA8710000046300000858806,,,
ACF27BDE22548008EDA74981F3F60774,SA0780000341608016093005,,,
ACD273C0549F32CED38BD73AF7D746BC,,,,
AC5FCE55103E521F216B1F6DA6551BF1,,,,
ACF0403B8F2BC0854732839E865817DC,,,,
AC7A2E0DFA24D5BD08F546371230AFE7,,,10463027,134
AC271B6A6738134BA9D5622EF567171A,,,10463028,134
ACF4C4D8E3A218FFB2D2438001ECBC1F,,,,
A55BF9A5619BD9543087659E270AFC61,,,,
AC21CF803C4971F3B0375A004A4404E6,SA8360100007682209298001,,,
A564411CF48E6A9A5C227487660AA52E,,,,
A524872202E2E392C65ED67F8FD16858,,,,
A57DA1546B7DCBFF07B995E7F9BF1F36,SA2445000000352682462001,,,
3AF75D4CD09175549BAD,,,,
3A1D034C0FC06D1B39D7,,,,
3A36DCE840375F1967B8,,,,
A55EB8244F74FB33F30F45EE76E500DB,SA9005000068206932019001,,,
A5D9C27E2CE180675CAC91A3F3A185B8,,,,
A5669BC7ED0DCA8F00D85495AE059C0B,,,,
A5589BD5C9498F024734ED54EFB4470E,,,,
AC1DE5D915CB0A774610C65D25B0AC8D,SA3830100947001300178663,,,
AC8028F8EA134A32BF12A294C4810D10,SA9180000212608016130050,,,
AC6BA7A6FFF423009F6A55392A4AED0F,,,,
AC88E537667DE7297C756759BF4F441A,SA8680000311608016357505,,,
AC43B41388D551CE12C3AB778EC3E4E4,,,,
ACAA82DEFA561F1AA07893F083455262,,,,
AC3A836C9C5BAA70CC4A7179719897D6,,,,
AC020C06E49F17CBA15D3881B8892612,SA2305000068206934287000,,,
ACD94D31BCC03CD4C5DAB8811E382B3D,,,,
ACE916312AA947CEAA807C4D216662E6,,,,
AC489BEFC10DD760C8677759E1C9F80C,,,,
A54F3A628889798EA023A26A26CA6F50,,,,
A5F6AC869E651B419D7A216B887C8170,,,10463039,134
AC4FFDA9209AC1DEDCFE4852FC146D71,SA7730100803100443877013,,,
3A334A4D13B9D30FDD1F,,,,
AC1D61F62311A74EA3107BDF7BB62490,SA9180000212608016130050,,,
A5CB68DF8674B944B1AD8E78DBDA7671,SA3915000007777634040005,,,
ACD0BEF1F78859893ACE016C6323B101,SA2480208145392222121014,,,
AC4295CDE20D0B511FC75991C2D3AEAF,SA8605000068206937877000,,,
AC0B6E11069A585A15874A865FD2A8AB,,,,
ACC271ED1669385AF87EF99DFFD80CEC,SA7480000866608016556757,,,
AC44A508E9FD3E20A908354AE8C32F8E,SA7405000010011714767540,,,
ACEA9DC9D1BB9036317AF282B8A9D37B,,,,
A5A9CF99C3D31AC20D29C53D8D8381BA,SA5580000598608016591354,,,
ACEB2594C46D7824716D63F12669F684,SA4960100011082215081001,,,
A552E1B4691A52CC4F1BDC70C0CAC7F7,,,,
A58995B2F905CC3E08D9168B46F5C4A2,,,,
A5E394755493084B24E8772C487EC3DE,SA8030400108038206480013,,,
ACADFEA2D7FC8CCA5A6900241DF959BE,SA9480208140428222121011,,,
AC8467559701D3F717BF1CECA5D26E44,SA5960100031682213230001,,,
ACB025C53DA82533E907920A61368AF6,SA5960100031682213230001,,,
ACC55A1EC6E9E4C8B2BD74B25C12D425,,,,
A5689E1383D3AC73E11CE4CD147A8FEF,,,,
A54F5734FA05E0277FB9DAD76A0BE99C,,,,
A58FF09C8D3E5E9EB65733A8F37C2519,,,,
AC35F3744AC7A4A6B549034B050423C8,SA8880000111608010359095,,,
AC4F37FF3DC6104213B102B6CA21C6B6,SA8080000162608016041471,,,
AC9C0502F8F77F51EC4A78B1B2DE69A4,SA8080000162608016041471,,,
ACF6948C9A36E60DB3A1E3CCB85E5238,SA2910000062300096130704,,,
AC07C41C08ECAA3F709AABCAA5ED2F8B,,,,
A565F1132134FE0D9A16275236D9AD54,,,,
A5C439414F461F1861521C01C411EB8C,,,,
ACB89BB6D4B1111D730A16A99AD77515,SA4480000354608010058289,,,
AC750E426AB0B3E0F6D37AD0C6E11A07,,,,
ACA17CDC1B6274112AFF280BDC08F26B,,,,
AC0196CD3167D51D8BD1DAA3658FF4D4,SA6236036036042104192486,,,
ACEBE543B960AAEA66BE4CE772D4ECA1,,,,
AC4A1323584D6208F66AE0A225305C0C,,,,
ACBAC8EA0A15AE423812BFFF656D615E,SA8410000011100507204306,,,
A5DCD604175E36021B071806A09A394B,,,,
AC2C13094C450F2BD624A79E3887AAB6,SA9105000068204610747000,,,
ACA9485F75EDF58DCE12454736744208,SA2930100974017223254670,,,
ACCF3EF0C87BA908F0ED10F4D82472D1,SA2930100974017223254670,,,
AC7885A2032C607EC9F7EAECC5CEE612,SA2930100974017223254670,,,
A5305933E413815AB61EFB43AA8A97E2,,,,
AC0794DB242A05EC49999A480AEA86FA,SA3410000062300166494608,,,
ACE0A38F362B1CC1656B5237E9D1FFC2,SA0780208063650222121013,,,
ACF73EEED3870582B002E35020B8818D,SA5980000455608011129863,,,
ACAD419EC8D7B7116BC6C1D9004B3A91,SA2080000365608010474301,,,
A54B3938E8A8A11D108B6138CFD217DE,,1125781193,,
AC3E8AC72435AAA676578F45413F337B,SA2930100974017223254670,,,
A557A58BF223B789443C5EA7F513F5E8,,,,
AC0812CE33DE83D0CE15A05869A55626,,,,
A5205127DC0EC7BC6B4F5E1FDCEED6A3,,1131387753,,
A58845AD00CC522AAD897C269C221A02,,,,
A5A8DADAAD2E45B5CE5EDA733B637B89,,,,
ACC15E9E08478073FAA7C019F6D50CE2,SA6280208146319222121016,,,
ACAF8DB2E42A547F3A2556EB83157BA6,SA6280208146319222121016,,,
A5B5D27672D1797C94E6BF032853359A,,1129281703,,
AC08441C2B7446AC4D60415216E9EF25,,,,
A54BD8B89A87C009931B968482755D01,,,,
A5331BFB8A3EC487EB4847DE47606908,,,,
A52F3603174AAAF4C712E75EAF40DCA2,,,,
AC9664B6A07522A2D10B651A48FDB0CD,SA3080000857608111942658,,,
ACF261DBFE28503775DE477C214CB780,,,,
AC6988BB73993B0627BA43E38A3ECD66,,,,
ACDC8D5D0B79201CC3C9873734FF5F83,,,,
A5840140CEAE96B09CEA3C51209270FE,SA9780000172608016249700,,,
A5E7C1EFCB8C04660AAACAD48C4F08D5,,,,
A546D72700E79A2B2C7DA714170CF873,,,,
AC3E17834C43F627C976D7FB0C761D83,SA0210000027900001260702,,,
ACDA5D9B3CF16843A464F4C60C41A77B,SA4830100974017223451820,,,
A54FBF7931CDCF47E9DE3F808BA0C5CE,,,,
A5CFA32F238E258199653B7C250FC784,,,,
AC85C0DF8A82B39F1FC0F8F4ED8D7910,,,,
ACE723D955B1CC072758C591E1E9F7AB,SA1710000024800000606807,,,
ACE34FD4F2C419C53C2D341AF1B38933,SA5180000136608016297530,,,
A573B57492756288175324A05C834DDB,SA6545000000221655400001,,,
A5C4407E9B7BA6DD68DFD9865BD8B3FB,,,,
3A262D9729AA5C10306D,,,,
ACBE4CFE6487A1B6118341A987B626B0,,,,
ACF2DC9B3B29962A03AC9BC78BE9E6FE,,,,
ACE29BC04518BC00ED0B52C142DF8034,,,,
AC0379038746306938A7D104663E2FFC,,,,
ACB8E22A4914546CF5B85D08D91EC6BA,,,,
A556F70A3DB70A3A64A83F8BCDD05ED6,SA8180000640608016352979,,,
A5F8397620B867912A84D5FD83CA623F,,,,
A58E3CB94ACFA2EBBD5A8B3C8C6F4D77,,,,
A53C5547DA2F662F99A70D64046C7CCA,,,,
AC70753797CD1576DDEB77A6C35A2ECD,SA9110000044247179005501,,,
A5F186BE47C0A9B9B6E33DD0E89736BC,,,,
A5A4B4E1A3230311A4EC17E7399FCEFE,,,,
A5C8B49FEA3E123BDDA53D63A022527D,,,,
A5F082CCE74BE395F15C614CD89D971C,,,,
A501C561BCE193069E17E394DAE01618,,,,
AC9356ACB6E96FCB777DF447C4FB98FE,,,,
AC38CBA088B040F9494FB4ECAAFF5241,,,10462050,134
ACAE7768BF64C43AC8E4A4EE0D40C72A,,,,
3A69B1544DE1B7F41DC9,,,,
3A08AA1BA904436088A7,,,,
3A35CA22292F0D6B6808,,,,
ACDB3236C95278D077E76EDF52E0EBFE,SA0930100974017223468042,,,
AC8141AF5ED24D6559F007A8BBD1C65A,SA0930100974017223468042,,,
ACA9DFC5B9A44B1B7515A82DFD4F0CBC,SA7180000311608016234779,,,
ACDF87E424BDA3AAAE2646421258A441,SA9510000023150178000104,,,
3A2120FDF5066B1B0350,SA7730100803100443877013,,,
ACA06526C6428992EEC6CD3550173CF5,SA5130400108038215030018,,,
A5328E118C030F0D870560E333DFFC74,,,,
AC2BAC42129E1C9CC6536E4996B40375,SA1610000041700000669709,,,
ACC25B62B1F996A009B5583C941AB82E,,,,
3A0127EBCA165F034797,,,,
AC725E5F1BB112715DB42C976943F8E3,SA4130100991101375714766,,,
ACA5A54DB146C18584E2910CC697ECB9,SA3080000857608111942658,,,
AC35CCA3276D8BE7000A36A85549027C,SA9630100806624573845786,,,
AC99A9A5752B50A65BEE94B8CEE8FDF9,,,,
ACF36D420D04254DF52A967C2A0CE898,SA3480208148465222121015,,,
AC2D0B29467AC1DB7C6C89DA651C1067,SA2080000554608016276800,,,
ACE34A3C0F0CC43930D114DF9099DCAE,SA3730100991100713958237,,,
ACC84654A51C79A40A4118C492D4A0FF,SA5730100991101737015810,,,
AC117CD84E80A60A51928A1D9E1067C2,SA9630100806624573845786,,,
A5E4060ED19B9D6E3778D85C389AE6D5,,,,
A5BC88C2B996662025D35A8100369C38,,,,
3A029F5E8108DF93D61A,,,,
AC3578405CA3B0C45A62A1DF06FBC4E7,SA7980208065047222121010,,,
A505C0EC1EBDED4887ADA72D647F964D,,,,
A58875C72A50818F2B11A5A7CB6B7FCA,,,10463039,134
A5C00FCAA8A769E57A7EFC3D793133C6,SA2180000154608016200655,,,
AC249CC1AF81EA6E48372C3DE918AD1B,SA4830100974017223451820,,,
AC334D3455CED8F0080BDC10C1874E2C,,,,
3AB47B587DC36942D21A,SA2436036036095039519140,,,
3A79352CCE848122E567,,,,
A56F8C503460DEF68FF2F35E0F6FC893,,,,
AC4B53ED8B4E9BB0408D3EBAFA7741A1,SA0680208147005222121010,,,
A56A4B616CE5B437588CE90F129392D0,SA4830100974017223451820,,,
ACFADD9C8F7CD8DC83A9A36F82C7577C,,,,
AC0F1A8A5B402AF22864A878297F0973,SA2180000856608018039013,,,
A5A86952F19FFCE15240B90BABC66B0C,SA9130100974017223838658,,,
AC9F2B6F13CBE2CB57839066FF110EC9,SA9220000003334083789940,,,
AC1F4EB5E3A19FBA0D82290D814997DF,SA5330100675020117050012,,,
AC8C95CB63AE52027CEE7CA18C86032A,SA3180207976828222121013,,,
AC3710C2C3A985207E7D49D04CD6FA36,SA4515000007777699340006,,,
AC625023E700DEABF7BC458D8C404E65,,,,
AC54F5651BB77936ABAB510362645361,,,,
AC400CACDC4944666068B62C74F4F43B,SA1830400108038221950010,,,
AC230EFE5F4EA3363A4555E7ACA77B35,SA2010000035400000428907,,,
AC577BF35C9439EDAA1A82F7CD69D7B7,,,,
A55E76A764C4DA21B9575EE9666F9920,,,,
A506F61255469C332D20F18F1FA5D161,,,,
A524E31297C23E0E353A274288FF4CE2,,,,
ACE13B465128E2C4EB909D3722792805,,,,
AC2847D731DCAF87FF9DBC550FB25A11,,,,
ACD666CAFD73E22C07446358ADCE3125,SA8930100974017224106608,,,
A56D8638521DD5EB765AD8153878F19F,SA3530400108038222570019,,,
A5614029FA2CAB9772825DBC580D1F50,,,,
A591DBAE35587BD05DF4E641EDE98D1C,,,,
ACE3DB81CCEF301FE800E84205F44395,SA5080000350608016482982,,,
AC991776A01BAE975845EE6840D7CBDF,,,,
ACAA4FB9EB471BC7EB6D808387A158F2,,,,
ACE3DFFC673230FBF48A28ED99257883,,,,
AC5C1424A591E4B81D48808F6EE45EF8,,,,
AC04D5174D546AFAA50D2A92B12603C9,,,,
ACA893BE638339A8D1D922E672A93338,,,,
ACD3493A6185A7EF2368F142B2E3549A,,,,
A5842C0BE15EEF6A83A2C3C383E410AA,SA5580000598608016591354,,,
A58786389B8A887B83D37FCA43AAB32C,,,,
ACAC130D9121F5707A9A2B7625AC16A6,SA6610000062300167655704,,,
AC27CAB9E60DFE2F87A59E12EE6411FB,,,,
A543EA810F9DC43DD1E6F05FB3DCF281,,,,135
AC094C5010DAC9B0F65177A205F18A6B,,,10459031,134
AC3C75187FB7FB923645B6D86F81AA72,,,,
ACF06AA31050E04D6963B71CCBD6ED1C,SA2880208151207222121015,,,
AC18CD5A1D64D4D30549B27127707636,SA5780000305608016224273,,,
A5AA7F504529182012AB641E3FEC0D2E,,,,
ACDFFA9D2A456CFD84BB41C1A5652933,SA7520000001226343429941,,,
A52A30491FB3E806F72C675F7C1CB4D7,,,,
A5FC24A0926B308EA938FDE44F3E7C37,,,,
AC622C4A4C20072DE4A65116F948350C,SA3945000000749140950001,,,
AC0188F9F086CC49CEF6B04EF4368BB3,SA9830100806624532904572,,,
A53DC0F572DA56AA0B7D81282555A172,,,,
A59FEFF58A4E096BF9185B8716D29FFC,,,,
A51904273B32F1210BD5630B1BD060C0,SA9330400108038215380015,,,
AC0CBE9C2E555FDF84873CA72BC9C9AA,SA3830100991107915410297,,,
AC7AAEF4062FEE1BA8BE3CFFEACDC6D0,,,,
AC7865027F8F26F1E6A4C3B5CE2279C0,SA3810000024800000607302,,,
AC913DF8134D4728BC1D8BCEBBB3D668,,,,
ACA70BF948D91DAB952426721895D091,,,,
AC7259518CD22276E1D13198509FE309,,,,
ACFFB493864041E1B06A5419E7BF0753,SA0780000475608010201800,,,
A5DF6BE7E3B47F5027ACC7C667FF30B6,SA1745000000260371679001,,,
ACF0CFD62A6556F951E7BFAA419E2BDF,,,,
AC371D95ADB39029F7F311E834584F11,SA3536036036018990013890,,,
AC43594D5F006AA6266B0F00A2A8B819,,,,
AC294A12AEFFE38C0A2676AF885F3343,SA8110000032000000992907,,,
A52A62E65F46AFF339A8691C39035771,SA4510000025700001603709,,,
A53FF2B3EFF4AC1D81E95EE065A3A629,,,,
A5B546727245F5D0D3EA6FB1B19E3E18,,,,
ACF29D828992F279961FC2EBDAFFC03E,SA3060100015482215098001,,,
A5DB343D5EEB9112CF42B5285587AEB2,,,,
A51D7D07351D178C742007F63269E5CB,,,,
A54DAA05DEA45788FC71494084EA0BDE,,,,
A559082F53B9F6A6FEB460F9159C1797,SA7636036036030025204863,,,
AC684E34F3382F433A4AA5B646170E0B,SA5210000020571846000106,,,
ACBC131394E2F5894F3186880A0B74E2,SA4736036036037362860207,,,
AC734B437C0FC352DF34BCB541DA8D6F,,,,
AC7DB131E1BF4E8B1F3B7681FF637DFB,,,,
ACE80AA9B9EEC4A77C5D445A6F0060AF,SA4610000026200001004303,,,
A5AF076B34BA2B031DEEB7BDE597DF7D,,,,
ACC7227277CC89618AE57485F939DF77,,,,
A51C5B12FE0118D408639BC2E6C5CD9A,,,,
AC12DDC1BD9892E1FBD63AC8170D4CE5,,,,
AC78BA5B90CF6E54DB8B9815C4CDC89A,SA4878000000001248832939,,,
A50997217CD0E3EA7D1698C211CBE3B6,,,,
A572F1629B6D1CAE7E2B7DE40C9B3AE6,SA6415000007777686780007,,,
ACB3547EF057EE36FA6D9D701641D39E,,,,
AC91BCAED98F127CB9BE2CF83CBF7668,SA8636036036083092819835,,,
A59A198339F632B13BCDC4B61CB018F7,SA6145000000260372933001,,,
A5C32B8D6B08F33371504265BF76C5CB,SA7015000007777571660008,,,
A52DCF7E711A69A985992B158D40AADC,SA2505012000000111706176,,,
A595C1131BD8E5F04D79E2E0CF3464C2,,,,
ACCCCC61F9750FC8C731AE33DE492A58,,,,
A52DDBD77B7A764AC73857801927500E,SA6145000000260372933001,,,
A5E63414A6CFEF1A500D885C91B633D1,,,,
A52E1B938DF7AC6F5F65E65AF67310AC,,,,
A5E25FE511A3C76C67FE9F1051F04EF9,SA7730100803100443877013,,,
A5FCC96D7EFADC0D786AC016C75CD100,,,,
A57DB35975EA3F26517CEB84B4251A33,,,,
3A7EA42B2EB6895B5BAC,,,,
A55FB32D4BCA82D8811F06D172AA4E71,,,,
AC903518FE8CF740A82868A5ED46286D,,,,
AC1E593E6EC0C7366D9D0DEBA62769AB,,,,
ACCBB173C763200206A389F6BA0CBC55,SA6380000857608011207467,,,
3AFA9D3F3B97820F4BA1,,,,
3A904F6EAABAB96433E8,,,,
A5732BEDBA951D83BF19EBC5A5F907CA,,,,
AC6946A4FD81F8909530F7011DA5B11B,,,,
3A1A20DEFF3C43F33498,,,,
A523B5C71FE433FDFBAE2AD62FFC7475,,,,
A5459A8F0AE9A2E40BBB3606F15F4C7E,SA7336036036071853434919,,,
A5DC2FF341D1A22F5F5F2E573FEAE6C0,,,,
A54F10A6077BE8E804607CD3E93BDE16,SA6280000859608015441532,,,
A588AD39F5B9EA37909D425A9E8689E5,,,,
AC41E1210D73A88D68C04626DDE71026,,,,
AC4EEE5289CFA017CCFC7FD036680888,SA4980000129608016822492,,,
3A38FD05FDBF7CC6C7A0,,1093575544,,
ACDC9E134F6530A3F0D5BAE6E2D0ADC9,SA1430100974017203257420,,,
ACDB789A33A267A9BC80EA87BA9FDA9F,,,,
3A21A922522EAF1D2531,,1093575544,,
A571CE2F31FDFD352959A13BEE922ED9,SA2580000365608010962800,,,
A510887AF650114A56AE89EB0A08E01F,,,,
A50E86FF8149F480D7A022370DEB161A,SA4110000001400025043009,,,
A528D16AA08B441093C8CB823D91792E,,,,
AC203426435D204DD5AAC47FE88BCB05,SA2010000011100258980906,,,
A5D3746998F7EE4602DDBE811E9E9F8D,SA2010000011100258980906,,,
ACF18C5B8E79C1A71A0C51E6CE7C2209,SA4380000865608010911868,,,
AC1A9F03FD1759901575AEA9274AE8C1,,,,
AC31CFA1E6A36209C89E170BBB49FE19,SA7730100991107323836665,,,
ACB86B45C4DF9BDA75AFD914FEA3252B,,,,
ACD6F4B3040A6905C3EE5AE49BE61576,SA7730100803100443877013,,,
ACB3DDE6C97C27673537255DDA6B215E,SA9080000866608016220461,,,
A5D6BEDF42802651EBA06DB827394480,,,,
A5385BA36DF3079955236C009A05180D,SA7505000068206952065000,,,
AC6F3640E38C649EEA32548D4217CEBD,SA0436036036084200649193,,,
ACEAE3B5222AA4925CE71517138110DF,,,,
ACE10E38E0E38006F3AEF9EF89AE9AF5,,,,
AC7A9715D29EE81D4B9A264864734A68,SA1780000259608016093336,,,
ACFD641F8AB657D3CE9B3308A525CEE7,,,,
AC3AB3369307FB760FE464E77791AD84,,,,
AC1B770BB16628F09B2288117A9CEE19,SA0236031016064668007222,,,
AC1B44E42166BCBAFB537CC166B48FCD,,,,
AC4853D03432DB1F131EAA48D643C7A8,SA9110000044247179005501,,,
AC1BC6C73424AE066CE281F8F0AF80F6,,,,
AC1FDE52118D441E9B8171695AF32DDC,SA9830400108037609890016,,,
ACBB33212CBFDC64A625FE5B399D6218,SA5005000068205693893000,,,
AC716D6948C58564BFCB10D234C920A9,,,,
A5ED0E3E915B5C9A77BD912A7ECBE54C,,,,
A5CC3BD604246BF22A741094FC0C0617,,,,
A5D5576D6AABB4A32A6A96B83318EB98,,,,
A52EF1A919332DD56C3125F5EC4A4AF4,SA3580000867608010354744,,,
AC32D86751BD8B5A12489F3DD0FA3CB5,,,,
3A43D0397EA1622F4F33,,,,
A5CBB057870E0CB451A2661BF4D56F65,SA8845000000260374624001,,,
A537A8ECB06028145655A84D7E8985DF,SA9245000000260371828001,,,
AC75A008BB3E16D462CD8F55FCB153C6,,,,
ACE3C783AFDF8886D47544644C88893A,SA8380000463608016482267,,,
3A798C05E776946BF180,,,,
AC304E9CE26C3BCE46500A9101A02839,SA4880000188608011326547,,,
3A95A51DF71494659248,,,,
AC19DFDEA248A11A9387BC455D4A14D0,SA8380000148608016190624,,,
ACC19A583FA4EB3E53671827DB98C440,,,,
A5EF2FC09D880462E43C1065E3CA1289,,,,
A57876F5D7AA03A1CCE819CCD2AEC0CD,,,,
A573A8565B11E0E32B4268B423171B83,,,,
ACE3C10C7455BF8DDCEB95FE59D348EC,SA1630100974017222986602,,,
AC5F1C753F852285A2E40C303A02417D,,,,
AC88C8EC500BA0F14C6288D7E22DEFBC,,,,
AC4C56280B71C5BC3F53EC59944C10EE,SA8410000027000000346210,,,
AC147940B19AD8F9E1784DF9E7E830DD,,,,
3AEFCAB268B4E92CA803,,,,
ACDBDF07E94C8D3A04FA3A169D40BB39,,,,
3A0640868C021D30337D,,,,
A507E8FB64B3C7592CEDDCACFBDA5C64,SA7880208056095222121010,,,
A5EB12D44DF439605C0DD0F7B9483E10,,,,
A52573E9007409379B8E8D9CE6B16C89,SA1415000007777607270007,,,
A5A773A17FF0155D4B67058E804DC187,,,,
A57747DECD6B914532F51A481728BB01,,,,
A503F470A744D007D5CB7BBC7CE3593D,,,,
A52B7DB7D214C1EEED27F200ED540C36,,,,
A5E775EB3795C973916E04BABC4994C2,,,,
A56C5B64B5F14F0AA2E6170BCA30DFB6,,,,
A59061FF0F298B2575C71C8363DA2000,SA1105000068201052350000,,,
3AFC8A88C9F04C486611,,,,
A53F2128FAAB6FEA8E59A8E14B70559C,,,,
A5CC8A9E0BEA92F618064AEA684CC0E9,,,,
A5A0565DF086F05CCD09CA62B5D13E98,,,,
AC6A1BFB0BE1C802EE4494234AEDF784,SA5780207947386222121018,,,
A514F1A8591B7C377C7F6E22ED9C0047,,,,
A5CCF48AD4DCE22821D3A953C117F487,,,,
A591842A3CA54F1499FC0A36D8365C67,,,,
A5C8C975495E495BC27B8C4E99A1A5CD,,,,
A539CD20EA13984078DE07123B7D62D7,,,,
A58DABFCC7BFEDAAFB36044186D38661,SA3005000068206942337001,,,
3A4AE5B08983D1C4C260,,,,
AC71D7039FFD519BCDA76AED1A198F8F,,,,
A5219F513449314133F13B59D20EE55B,SA1460100001681811824001,,,
3A61D903EA19C5CD6495,,,,
A5245162B81FCFA7BFBC38D13A02C1BF,,,,
A5E8A001BF56D10F20E4298C4A73C2E3,,,,
3A2AAD4269012C758486,,,,
A59802F1416CE25E666CD3BAE5DB17C1,SA9130100974017223891426,,,
AC6D8237083BB802AB45F147612AC1FB,SA7480207977122222121010,,,
AC5AE632DD09D86B1EE0835212BE8B6F,SA6815000007777152560001,,,
A5EE4B9DF868F5B92DBEBEDDCB851469,,,,
A5FFD589705AE89C637E28759E3CD7F5,,,,
A53F498A4794014B73A68E0A4EAABE63,,,,
A520CADC08771685AC5C49DEA7B4FBD2,,,,
A5920C8FF077DC520A1BB60561FF9AB4,,,,
A5484D0A6A309F99BAC0234AF00F15A1,SA0878000000001270272696,,,
A5B53F12119C1D7A36E20FFEA3222530,,,,
AC5A31D1EF1A2E14EACFE8DFB9342D12,SA1810000027400000686102,,,
ACD0CD5AF1BADD92CF14FD68D378D7CA,,,,
A56097B17138E8340A4C8180755D9A31,,,,
ACE134DA25789F7BF5D873A9885C411B,SA3005000068206942337001,,,
AC4ED6A6A6216E5D0E5C5EDB8E3BFB9D,,,,
A5E812282D30B9A7B94E27AB3BBDDE6B,SA3360100001682215740001,,,
A55B49C0E9644A5B620A88116B2F2A04,,,,
AC917858E4CB8BD680C807E0FDE04F31,SA6880208130365222121017,,,
A50FE00F87E31D6E889D7E676C460564,SA4610000026200001004303,,,
A5591CD20D54AC6ADF64D160A40AE83D,,,,
ACCCD23D76C6BB61E26674CA12DF4BCA,,,,
3ADED22AE90BA2770F0E,,,,
ACEAE0CC873E61F782E73FCA83D44361,SA5330100675020117050012,,,
AC5ABC7CECCE7750E44073C2B5FEC4B3,,,,
AC7500AA53BFAB1C8D3DAA73392B0EF5,SA7730100803100443877013,,,
ACA70BC4949BDD03929B1B89DE11D39B,SA4945000000352682835001,,,
A5FA3EA3247EC9F40FD6B94CB50AA65B,,,,
A59BFAEA11BB4FA1D3D976FD14BD5AFB,,,,
AC02D15D9EDE02C8DF8F1B0A8FA33AB3,SA6510000024800000607204,,,
ACAF153CCB729F244B79306C2936280E,,,,
AC2748FF01B159E1C0A6C825C0B521CD,SA1230100974017223663443,,,
A5898007998AFB99B0388EB729F910FE,SA3360100001682215740001,,,
A5C2305E746A2E28E1756AE23A200F11,,,,
ACBDE9235681F23D6BDE2D4B6E69CF35,SA7860000000030247566001,,,
ACABF4D4330BF866239221A995070E50,,,,
ACDFF56F7B5B0C17C743CE21C9EA9FD7,SA0960100001682215832001,,,
ACF4DDAA6EF58C9F45662363E741DDB3,SA0330100974017223808426,,,
AC92DB9328812A4C3891D754AFC5F795,SA4136036036076287091804,,,
A5CBB16CA69CA6FF51D33FAA506F7FE4,SA0960100001682215832001,,,
A557A875BD2835EBEDBFEC2FF9F76E3B,SA0960100001682215832001,,,
A59C7B2DBFD588EE5352358CF8B951CD,,,,
A5C49F8D153D6E25388FC83296CD30CC,SA1810000027400000686102,,,
A5399081A58E2DF5F47C1B60BE0C85BB,,,,
A5A73EDACAEE8C4F462EA57CF4357457,,,,
AC81A91D3E1D4407A25DDA2DC93EFD00,SA8580000425608010343546,,,
A5170265E9C94B01A0CD0632055E7089,,,,
A5CBDCD2BCE6DDA11EAF4E8DF511AECD,,,,
AC0903BBBE3102BDC4777167CFFF8132,,,,
AC493741E89CEB0E45BB5D2A3CFD33C2,SA1280000866608019966938,,,
3AC5978DB105E992D507,SA7730100803100443877013,,,
AC42E59D6C1A9A24D06447CA0270D899,SA1680000169608010293568,,,
AC355DEFA7CBFFB16B496AA693645065,SA6160100001682211785001,,,
ACA06033CF64C631AADFE4E933EEED5E,,,,
AC9C2EC9A27CDD1695FA57959A108D56,SA2960100000782216064001,,,
AC60189AECA3A95017459A3FA6789810,SA2078000000001273282196,,,
ACF8631FF326C04028F76E78DDE131DC,,,,
AC79D6FE034F93AFDF1A619F9EA8EBD5,,,,
A5C98B643AC84CFBD7120B6DD44BC971,,2556446389,,
ACFF3213B67A07CBE91337C16E6F3ACF,SA7980000193608010254180,,,
ACBD575E0A3EC00BC9C65EC59577EB95,,,,
AC7900ED6665032751D9DDF794BB1218,,,,
A5197B841F6D29DD784002ACE09F4C2B,SA1315000007777731560005,,,
A59D21FA59EEDDF797FB2D0C06A99BA7,SA3510000062300168282300,,,
A5D68B21E45CF91217EB6E4027B23D62,,,,
ACFE2512DC45EC57E0CB5DEB1FE7C5BE,,,,
AC1F739441AB4EDCA22A3D6AA09FD3CC,,,,
AC49E7038C746D4C011F5E1AA7EC7E9A,SA1680000435608010087141,,,
A5030554E6BB90B2CAFF561600BEF36D,SA5510000011100108965605,,,
A5E19720A01D0B17BA192B8401AAD98C,,,,
A55B0DFB2F13CCD336C382B3BAC0F3BD,,,,
A56F55B838BF7ECCFCAEC3170D2A87CC,SA4545000000065298978001,,,
3A0F4505E0F692BA2A2B,SA2010000011100258980906,,,
AC404A525665A2A14F72EB7A75AA30A1,SA0280000254608010146010,,,
AC607E4D14057DB2869DF2A63823D6F8,SA9480000154608016200796,,,
A5EBCBD7679910A1E99B0115ADD38ED6,,,,
A529A0705EFB9BF7FCF0F5F978AC4488,SA3880000613608016081951,,,
A5FE1D157866E7E051472FC515A6B799,SA1410000011100465704601,,,
A56C56EF330E46E84ACEBD4D99236DE1,SA0910000011100472727103,,,
A5E893165757B6013C14BA6DE77A82F1,SA4810000011100473288710,,,
ACF620CA3A94D0ADACCF32F478C2E43A,SA9430100974017221482668,,,
3A32AFDA777689B525D5,,,,
ACB524909271738CAEE3CB265470F138,,,,
AC73F7253DC3DE77EBE1D55A3F523951,SA0910000008200001017606,,,
A529AC42A73B30A8DD284505831FBFA6,SA3060100002782216752001,,,
A5D3A04D29C7DFAE44179AE2B1138D66,,,,
A527CEB35EA2ADAF9569985C20275314,,,,
A5A6E9D127BE359C8E09A5DA96678B34,,,,
A59C4368BEAC39B7F43935BB62F40EAB,SA8080000866608019397779,,,
ACC2D9F1ACC34CD8730112F44E7BB20F,,,,
AC27F38617E0B3AAA789374156A2AFB1,,,,
A58A68945E1758AF89C062B3C45E3780,,,,
ACF865C5050CF9CAA5848EE48685EC4A,SA4305000068206779560000,,,
3A380D649C39871256E4,SA9810000015100001757806,,,
ACD39C04F7C250FBF2C5983E40FCDC34,,,,
3A9A29A16A0C9374079D,,,,
ACAFA388B1DB2EC703827FF4938885DB,SA7780000431608016047184,,,
AC5845189318F2904EF127AA20EFAB3E,SA0480000130608016375209,,,
A5B3BDF80C0DFE7E67CAB421833FB7CF,,,,
A5B26FF5EE16F56A77932B31218F863C,,,,
AC271A62E2A8654CD62F1E9C74BA8170,SA7130400108038220240013,,,
AC51175E54416A9C758C698F3545AF26,SA2045000000057369340001,,,
A5BF06A37623F0C2912C7BB6C9DE083C,SA9710000011100458615705,,,
A58BB0388ADB08199D2362888534DF93,,,,
AC5C34D9877BA26BD7C5BA3641FBDBDD,,,,
A5610D1260C2EAD93D24FDA506EA0886,,,,
A5D76A94B83DB5B8C0AF1EB6D6C9205A,SA6405012000000111108245,,,
A576268F5FBFD826491E22CBC3510BBB,,,,
A5678BE687B3F777F22700388505E8DE,SA5330100675020117050012,,,
A5BB2F98F06DE5CF1E07774E4585FC38,SA2610000062300102450308,,,
A53BD10A34DAB15AE89AE3EEF893AEAA,SA9280000483608016011237,,,
AC8F2EEBC85848E1A6BAAAB0235FF89E,SA9330400108037951320018,,,
ACB13E11BC1F96D6B2E12ECDBCD4D979,SA2780000503608010658559,,,
AC4811F8C60812AB6E548D39D89948D0,SA9080207977430222121017,,,
A5D1B9231A0529D832BB79735A984BC3,SA9080207977430222121017,,,
A5CA8E3120DE2594336C4207D453455D,,,,
AC1227F039F7B931F99B05DC18628BAB,,,,
AC408EF3416E3107FC5C930B06D4801B,SA5380206306248222121018,,,
AC52D9CF05CDDFD516FD9A66B8C67760,,,,
A5339CA6440631D991C7F11FA01B602D,SA4810000011100473288710,,,
A58E3F02658D4A6EDB2F1BA46D72A673,SA2380000431608016047671,,,
AC63B2DA228E4A12774B01C251B168D1,SA4310000033600000117504,,,
AC7FF8E656449C10F7EFC1FBDF8A67C7,,,,
AC868100F66A95C10E730487F9E9C50E,,,,
A59F7429B396BFEA76EC494075C4C4ED,SA5980206000618222121010,,,
A59A6629F868DA4ECCC52D91F105B828,,,,
A5532B214BE252AF8C9D0743F65E325C,,,,
A569ECC124C382212E45C65DC6039A92,,,,
A50CAF3CA275E5B0778A455810BCC0CF,,,,
ACCDBC6F52373BD5A677897CA3463060,SA6580000436608010105124,,,
A5F1CFE04F17A8CB73A3F6A85863E142,,,,
A50F08A730E542A8C0805CA1EBD2E2FE,SA7015000007777735490001,,,
AC4F0EB0D5E6A58DD02F85A1A579FAF9,SA8210000062300168315404,,,
A52F3B3E390F07DC93AAABF590C286A7,,,,
A52C9844C0DC53ED17DDBFBE971A593A,,,,
A5946A65AA7D2BD73FDC045A14B66449,SA9480000856608016404995,,,
A55DFB6F938FC3E7D52284A51E276862,,,,
AC91C5A7DFB29C95607F1CF1CEBC50A5,SA5330100675020117050012,,,
A5038959FD266F4AB534803C12B836E9,,,,
AC802AC8E747DF5485369206E027760A,SA5180203234553222121014,,,
AC2FF6567C1AFDCDECE569CDD2E99B95,SA5180203234553222121014,,,
A58D55ADE088B043796445954D5968EA,,,,
ACB84B232FDFC5B1B33AC81B23E9013C,,,,
3A4493BC4880EDB510DA,,,,
A5A656D9F7F50AC2DC7AC917574ACCFA,,,,
A5237E5008BA0E299AF788EA313FE90D,SA2045000000352683221001,,,
ACBD3B50D3949D389F791C3FBB29ECCF,,,,
AC536761BAE50925D746842B962B20A0,,,,
A588B83C65F04D215C1A807BB1725D0D,SA2210000026400001141204,,,
A55F4BB6DF2EDCE3134C95593D7B31EF,,,,
A5B49F18FCF170EFE311E325AD48BE2B,,,,
ACDE3B14BFBEDB61BDBB70BE125F0480,SA6145000000260372933001,,,
ACE2C9A09B5A71B0043F86EF94EBDE8B,SA4680000694608017300345,,,
AC875F0A172D9F6F8C054FCC8A47267D,SA0930400108038213070016,,,
AC4D395B219018C5042A0945117C0B6A,,,,
AC2788C06C483F11A3F859B41BE9CD3E,,,,
ACDBB5AC5FD4740137400898996154C7,SA6678000000001273070587,,,
A5D2CB5FB082F7EF9A8F7E7CDBA92570,,,,
AC39B184AE559BD9BB632899C75BF29C,,,,
AC65551EC14A0B8148036AD504B85D4D,SA1830100974017224421002,,,
A510E733C48587E146C5AB73F5C689E4,SA6878000000001270209633,,,
A575B3BA4B2DC4C2F45B518A39BF5D3B,,,,
ACD4E92E58E08F5C68526B43AB6A8D3C,SA2530100803100444322015,,,
AC04D582902E618E4970751969800A2B,SA1310000024400001579906,,,
AC9888F4D2E8AADCFE8CC429635FD808,,,,
ACCC3BF2AFA841F80FAB75C66EA842F1,SA6160100002582215033001,,,
3AC9654DF4658FC17AEF,SA8010000062300168336101,,,
AC3CBDD4243E684B1A16BB5B30946811,,,,
AC1AF0C9A919D46B17A3B05044E06CD8,SA2580000181608010764711,,,
AC18FA4100F7924F9DB5F0FED7C57402,SA6980000130608019437881,,,
ACED95034E7805E2153DA7C7F5FFCEB2,,,,
ACA11A0ED67D426E357057393173F86C,SA7530100991105187981673,,,
AC847EFC389CD719C5D10E80F818132D,,,,
AC4BF36FF752D36F69D00EC4A4BC6B74,SA3336036036010783807718,,,
A5285698DEC290911EE97D190AFA77DB,,,,
A565C1C01EC1F5E0383A493574DBDB18,,,,
A58CA9F5FF9A04F188A5810912A77C2C,,,,
AC0C7A4B5B31051B82B391F3D884EDB3,,,,
ACAD58A9E9B7C6CF5B8EE6F16E2EAF92,,,,
AC92128262D6D4CDE8588D65B3DF8773,SA4345000000028380624001,,,
AC812920AD0C712B1BB24AEC44F08F41,,,,
AC538AEF09038F645FCE87E4BB837BB6,SA1010000062300168012605,,,
AC97D0CA5F6B9A089D9D1A17AF6948C3,,,,
A5F3C7B740D48FA219E7CF0E8D1A53E0,SA6160100002582215033001,,,
A595009CE2A7DB242690BC66C86658DF,,,,
AC4E1F0861271500E0303222CFA35D3D,SA5180203234553222121014,,,
AC8D9CC404A4317D5F1B766AC487131B,,,,
AC4442164A9F040B641CE4657EF9C04E,SA4080000617608016124492,,,
AC71CA8F8AC0A36113526C7E1AC749C7,SA7215000007777722730003,,,
ACE21BD3F8FFDAB7ECADF47CC50FD588,SA0615000007777545240009,,,
ACFB741E3CD0DE2200058766442B3BB1,,,,
3A32AD364629562264D8,SA7530100991103401489314,,,
A5BD46A7460EB2A7B293FCC487F8D7E7,,,,
ACF6E52D15BBB5E2FE4074122E8858EF,SA3580000589608010467487,,,
3A7B6738DF05181C6A66,SA6320000003473739149940,,,
ACEC3CA6E46C295C81FAE49B48F12156,,,,
A50D4FDBE33582BEAF7C580DB5CCE5EF,,,,
ACD91B578904B8BCC816372E02B02EF6,,,,
AC4A13B26A602803029723B5433D718A,,,,
ACDC694E016617AE830A8005DF63DA69,SA1730100974017224655469,,,
A560113C4923E8F467F9064FAF1A2589,SA5378000000001010631986,,,
A586809D4B587D6CCBAFF9A0B23C1414,,,,
ACAF2888D4E7B325059B38AEA7DAA2B9,SA8160100033482206967001,,,
AC4F84F79AA08A427C7E16848DFECEAF,,,,
AC2677469FE343B8F6CE236DB80C4FA3,SA3480000504608017487183,,,
A50E43DEE48649FDB63B9609CAA6DCF0,,,,
A5A92B57B38A84B62464E57168E40688,,,,902
AC493A3EA44FC2D31CE003CB61AF0CC2,SA8380000596608016146011,,,
ACAAFF255403000BE0C977A9A0F41345,SA9145000000221657596001,,,
AC0182AE53D0B39268102D603D3CDE89,SA6080000320608011774661,,,
AC261E531BD2DB8DE17537BE32BB1448,SA7710000017300000357103,,,
ACCAE134AAA4B33CEB638222E8E756D3,SA0480000597608016384645,,,
A53289B45DE186B9D3B844B2EDE57FE0,SA7980000554608016281073,,,
A520702AAFF0E926E1E51283D568573F,SA0910000026400001142505,,,
A567A9F86553B07C88A2E901B3C642A2,,,,
A5A2D946820537B35D9A1D428A15B122,,,,
3A972F2CAC5935EF7A3E,,,,
AC7461DAB1A6E52734AEAF2182AA375A,,,,
AC8167AF339D8852E3C200E19221FC87,,,,
ACE8EE1AF8B99055F71BA1102CECB2C6,SA7820000001140591959906,,,
A59D31FEBDEB93DDB87B18A382C149F5,SA2530100803100444322015,,,
ACF5C08B1FAC98434906AC0B47571F2B,,,,
A55B228C0F73C2B487E596B71F7D9FCA,,,,
A5ED1AB45BCD58C1497C6E0EDBC74617,,,,
3A05D99A51984F01CE9C,,,,
A5A4922C7A8CCB89A84F411D595731D1,,,,
A50027BF26FC39C6E92FE6AE626C5F5B,,,,
AC97CAE40C2FC9CEA1B5751A54E65C22,,,,
ACFC4EA18C340B36EC25C8140D0FEBAF,,,,
A57FAC27377E1B1D51A8045C4C98DAAB,,,,
A542D962FF5925EE879C943C79C7F2D7,,,,
ACA88C7CA53677D214AD6F2EAC9B0F3B,SA8560100015482170736001,,,
3A2B541AD2A4456AEECE,,,,
3AD233375A8BE8360A2A,,,,
A586C63B22B36196355AFE69553493B3,,,,
A55C79697AD050C6281D0B19645F0B1A,SA1010000062300168012605,,,
A5644FA14ED85C0B57929890385872B7,SA2530100803100444322015,,,
3ACA9230EB4B281FACA8,,,,
A52F938552DAAC023F42B0362A45951C,,,,
AC7E3764607B29CBF8BC919E81A6909D,,,,
AC2FE7A3B3A689FC328D63D4D66114FA,,,,
ACC50C5A7E0E3B5DB41917DB4F607C9C,SA1280000369608016033024,,,
AC8ADC9E237A5748346BE05F5211B0BA,,,,
ACE59FCB3DBE8932101475D0194839DE,SA4760100007282217423001,,,
AC2C4BE2506B7A3D7A5713E22CFA3643,,,,
AC12430155AD8D733376D47FE01CBB89,SA6615000007777769190007,,,
ACEA7C895D351B30A84B1EB18533FB13,,,,
AC22E5BC1CC2BB41F54E7D12E30DEF64,SA4030100974017224722664,,,
AC468A63DD46588F2D84C9EA5B316691,SA4015000900146185970008,,,
AC01D901BB9E4B1A9D9B8501513BD293,SA4015000900146185970008,,,
ACAE2CACD7E7CB75B4F52E957AB0F8FB,SA3280208116693222121010,,,
ACEA695884D73805F66D93D3E83897FD,SA3280208116693222121010,,,
AC5486F9E563F70F5E043B32B1142156,SA3580000589608010467487,,,
AC36002A831BC13A0C38180644F2B751,SA7215000007777722730003,,,
AC1BACC27D60DB3A76C4B8BD7A69E16B,SA9005000068206906453002,,,
ACA1F25983F0190AFB1BE93CA18C3A95,,,,
3A6924647BAF9B0849CF,,,,
3A3A623456B834B6331E,,,,
3AE94FB16CDDD59C348E,,,,
A533C31AFA8662565ACC58C53D7287DE,,,,
AC41A6F918C3FDF44C70D131301B5550,SA0530100829782363471182,,,
A563CD36773991C79670DDB0AA438BA0,SA6610000040300000496607,,,
A5E5E2D97BCEC1EB7467D662606D962F,,,,
A5DEC6A3443B142129C313F07DA01C38,SA5330100675020117050012,,,
AC4A219C767E9E4CBC3B72D609CE5A47,SA3510000033300000142301,,,
A5744B4F12CE4729CAE02DFE50158EC3,,,,
ACA5D7C0DC758C34082D801600BDF74C,,,,
AC62CCFD0CA9678E4CFEAC98C731932A,SA1605000068202097619000,,,
A5E5E97083F29A7479DA0CE76AC463B2,SA2978000000001261204564,,,
A5E4BF3CD19DE1EAEF2C7C3ACB0323D4,,,,
ACBE56306341ECC4BA4A0C50924765D1,SA7080208159407222121013,,,
ACF3BB8C56120A41D3D608BFC931A934,,,,
ACF4001C0C648F0F9FD467B3875DAD69,,,,
A54FEFB59D14FB2F18FC5D54D8A35873,,,,
A5C7929E5954A31DB4096B4A2286A32E,SA0530100829782363471182,,,
A5EE525C92AB1FA8F91C08043B756202,SA0530100829782363471182,,,
3ACA32C708E00F53C60D,SA0530100829782363471182,,,
AC3F5490F56C9CC63D1E6DE4A3EDFDCE,SA8810000043400000310204,,,
A5A762A6AF855B65B410273BE51E9C79,,,,
A50060DEFAE6B4E2F32D5C59DB8EBA7A,,,,
A5BB73A4E75D1F1828EE182363D53914,,,,
A5C707A64860C5F82BB9F112B764D350,SA9680000154608016200663,,,
A5390FC4A5801D7D7147C7A433AC99CE,,,,
AC2B19C668B8102A60F48EF73C2AE1E4,SA7080000562608016297616,,,
A5ABBB0613B721E534F6EF92F8D3CADD,,,,
A5315F3CF115EFE6A7B0DE3BD323770B,,,,
A5D13A1511E86A651EBE93279917F52F,SA3660100000982217314001,,,
A5EDC9278575B85CB28A053BD5D010EC,SA7980000554608016281073,,,
A5E8BC86FD3CEFF03560E63C4DDCB501,SA7980000554608016281073,,,
AC16E86B28D04417B5F5CB7909C0F5E6,SA0515000007777790140001,,,
ACF82CF62FCB7E76256F1E609903F8FF,,,,
A541454D5DAFE80162DEA2100ABF94C8,,,,
A5FA6B0DDE4357AF4ACB368F59F5F6E7,SA2630100947001300174320,,,
AC144DAC59417CFB4B426BA382698241,,,,
3AB185056E44DFBA48B5,,,,
3AE41020B3B98A663A4D,,,,
3A899738F1235A9BB57F,,,,
3A5E81A59EEC93D30352,,,,
AC61D366EB432AC6DC1535A1BB6761F5,SA7080208159407222121013,,,
AC3A2FA79FF35D4AABA9860E0C3B5A89,SA1510000013593346000100,,,
A543C38F3AE801FB8F9C82C8AE893DC0,,,,
A50BC30E0E7FDC5F2B98721A76344D79,,,,
A5928D24BBC2ECDA54E2920CC13BB4B6,SA9015000900146183680005,,,
A518A7420F755A5FAA664155370A7E5D,,,,
AC8792444EEFB3461617917EA73E03B9,,,,
ACBDF70DABE4E4F8CEB227A574F30E5B,SA9060100033682213221001,,,
ACAE97932774C21AC4007EF4EAEF7224,SA6605000010011767006549,,,
AC19E16B8C47A3E43F884934E87040DA,,,,
A57C1A75631D2F411D4CD91DB00D17EB,,,,
AC9E757C834DE1817B2D84C0031AA2D2,SA1110000027400000686810,,,
AC8231D37DEBF678512B6B5DE427213B,,,,
A5F1433BB0D71C4A2BBC64EE0B3853FF,,,,
A56C399CF570A209A4CF814C966F6365,,,,
AC63EF6D7DA2416A1B99283EC1C379AA,SA1380000216608016053266,,,
A5ADD04CE779732616D0E620E60F54C0,,,,
3A5775DB94CAF5EF22B3,SA9815000007777769520007,,,
ACB45F35814C643E4096B5E9EDCD75F2,SA2580000181608010764711,,,
3AE98A0CE3A79BA0F222,SA5380000351608016090610,,,
A575A8DACE368BFB22BBAA37AD2DC1FD,,,,
AC399BC1BA88D92E5E4C78ADB0FBACF0,SA0730100974017224989232,,,
3AAB11524A6FDDA1EB87,,,,
AC21397198486638A1DB18F7C668B791,,,,
AC07CE26CED0B410F28423D24AD76BF2,SA7380000857608012195232,,,
A51AC31F7030F7175BCD5192E8A37781,SA6760100000782216565001,,,
A547170F3872A9D72010B0F510ABEF30,SA9810000062300168257304,,,
A5DDA8689E777A29AA2FF84F861A3511,SA7405000010011714767540,,,
ACD3BCF9E2DDA12472F7B643D55D77C8,SA6080000477608010326167,,,
A59871CECD5CFD342B06D177CBC4EF6A,,,,
A51889D278B23F2A2EC2C5C0E3E65597,,,,
AC61A6D6FF70EEFB77106C5756758F0E,SA1745000000260371679001,,,
ACDF96F30A262A642B21079E58B40822,,,,
A5A569223F120B75A70E151AF62D24B4,SA1130100974017224930087,,,
AC62F352AA599945DDE92966B43C08C0,,,,
ACD8BED8AF199F85DAC8A434FE42C840,SA8645000000352684229001,,,
A5EBAE3D4FBD438F61844DA0252071EC,,,,
A53FBFE9EEB4968E47F03561F7F1159D,,,,
3A29C675FEA3F1081B12,,,,
A56FCF1824557DA0976EC28D02087544,,,,
A5500978CD2D357BA4A4637D04809372,,,,
3AD9B4F812E2341311D3,,,,
A5E9C376A6A27957CF1B99E1826411D9,,,,
A508EEEC369672FB2B932F53359D83F4,SA3430100974017225167420,,,
A5327822BAC1613A3BD2F5DF21DD1C4B,,,,
AC186446AFDD039AAE1856CEECAAE869,SA7820000001140591959906,,,
ACF874BECE9762E95DF3A02E8410E7F7,,,,
A532062D23405990B934491F979029D6,,,,
A581A58C90966250A2D54E23C02B989E,SA6880000866608017091820,,,
A5CFF3BD363D34AF1111239E94F1D495,,,,
ACA6B0E6A4A9DD93A189399F94DE2B15,SA2530100803100444322015,,,
A53FF5089FF6CA44BB21D2FFC6367EC7,,,,
AC7BD73275C95B5F81FA5452165E116E,,,,
AC9652F11685F0C6550CC2DB13645770,,,,
AC122279586871F6819C3E5C2E2E13FE,SA7305000068206941726000,,,
ACEBF7B33A71F8CBD0E6CFB2981F0BAA,,,,
A5260554F25CCB1DA5F0AA2D67FCBA2A,,,,
A5DEAF1C04493CDCC8EE36C53403588F,,,,
A50FB7DCFFF023E7F351DB92DC5C523C,SA7415000007777769680004,,,
3A39A83651BB0D1A6BED,,,,
3AEF167C53CD98AC5CF9,,,,
A5B46A4FD5BADF7D27366EE4C3B2E909,,,,
3A3AA4535861B5653183,,,,
3A5DF9FD8470FB332714,,,,
3ADD12EE3F7266A8FB0B,,,,
3ADF7201A4984E6D6C48,,,,
3A4D8F74EB8E626FEFE7,,,,
ACA752BF21839B46FEC009BB476D0EF5,SA5930100974017224977820,,,
AC40E43EB3AE5553CA6A7ECD1B96A419,SA1930100991102251066151,,,
AC654A1DC98AF371E4257C4330EA9C61,SA7360100000682218272001,,,
AC65C4C171A189C30A3F2E7E11FA8542,,,,
AC3C91C077C34B766BE6603A7A547A76,,,,
ACF607D65F3072E64209A39563848FD5,SA0530100974017224801864,,,
AC6B08F1B79F5DD2C26659A63909ED93,,,,
3AB8483F089134D0C0AC,,,,
A507289A38549746ADDE1A1625FAFAA1,SA0710000025900000410701,,,
A596F596794DB77B951079ECFA2CE83C,,,,
AC1C26C2DF387C89D93D99C895A248D8,SA3036036036010929198938,,,
AC99ECB2E99EE3115FED070000B360EC,SA2805000010011754384526,,,
A5DCB8936934785E96147E3B013AD4DE,SA5015000007777796130008,,,
AC13CECE5CA36121BFCA1E5C24F39371,SA9310000043161477000102,,,
AC13F317A13DFD3F6282A3E386C653DD,,,,
A5726A6E8AF768CC37ED6CA55C5140BC,,,,
A5E7DFCE78E19658B53BD97206394B32,,,,
A52F27D667F972C47B089A46A03C5D76,,,,
A5A9FB3019DAAFE75FFA2FEDBB0E8D2B,,,,
3AF272B06C6D8AC97F70,,,,
A587087B0DB7A9DC619DC3EDB2308370,,1018883270,,
A5058F641FB20F3DBE3D64CA8D18AC44,SA5930100974017224977820,,,
AC532EC705FC2E41FADD77BBDE9DC61A,SA5080000150608010721288,,,
ACE6EBC17CCC27A384A9F446A8B5F69C,SA9310000043161477000102,,,
AC6BD3F25102697EA167D5B947026216,,,,
AC5C2F0330C461AD86D6215FECDD3754,SA7130100991103238009660,,,
A5B4CA2A795DBF6E7DE8F2549E2AA540,,,,
ACD582919D5E9C3B47EDDE907A801D0A,SA7080208159407222121013,,,
AC42CD4DCFE729354D6AF8089A6202BC,,,,
AC8F47295F885608E1DBDD4A609225BD,,,,
AC18ABF9F173810498E2FF180C56D05F,SA1136036036020565590172,,,
ACA96AADDA9992AE55E75A681B86BC67,SA5280000866608011716562,,,
AC1849286A2232005AF6943BD1946DF1,SA9430100974017225338806,,,
AC1F9330C62F89840785964FA1685929,SA4910000050200000516109,,,
AC3D09479D358A5FB7B0BD9213629FDF,,,,
ACE5CB9F889AF784E64C168AB09EDFB7,,,,
A5CCE84FB2CB4030FB588A2D0831D9A1,,,,
ACE4F677F0AD27F915D47C5D6B4BE3FA,SA4910000050200000516109,,,
AC1EF12C71A7B296E11CE04A5FC577A0,,,,
3A8E5BDF1C2FB45C30C6,,,,
AC6C780FCCB8177F7D43A2FB9BCBB285,SA7980000554608016281073,,,
ACFB735721C95328AC2A1308AAD84839,,,,
AC0B523D9FA0ADA1927A1E009916CB0E,SA8880000210608016212363,,,
A5A09CA171383D89539007C9E89C6ABD,,,,
A563139198BC18637CC73716C0A4AC99,SA8830100974017224725874,,,
A5027CBF3A8B38BCA3395D9DFD938792,SA9180208087265222121012,,,
A56344A61AAEE22F5E1BAEA9ADE47123,SA4080000154608016200895,,,
A5BCB7AAAC95532D21413BCDF21CB77E,SA2910000062300168483101,,,
A5E8FEE6F31946B3E178D9662896E306,,,,
AC7A59FF620E341075A022EE8B2D3A80,SA3045000000825314842001,,,
A59543E5DBAB204AEBABB0A381C6EDC6,SA2380000108608016420490,,,
ACBA27B4F097CDF728A1886981E987EC,SA1380207815438222121016,,,
A5928B2478809793419C0609E774E6E2,SA9680000385608016171071,,,
AC12D2D570B99EF85D37CB09EC452D14,SA2910000062300168483101,,,
A5F3162F76E5F1CE4EA22159A1623D13,SA7520000003222885269940,,,
AC970CEFC9DC7CDCEDC3E1B154B2611B,,,,
A5FC767C321C4FECC28D2A627ED6C11E,,,,
A52D258C045035C6EA93F000E305FC86,,,,
AC27C8B0ABDD0AD2A5712419AA75DD51,SA1710000053600004054105,,,
ACB7F9A6413446934CEC8A5F4E0EE33E,,,,
AC6CF174457CBDCA631F021BC5C825B3,SA6505000068206957503000,,,
AC63417F05EB70BC68EC3B4DE5BEDB78,SA8780000379608010682691,,,
AC7823036F24CB05B5F31347C4ED0899,,,,
AC7A139ECE83C2707FEE832AEAEFA26C,SA4080000154608016200895,,,
ACD5562031A56FE019E84A90FB846F37,SA2680000350608016346450,,,
AC25C851E90F53AFF26A1F6424F1870D,,,,
A5BF13375823A9483EB88208EA710ED0,,,,
AC8C680A4967840BC0CD2E1A50E33EF3,,,,
A5F06BE30CA1E51A0CEC549A79CE3902,,,,
AC3120CE54DF680272F2A99723252679,SA4980000867608010686814,,,
AC7A00FCA31A7D20506CF553087864AD,SA9110000044247179005501,,,
A50F7B6D8A10D39321AD95BFF8F92B3D,,,,
AC2FCE0CEF98C5FCF54D714356F35F01,SA2805000010011754384526,,,
AC2C025C0A5169DC36135DBEA3CEF94C,SA4080000154608016200895,,,
ACA6E7AEAD9E4530C14709AEFAA9A5D0,SA6505000068206957503000,,,
A5F780F9AF7AE29C8E6814BE15360286,SA9280000154608016200929,,,
AC54C0BCE4117B7ACA69FF8B858E517A,SA5880000599608010784442,,,
A5368D9ABA6D51BCF8764A41D1ED3CC0,,,,
A57A522A699FD7B1012DF638737B5068,SA1136036036027986275830,,,
AC545BD53AA08EFAC6175681D3A85270,SA6336036036057308132518,,,
A5575047126F04EC046CC2A926016E41,SA4720000002471580089940,,,
ACAECC55CF7068FACAA7C4B4F22D2352,SA9810000007600000250607,,,
AC3004A3B67134A680BB2DED1BB5029B,,,,
A55FF7864640F2650313AAB52FC2835B,,,,
A54300C5B2127B290F66B1F7450C6892,,,,
A599B69B7FBF37E5B55C26DADCBBDA31,,,,
A53BB92FD2AD4595BF4FE21E614C6060,,,,
3A2E4F61788D0C2A5341,,,,
ACB914724166910DB6BF271405E75510,,,,
3A70F05AD0A71AB7A29D,,1119404760,,
A52B0EFD7245BC820BC7756BD4F7A3E7,SA9230100974017225435260,,,
3AC7835C010EBF609788,,,,
3AC8D4929CBB9FE2A643,,,,
A5CA3D7A13E90C5D6C02BDADD71ACDD1,SA5180000154608016200697,,,
A5DFDECCE3952748A8ECB8F16195CF3E,,,,
ACF885E30BDAF91B1737BF86A69F9C03,SA0580000225608016035403,,,
A55017321BA1044B2D0D2BAFC3772609,,,,
A5494E7285F0CC0FB1F68E5FFAE41995,,,,
A531F3FF4AA45BE7625105CDF1205246,,,,
ACA876270674416F110335CDEED90109,,,,
AC6356A423802E3ADD852F88ED0AA0AB,,,,
AC052D04A77DA9B8DDAA94FDE841900E,SA9110000044247179005501,,,
ACDFD534C15E259E3BC649F0D33F0A57,,,,
3A305FEDCCCF07FB8A71,,,,
A5FB5F6DBA5C756871E35E2AB6114377,,,,
A5B7BF037D01CAC7244311EDD8F418B9,,,,
A5E47FA454A94BB18167CE3AFC342B51,,,,
A5E8A37575BEB10C3D854C73E0C6214A,,,,
A5B03C370AD35639DDC67242F3A13F1B,,,,
A5078CF4F74334FD5B7AB56E327E9219,,,,
A56D28BE6B4E7DF1BF9118941C67041B,,,,
A51A76C906F2A3298B858132F27C48AA,,,,
AC95A8CDA881E936DFC3911982585234,SA1510000062300130819902,,,
ACE0BBBB9D2C3C1F306C467FC1FDE397,SA6436036036012268542413,,,
3ABFF442046C9AE9015C,,,,
3A0C63D4F7BE24F01D61,SA8030100806624639903074,,,
3A246CDD202239CF6C9F,SA4445000000221644859001,,,
A59AD7CB9A70119B1D26BB2832A4450B,,,,
3A4574F7E506863A22FF,SA9180204751004222121019,,,
3A11E36E54D272983384,,,,
3A74DC629DB3D41929B8,SA3115000007777822270007,,,
3A78E961A6C42527E856,SA2245000000028386282001,,,
AC57089723E87141035345FA248568F2,SA5930100974017224678284,,,
ACD4285F239126C3875D7E424E65ACC7,SA0610000025700001614305,,,
ACE2B605C65AC3D654E766A3F3DC258D,,,,
ACA10EE7617B224B04335B274D75470B,SA2310000062300168541506,,,
ACE37554324741271853547E0A025CED,,,,
A5C453F7AF0EACF16E70609D5A80706C,,,,
AC51ED8F86562FA3FC75B854C4CE5CF5,SA1730100974017225063063,,,
ACAADE4B5E2A108FF696073A62969868,,,,
ACD45A6D69DEB4B26C80B40532447BEF,SA9580000350608016485761,,,
ACBFCE486B7472625F8C40DBCFFD13CD,SA9580000350608016485761,,,
AC09453474A5294A1DA0FE641B53D25D,SA7415000007777822380007,,,
AC3AC01CF30719144FD12DFCDE612355,,,,
AC1C8BAA7F3007324A46F71193E351F1,SA5380202807227222121014,,,
AC44FA78232E52D55FD7EA976C96611D,,,,
A5F9CA7B323494BCDD289B243158E12D,SA2330400108038224220011,,,
ACEEAD914A36E2C19F9208E5481B61DC,,,,
3AB97A4270C336D98F26,,,,
A5BBE914D03642487D4B2CE52D04B5A9,,,,
A5DB722D38BE4A8B3B865EE4881D710F,SA7330100806624655646106,,,
AC1BD8F223AAB3222CBFEBCC10ABE6A2,,,,
3A5D299FD4345215D39D,,,,
ACB4A8849A46E8201E774FB18DEE2906,SA8810000015559178000110,,,
3A5B46529AB13921E012,,,,134
A54ABE50D28D4C0FA325D51FBF30B7A0,,,,
3ADE2A2B00D09A2BFEDD,,,,
AC1F7112062CB32A4663C0189692A126,SA7510000025900000411708,,,
3A03A40A9FA6D16D6F50,SA8645000000029367612001,,,
3AE500348D0027401AE1,,,,
A522508B8ACCAF07B129D84B54660411,SA8215000007777608180001,,,
A55F9CA8E3E5D9D9795522E07C017D92,SA7510000025900000411708,,,
3A12FFE398BD0A450453,,,,
AC72B4F73D958B3C966EB2608A42287C,,,,
AC2A11E78720CEAD41FCFFDF2EBEB658,SA6330100974017225543064,,,
3A7C0172BA41F4BC45F9,,1140450865,,
A5CC08BE7B7C69297BE6343CE447E048,SA8405000068205437521000,,,
A5AAB96CD9D4FFC315FD84113C0C0644,,,,
A5A072BD0AEEC7634AFD792878C861CB,,,,
ACF57A5A5331E6A1C96E26C128079F8F,SA1415000007777843310001,,,
AC48FBC92E0CE353655E7353ECA2B036,,,,
A5CC27446F45BAB707553CC51B888734,,1127811477,,
ACFE82F7874F7C97931CC0151F2A0988,SA8215000007777608180001,,,
ACDFEBD7E781A96B8A99FA349A7CB708,,,,
A5B9498CE70032A41C297C9BA5838050,,,,
A5FB0FD15520230DAC0ED0C1F629EA42,,,,
3AB255A515E5C086F0AE,SA6930100829730049172689,,,
A5AFEE5E98D0626F1E62DE09F7DC6284,,,,
A55B23A5EB1BE3CF07C63A61BF660636,,,,
3A8975D6925716656F74,,,,
AC24FF35243460DBF61E4F6E82965CEC,SA5278000000001156933418,,,
AC63D790CD5B58D6C29BD3DCE83045E6,SA9780000108608016420516,,,
A565DEB214F4029A10FC1B5F408F91E2,,,,
AC4247F6D741451A19BCBA2833EFC757,SA3860100032682215847001,,,
3A5D7D722EF45BC8D895,,,,
A52AEFC2D5638F58777222F54927C36B,SA3245000000352682884001,,,
ACB22E4C0182A0E2E7CD7BA3B4241AC3,SA3860100032682215847001,,,
3ADB69677F8A8FF2E8E2,,,,
AC411ABE7F2D0C23CCD9F15BC3DE8CEE,SA8210000032800000819607,,,
A5FDFCA6FC056DB78CAC4C0AF7611C9D,SA3980000375608016159599,,,
A5804124DE2DB1144C5402AC03569C6B,SA7110000025700001617500,,,
AC39A08425EE3E5895674536B833E87A,SA7110000025700001617500,,,
AC269C915D2427EDCA94A48E7DD3C1AF,,,,
A546ED3422E826DE85CF7D61E4880DC0,,,,
AC44C8E7A9F1CDE71C320B1531CA11AF,SA7180203644045222121015,,,
AC1D3A272AB40FDB1EE3AEF411E934E8,SA9536036036056827062091,,,
AC93FC8C9061D2B7350FE56320AF4C4E,,,,
AC592E58987A6F005E5FCD45CA1505E8,SA2180000518608016174695,,,
A5799199D86A308D3F00A8DC9F3C89EE,SA7610000025700001614403,,,
A553811CA94C55D2C159B541E796EC1C,SA4345000000349095216001,,,
A57312B90BE185FBC31A8187D9F5C03D,,,,
ACB733BF09BFD407DD62806630CEA017,,,,
ACCD9EDE045487575288D7C60D55324C,SA9780000108608016420516,,,
ACC2E018E433C2CD69FBF34748F56E35,SA2780000858608014331271,,,
AC9A04DEBFB49E3E53A109B090204599,,,,
AC180B47B8EBFE8AE4A05A1855587CC0,SA4880000856608018879517,,,
AC7CB6D1DEB50454D28EA48C82A95C9C,SA2080000188608016011763,,,
ACB90128F5D301A61581B9FEF1F3ED18,SA3080205415478222121010,,,
AC01F0350D2F786F6B2948351916D6EC,,,,
A5692734A1580D50FFAAFFE0BBA31395,,,,
3AE08C75A2A76EDD8F50,SA7980000554608016281073,,,
AC13D2F2FC99C50C43A15D1DC4D5A573,SA4605000068206332524000,,,
AC14B473B6FA1F6334F70059FFAE455C,SA3580000201608016474212,,,
AC5060E9710D9F39701C8989EAA88EC1,SA4880000544608016104427,,,
3A2ADE6CDC4DAC421F0C,,,,
A5769F89B21FB265D507EF40C6FC87FD,SA6105000068205838924001,,,
A53BCF28D7A75C6419995EBAF270FAA1,SA0760100000782218541001,,,
A54A81B6615A6DAF5032482A44BA9AC8,SA5280000866608011716562,,,
A538CEDB98A066557807D8525112DEC3,SA8336036036072801611679,,,
A508495B77A051536C9CF908BE4878A9,SA9615000007777846190007,,,
A511F8378A81F734F6067C2AB0CC5462,,,,
AC693B31CA9EF4150E7563F53B5A4F6B,SA2080000188608016011763,,,
A5EEFC4332BE24430DDA44C67873EB8C,,,,
A53C9E4374BD3D67527BB338E804C25D,,,,
A5451F3040FF4137C20DDEA8483C9207,,,,
A579816AE6AA4BC6915F1C744F0648C7,,,,
A570E913B6FE23A34DE3C5CC091310C9,,,,
AC60AFE903E0D576881FCC9B18ACEFFC,SA3110000021862772000104,,,
ACDB388F3015E9CCEDBF59AD3772BD05,SA1715000007777822010008,,,
AC97D305AD3ADA7631D8713DEFDC050B,,,,
A5969506800310D651F98FD488917A73,,,,
A5A88FA1F5122044611E3B4EE97A123B,SA9780000108608016420516,,,
ACD02649A6E1D8A119EE202193C2EF1B,SA3436036036076088447085,,,
A544E66E14050C955E940CDD3E5C50C4,SA5330100974017222974005,,,
AC8DE38DA13929F04BD17708F00A2AE3,,,,
AC1992E42AC618D4DCF7C71AD55F9E28,,,,
A5509A268ADF6EB4CA4B07E7E9F0C55D,,,,
A5ECDA37E3EF02B8F75F08454431D215,SA1730100974017225925684,,,
A556A5F9C4336319205B680074ADD273,,,,
A5ADB9295F578778425AC7F5C172AAB2,,,,
A590B93D727F8ACC288C57472800CF2B,,,,
A5D2E5D56B680328A65A2DC0F39B747E,SA0445000000050870757001,,,
3A7CBCFF16B6514B92C0,,,,
A566335AB7C3191BEE0275F18CF02C04,,,,
A57FEED64A020E6F99A128A781989322,,,,
A577474273676733333DEFF46927FB53,,,,
A579341A6A73AA126BC2A84EA561EF94,,,,
A5364B5AF5E7030BF99BE61DC45CDCB0,SA1405000068206969096000,,,
A5889837CF2AD9CA1B134D30389A023D,,,,
A585F0E7EAFC5E1013096D98846768C1,,,,
A58F65DB3933AEB044BBFA3FEF21102A,,,,
A57061B2C278C05FB0DA4A1B854820A7,,,,
ACBA0292273F245B22E804AF117D8A82,SA1715000007777822010008,,,
A5645A59C83FAE99B3C74EDD42EEC290,,,,
A5033B2BE3CF9592AFB5156D816EF23F,,,,
ACEE50A24FA66C31B1B5A6CA128B0339,,,,
3AFB083A4E6CEDDEA667,,1143699005,,
3A25CEC53F6AB797C2FC,,,,
A5D153E52B44CB3D825A68C07D2BAEFB,,,,
A52DC5A14198CE52DF0E23CC42371235,,,,
ACB3174A7786B69C40F6BF8A942F5901,SA3436036036076899787289,,,
AC9843BB955743FB6454B2D15ED4CE01,SA2130100991109008676748,,,
ACB20D4D9DDC43CCD559398462EB0F42,,,,
3A9B1253FFEDB5676545,,,,
A5A91EA5A6969A4C91EB6E849D33BAAB,,,,
A57D5E2EF9250B5DE812B89905BD0239,SA7005000068206970595000,,,
AC4605C655C8C6DE840B13B0579841E8,SA7005000068206970595000,,,
ACF4959533793E4052EBD83BF41429DA,,,,
A596FFA346EEF56B7897F78ECE9190D7,SA1105000010011775979554,,,
AC04AC6BCA7D70E12BCCFA2E42683B72,,,,
AC18D2760714CE8A416FADCE88752A92,SA4930100991102964803445,,,
A55ADB47E33A50E685B54BDDFF3371C8,,,,
A582F9336AEF18E152EEF46A097985D9,,,,
AC3FD203278C37CB3F36AF1A180CDC7F,SA2305000010011734283500,,,
3AB6891FC6F26B5BF1B2,SA0445000000352682959001,,,
AC843E7F9B6053C6633D40DCDC5471ED,SA4805000010011776103533,,,
ACE7B3F714BE09702DF8ED06B2314891,,,,
AC35A0F316C2717BA3D33FA8514B0AC8,SA1105000068206970320000,,,
AC2CA2AB65C046442B028E46F63BA801,SA1105000068206970320000,,,
3AB25B248CC42F7CA5C5,SA9615000007777846190007,,,
AC3872520192D259D7403EC7AFA46479,SA2830100974017226147034,,,
AC8AF3099868F3343302F416EA6EB796,SA3780000694608016432842,,,
A5AF09D5F3A4AD79D02844A94E89B2C8,SA6160100021282219286001,,,
ACBCC1CB028BC8EFB976831742A11715,SA0236036036033109154840,,,
3A8619EA090FFBD8FD57,SA8980000996608010436562,,,
A584750C8BE84E22F8A5C0511F7D37EC,SA2830100974017226147034,,,
3A901A575C331CF68875,SA4036036036033876705068,,,
A50DBDDE0C79E5536FEB9272D225F232,,,,
3AB04B3AA42D873A0DF2,SA2830100974017226147034,,,
A59248C007EC56E3DC94F4235B59B79A,SA3045000000352683312001,,,
AC9F4FF9081D36356ECB01AC9ACE5A1E,SA4605000068206332524000,,,
ACCFD0D7499E01EFEDD6A307A6C30BC2,SA3580000201608016474212,,,
ACF6D80063631BDF96A9C9E1BCC2B9E2,,,,
A5B214499A8542F4371086D413995FC6,,,,
ACF0DA04FC97B3D1F552AEFA1D53441B,,,,
3ABB73B004EFF1BD24E4,SA4845000000027566694001,,,
A579379EACCC70FF640AA5186901728D,,,,
A5D7454B91948EF9534563AEF29A35C8,SA4905012000000111051673,,,
3A6BB5EAA06396353D92,,,,
A57B3EC5FFB8B7BB7E0DA734F0BCC81B,,,,
3A19DB0CD9B8F1F9FE8B,SA5245000000839270956001,,,
A5304809C60F779D57E86576F99DFB37,SA5780200653782222121017,,,
A51AE9473AD4A7A17087231F7ABC06B2,SA5436036036021958089873,,,
A59AAE44CB5E1C764613856AB7E6890E,,,,
3A4A07161DAE715A5B80,,,,
AC3A10D24F613F0236F288076101D326,SA8790000000029901675913,,,
A5516B375CB5D0410C764AD1644845C2,,,,
ACE0D59A734356E9E87C97068A20D9E0,,,,
A5A4A5B6DEE600F550DED4E19699C81A,,,,
AC6B10E88C3D434CE928EFAD04408142,SA6210000062300169345807,,,
A5EA8DCD81614864672C557BE5879073,SA8980000996608010436562,,,
A594B8D1D0C230F53499E9B50BAE74FA,SA8980000996608010436562,,,
AC79993628250FD0789F30AA4FBCB562,,,,
A59DE8056767AEF20E312AD032BB43CB,,,,
AC86999815C60CC6B1013BA14EFB51CE,,,,
A5F850E82B731A4B25B1E77EE0CDD903,,,,
ACBDD917B9D1AEDFFCEA41570662E69E,SA7580000379608016193768,,,
A501AA5F6B8F46365AEB7A865C1056BE,,,,
A59C057CA9E6BB0835B9FE65E765F332,SA8320000005045545179940,,,
AC3B68844A666974995C24CBFA50476B,,,,
A5AA6A2C811C20A7977F8A5C44069550,SA7136036036028204104934,,,
4A55174B69AA4A104377,,,,
4A88BF49166D0014C438,,,,
A54665A85C18280BF809C72A68D5F03B,SA3810000032400001351009,,,
ACDD41FFF9A6B77BC312EEF04C9EA082,,,,
A5B5B95C6E68BB28FFEA7AEAEB22F4D3,,,,
A54F1ABD38982467D2A8936380BD51D2,,,,
3A66B7B118E5F64B3E19,SA1105000068206970320000,,,
AC2190CA9AA752918BC6AF1D69D2A8A5,SA1880202922493222121012,,,
A538FD3F465B0FD060E5AB6ED5396715,,,,
A5DFF2FEF1DB6CE26D9C75B89BBB55FD,,,,
3A4B1AE54438ECA97787,SA8730100991106364169895,,,
3A89568B7F47A48429E1,SA4960100031682218959001,,,
3AA3ADF7D01D7EBC3F5D,SA5245000000839270956001,,,
A5475C05E99C9CEA5896A8007625E08F,,,,
A582904CFCAA7C8B3646BC0D3983BC04,,,,
A5A019559B7C27BAD167B49532377384,,,,
A5F6BF3A5766BC310C0AA0C669020A8A,,,,
A5E3638751C701E6938527E618A1E2DB,SA8130100949000010793261,,,
A576094E5300B86A268B484ADCDE1EAA,,,,
A5C9BF56F27E5B52ADCE91950564B98A,SA8130100949000010793261,,,
A55CE610284109C3B85BA7744DDB1ED3,SA1410000042500000443210,,,
A5C01A592A5387A7E87CCE1562B9F4B0,,,,
A5EEB4CA7BA6F53A7C34E29EF138DA03,,,,
A501E88E80688DFCB9B52B93E9EAB03E,,,,
A5D7278BF090B4CDAE5398C56F5AC489,,,,
3A3E1E7BC91642EE6108,SA4880000544608016104427,,,
3A3CD382246D8FDDDC4B,,,,
3A84F56EAEEDC96BF159,,,,
A5F5BB26B041B0938BED4EB81CD6FF2E,SA7380208180734222121013,,,
A54D870A9FCBF522226BF6E2C04B55A2,,,,
A5CEEE4E8863322158E6FB44A8D525E6,,,,
AC6100015A49778FFD97EE32C58EFE3E,SA5110000011100519239205,,,
A5EFD1CB407B16BB8A7F6FB5DFE7A0FF,,,,
3A65546C29800DCD08AD,SA4880000544608016104427,,,
AC1508F3493DFC230A983EE75F78912A,SA3280208179041222121016,,,
AC271943E0905F21C6871CE7D897C557,SA3280208179041222121016,,,
A5541E7C760AA1D24737196370C66195,SA6510000073200002004300,,,
A51944821F9085BC13EBA5CDB6963564,,,,
ACFFBBA66157DCB791E07DAD852B05A2,SA7180000457608016020578,,,
AC21A4BED30F83D4896BD45A39C84967,,,,
A5D9EAEEF60F736FDCEBC3F653A93AF2,SA8010000011100018245905,,,
A54B1AF8A5F55543CC638F113DFAFAF3,,,,
A56828C05771B4A017388EED8AA47633,,,,
AC9BB431B05C5B676DD0FA1B3C57A89D,SA5180000154608016200697,,,
3A3ED8F509881FB6FBA5,,,,
3A38959E9BC6A59BBD4F,SA6510000073200002004300,,,
A5D776AC6CFD68C5DC81D4B33429477C,,,,
3A144968E700567A7A22,,,,
AC681A3DDE4DE314A4A23F96823CDCE0,,,,
ACDA605F4A10F0F3B4497A5CDDDE481E,,,,
ACE917F1D12027DEADB68BEAE0244939,,,,
3AF2D665B947FCF67172,,,,
A562B709E81C04428F28F2A7BD7C6D68,,,,
A549BA95E562C52F43F8ED30F4961C20,,,,
AC22F179DF31B38F74913606574BC47B,SA5836036036066415158804,,,
A595336989AC1A55DDBEE2CBE3D075F7,,,,
A5DDE38906E96511BC85C2A2711B5FCE,,,,
A5E1731473B9E7A7917BB390720CE952,SA5380206228434222121019,,,
A5E48990CDAE5D10C24B2EDD2B792114,,,,
A575D42C7959C741B80AE8EADCFD3043,,,,
A517556DFC13B4D66596044FFC079150,,,,
A5F7BF1679D38B9F26F61AC096F25328,SA9890000000029901682020,,,
A5E50BED7477515252CFBBE8830E6605,,,,
A54FFA59A6C9BC882FC4BB902829FD01,,,,
A51C9A4F30269CB807B55D47B548B9AE,,,,
ACED829B3A7E354477675DFBC1F5A568,SA7480208084093222121011,,,
ACAA79C57B45888DF27A29823E48E67C,SA9890000000029901682020,,,
A595C610ACA6BDBCA7EA82D2A4FD72B8,,,,
3AE5AA4F99870711DC58,SA4880000544608016104427,,,
A5618B79285035F4B6AFEFDD86FBB4F7,,,,
A531D59028B98477EA804328A4F0A0AD,,,,
3A99780C84390349875F,SA9890000000029901682020,,,
A57721311B604E9AADF33D5980CABBE9,,,,
ACF6967FF7F0CC2CD792FF4EC1668E62,,,,
ACD96AEC16F49127C791447F3014C530,SA3480000504608017487183,,,
ACCD9C846CDD803F317295D496F5E671,SA9890000000029901682020,,,
3A6DD8A3FA504550B677,,,,
AC51C3679A52B188F7DE66CE521F22C0,SA6105000068203929091001,,,
ACA666F04E622B44992945C9744752AD,SA3736036036079364897123,,,
AC162D3A81E48A4780D5766B923063A4,SA8610000015500001696504,,,
A5CCDA4372503342DE430218C836C396,,,,
A549D7F41D104C1A6B20CD08789D582F,,,,
A546413321274CD2506D416312C3E35A,,,,
A5EC307741160D9263F755DE8B6756CF,,,,
A56585DD30A982F2715F5AEE90679137,,,,
A57B3C53C6AB7CE2A5173318C60EF79D,,,,
3AABD57DF93F5AC61447,SA0980000455608016431231,,,
AC6978014A161A4671266AADE9E155D8,SA7730100803100443877013,,,
A5BE24451D07359759F410CA6705FDF3,,,,
3A024DB414048E99A42E,,,,
3AC424D5308054042201,SA9245000000260371828001,,,
AC09CB0799C028A77F681D773F8A1F91,,,,
A5D32185F79794BF6A3C0F8F09D003EC,,,,
AC99519F3C71A11D5228429683BF5C45,SA0905000068206970651000,,,
A5DBD5C733A6BD15B96D519AC3CC3838,,,,
A5C0D3742F2F2F982BD52A6EC75665FD,,,,
AC1CB605544DBD2058E14027A48827CE,SA2920000001803660759940,,,
ACD8FF604BCB1F4648F20CE0E5B716EF,SA3480000504608017487183,,,
AC087C655711D4621F95F16AA4BF439B,,,,
AC4D58F0B3D884AC7853D67838A10B2A,SA2205012000000111755215,,,
AC8271A8AA0950D51C75E95B7D22FC9C,,,,
3AABC4A72FE698AA1FB6,SA8010000011100047982904,,,
ACE9C29FFEB3D0DCE69128D78FB78C70,,,,
ACAB1645E49DAE1107D91C5845492A41,SA5430100974017225743628,,,
AC76272CEE3B30C5E7187B1F5D3F3D5E,SA6405000010011775572558,,,
ACB48651B8B63E7CDCEF8BF8DDEE20AB,SA3480000221608016316187,,,
ACE679B0537516C4804A228A5C401A0D,,,,
3A8AA1BE6FDCACDF9A12,,,,
3A0612F0F074F9E6079F,SA2210000043900000429901,,,
3A46914C772AF83C9991,,,,
AC92C9A3E5527C65E4D8F841B7E70CD6,SA5430100974017225743628,,,
AC3F9C10BE48ACF4A31AEA9FF3FD30DB,SA3230100991104304871749,,,
AC57C2F4C9D4D017ABA6486503023F88,,,,
AC4EE14B3B8D62FB1288E3C4E1F9B8C7,,,,
A5814EFD3A5260C14F0E4A65C04B55C7,,,,
AC0822BA8FB1001724CC32CEBA78AADD,SA1005000068206974123000,,,
3AC921B6227B950EEFFD,SA1005000068206974123000,,,
AC857B2E8E1A8B3B80C9C228E21306EB,SA5510000011100114908310,,,
3AE2B1C20670C0BD3765,SA4210000026200001009904,,,
AC453EF6C74F18F518B828786CC1CA3D,,,,
ACF81F0DFAE49C61F40ABAFF3E6C3B56,,,,
AC1FFC95ADF0D8C4F700E85FA87EB031,SA0880000154608016200986,,,
AC8A2E524B571A6ADE17DB27BB801298,SA1330100974017225759498,,,
A5AB6EEA3B82C948F6E33435A2E8BA4D,,,,
AC7EC54043B9D978E0A8FFC9B62E43DF,,,,
ACA746550558A9125D6138F842968A9E,SA1930100974017225760069,,,
A512B4AF16E5CE001431D3EE4CE93630,SA0880000154608016200986,,,
A5AB38A7DCEB7BE862982289D574BBC0,SA1930100974017225760069,,,
AC7528811581D07440CE7AA8C82DC311,,,,
ACFCC6BA51CC54BCD813E6FE817A71F6,,,,
ACAAD277E0CAF8C4C9FE102C54AC90F1,SA6430100974017147215643,,,
AC596A5CDD9B4629BC9DD93E2210B5CC,SA1530100974017226064236,,,
A5AE8839588F5BB07A59EBAB14EB9740,,,,
3AF2160998515A7DB9EE,SA5680000991608016461494,,,
AC870F48BCBBD31EF8CB2B8EE5A2C647,,,,
AC9509680223F45D015CA6DC2DB209D7,SA4580000263608016552509,,,
AC49DDF6899DBDA15846B213771CDF30,,,,
ACEB9C1A4489871BF30CFA7C36FE3F1F,,,,
ACD9ACDA08CB888B061F3E86A1A19413,SA6430100974017147215643,,,
A527BD9D3FED20E74E2EA3DD025600B0,SA9880208136717222121013,,,
ACA037C5F02A78D63B443745D72DB116,SA9880208136717222121013,,,
AC401FC418DB2D8D3A99D5623B8D4BF3,SA6830400108093241810027,,,
AC9EE2C3B54BB24030CE7EB24EA53829,SA1405000068206531626000,,,
AC0C1948532407AE587ED34B4B585A59,SA1005000068206974123000,,,
AC36DAF1BB1C8C5DD8EA53B75D18D82F,,,,
ACAC633A7B2D183BBF741B3F672F1F29,SA4610000027400000688508,,,
AC32AF6AC477480A007BD917E8A4F5E4,,,,
AC3CF827EFB1B4FA659DFC1144875F78,SA6405000010011775572558,,,
ACCDBF626C752D020DCC91788682D14D,,,,
AC08F89072E57B4BC1BD378799270F37,SA6936036036045633476638,,,
AC486575DC2393878DD4AE251539E13F,,,,
AC39F4DF6FE8866A7C3ADBEDC21652A8,SA3830100974017226528646,,,
AC15A90866A97BEB81F848981FE115DA,SA4180000614608016250530,,,
ACB5CF17AC76004B405EC65BACBDFFC9,,,,
ACFDFDED36732F5DEB194388F36572D0,SA5280208178457222121015,,,
AC3CDEAB7E13087A4F16BDEC3DB07C24,,,,
ACD39888C72907E6A6E7118184BDA008,SA7580000379608016193768,,,
AC64C69E25EFE5D7B1F87DF92AF4F477,SA6730100974017225697222,,,
AC1EB5CF7CCA9761CFDB60DEB9E5B742,,,,
AC663D05CCF93AEAFC898C3FBB3D99A7,SA3215000007777884220009,,,
ACCD63259FBBAB5B7069F15E10D0BB51,,,,
AC586994FF7DEC80281C44B1D92302CD,,,,
AC30793B0F1483CAAD37EBF63605E3BB,SA4880000544608016104427,,,
AC00E5ECBFA79BE60B8A1404748ADEED,,,,
AC114D6350C4F24AE0EE4D533724864B,SA9480000355608015466544,,,
AC63BE2303B37E9DB2EB52AD0AEBB3CF,,,,
AC1664A7FB63F39A4F429781C18BE514,SA9580000205608017478531,,,
AC560C5E4F72C9720269093F2C64D7AD,,,,
A50718DD282BB8927A4257FA1153A243,SA1415000007777846320008,,,
ACF6E753BEEA8ED4E7A50D04D4F68D36,,,,
ACBCFB4879EF0C51A8EC4B849868D89B,SA0336036036013138119993,,,
AC5448B07AC7BF2A6AB86B813181FA35,SA8780000108608016420599,,,
ACF9709686278F446E416524A3E1EDDC,,,,
AC915F7C3CAEDA5CA76D71CB495EDFED,SA2780000643608016194139,,,
ACF9CA74293B7E872CCD47FC7241E993,,,,
ACA291D59097A248457FE57ECCFCCC62,,,,
AC8F79AD9C000CF2AF18F65F5E4E7585,SA8180208174653222121013,,,
ACB45655246E71CC1F9CA6AEC01650B3,SA4830100974017225448468,,,
ACE23BA20E9D7E4861E6BB30C7B89C82,SA2305000068206980653000,,,
ACB7C98F285E34DE5CBF5A393CEA6667,,,,
AC0C806DF50E79A39FBABF7C05C85745,SA9015000007777884250005,,,
AC007B14B33CCBFF739C54EFED3F7446,,,,
ACAB634B4BF13B749CFA67831C0899DF,SA2680000548608017755660,,,
AC2E6BE75689D043C5C0FC1FEDF64C2F,SA6530400108095655140011,,,
ACE04E11BC48B34A9DDF5A19C0C0FB56,,,,
ACB683FF9C806126D38B12C76CA90D7B,SA3505000068204528628002,,,
A5994C4C383A3EFBEEDC8ACAEC642C38,,,,
ACD542C8BE673D5B177766406CDE94AF,,,,
ACF72A84D8D232ADC0210BF9E9F630E6,,,,
ACAFB22422671B9B0FA3356C9AAAF4DC,SA5430100991101810677179,,,
AC07A0DFE506CA0527B05EBFED0F2156,,,,
AC6C84B65205806D897172426C9CAF28,SA4580000455608016468316,,,
ACB0C4DA73921B7CD23B18BE3E9569A5,,,,
AC0B3B8556A6A0ED467F44CB21A3B1C4,SA0778000000001269902368,,,
ACC0E4278F0152A600C47193D5F0209F,,,,
A52AE417C8C6D643FD92494D6D12937A,,,,
AC617FE48EFE4911009AAE3360CF4682,SA1480000219608016108000,,,
A5FE8D3FF5B42C2BD478B8493683B5D2,SA6530400108095655140011,,,
A5D2F17265F2D2F136F3A5FE6D5823ED,,,,
AC011AC61A356AF8AA93805C169E73F8,SA7730100803100443877013,,,
AC3F09B692EACEF672E264D248785FDF,SA6880000866608013535994,,,
3A7F31B96EDC60B43017,,1096925746,,
ACFD885B5B6E491CD77D5418C50F0BCB,SA5278000000001156933418,,,
ACC04324DD67C3DF361961838CC63BB9,,,,
A533E03D75D7DBC1D818F9555A455FA0,SA8515000007777846410007,,,
ACAC91882385B02826BE68755074FE54,SA7580000379608016193768,,,
AC47FA0D81A8C01101CDE224008C214F,,,,
3A03E3A5A60E22691C66,,,,
3A737724D8AC8F7ADA33,,,,
AC9C1DC80EF65379179E917C123F9CC9,,,,
AC716C993D61FA0D8845EF1BD50ACD78,,,,
A594DFC4B69CFB5CB5F6F3930FA35A07,SA6336036036019486160529,,,
A5E1F551FFBA55F5CAB3F02A84D7B343,,,,
3A4F56A6B14126C83BED,SA9305000068202769744000,,,
A548B851F044042A898B8CBFC9BE978D,,,,
A5DDF13405C40B733D78AB02DAE3139F,,,,
A56D00F11D49203CD2F6EF9CE58DD355,SA6105012007410010000027,,,
A5DB4B6FE2D313FF6B7C5B860920E0B2,SA3080000215608010456789,,,
AC1C9DC2C8CE8EB56B2D55A0A1E83549,SA1136036036070318346433,,,
AC645B9564C9C838DF0ECEDA75E84AC6,SA9330100991109875304007,,,
A51BC605A034E19778ECA473FA4F8D40,,,,
A536B7704724243DCEE75057B5F1825E,,,,
3A1A577F409CE4E91DCA,,,,
A5FEC299500C83410FB7076BA0157E50,SA7980000331608016112773,,,
A592EEB543DE6CEA8E8909B2C93BC608,,,,
A543B4647AD33CD8602A1845701324E9,,,,
A5055019D793BC02FD8119C6BDBB2838,,,,
A5B1FA8984665D94621C29A9E2BF7CE5,SA2110000011100012978703,,,
A57C46D32EDF755CC2C09EC5363ED40B,,,,
A59878206EBCF3AE408B31B9D29820DB,,,,
A51ED23DD414D522D00E6833EACC0B0C,,,,
A5589EC9650AB87B4BD603762D0C3668,,,,
A5079F1172C3AC369A5D9A195CEAEAC0,SA0610000011100268019909,,,
A5CB58CB9A5FADE55AF123E92C782BDA,SA4580000644608017337686,,,
A5D5DB54EE02AE089C9836B58793F49A,SA7580000249608016019169,,,
A57E36E94FBA51079EEC8C10948D32A7,SA7320000001524270779940,,,
A5045A6766305977C046251BB1459897,,,,
A5C6A7C7AF5E7F371055C6E2B8F26213,SA1310000011100076887006,,,
A5EB1E9AEFBAF3FE34FBA5DAB6229D3E,,,,
A5C78BEC4719899AD685D59FEB93482C,,,,
A5FD2B2C857EB04346EED51A5EC2A647,,,,
A5AB54D7051D3E7A9660F762415C31F9,,,,
A596AE70782FBE5D33406934F4D1F311,SA4480000172608010930107,,,
A5407D1174CB23C159ADE03BBE0BC9A7,,,,
A580634A10926280091F536899625C9D,,,,
A54C68F47396329C1AF33A1C19BBF2C0,,,,
A5D962F3197F25CCADD4E72F0119EA56,,,,
A5A4FCFD27FBE4027DBB519F190263FA,,,,
A53D0FE44AA99A09BBA9C45F4C22B492,SA0845000000221547706001,,,
A51D98FB95C282944DC6EC4E849A4A56,SA2010000011100227284410,,,
A5F7E3AC7EEDE149D5E1B1879FFC1445,,,,
A5999327F8B4A82F8A57DADAF32544F3,,,,
A50FB507854314AFD4DFC3719AD77284,,,,
A5B8C6BFE3853C9F33EA34D8B1BC9CCE,SA6130100974017083758200,,,
3A5A95F11278B11B2530,SA3680000859608013011568,,,
3A592CF03ED35D51A127,SA4880000424608019514254,,,
AC43563D09BA9E9E782D8DD91FC72ED6,SA6130100974017083758200,,,
A5BB21E8098BCEF0AE230621D87D77F6,,,,
ACD9B8AF315A327AA213246C8563A343,,,,
AC2632CEA59D8524B0F3B3D6802B7486,SA9880000355608019579466,,,
A5941AE27246E4C95EFB698C6E9AA4E2,SA4760100005182221161001,,,
A58C2BBBBE5BBB017569686699D38EBC,,,,
A511DA5CC34BC906165A2534289C4289,,,,
3A2331FE68744296A8DA,SA2510000001400033889600,,,
A59DCF6E4DB49594EAC5FA1A76123F8E,,,,
AC59BD9107C705099DA4F5AE50B7FDF1,,,,
AC4B898814AED7C1BE9B7A1B55C70172,SA2980208177057222121014,,,
ACBE49891587A713D0CA2843A9974573,SA3530400108038277970017,,,
3A8324F1EE094EAF536C,SA8030100991105571286007,,,
ACDEBDC9D2990D0FB84AB8C7EB044A3B,,,,
AC7FF3B183E669CC9385D3C440C27781,SA9880208178176222121011,,,
ACD9BD53D5DE6128E30F0D9D98D3409E,,,,
ACD3DB7DE81D3849E1AD7E9A39812421,SA9593000003993209605000,,,
AC0335130CA5E79AC05E42250DFA047E,,,,
ACF7A668646617C3FD44289455515CAD,SA4205000068201332157000,,,
ACD977603A60AB9736AE3F5F8F23845C,,,,
AC8E7C697B59472C1DD0F7C7D8A3F951,SA4615000007777893210008,,,
AC4C991EA721A79999C349489898C797,,,,
AC93F3A54853411C35162AA7A0989A28,SA8830400108038299010012,,,
ACE5EAF0758238CC1A1E0F21FC667667,,,,
ACEC3FF945D8FCAD9051B4843DE8BDE4,,,,
AC9716C1926BBEBB3EB4259F6C26508E,,,,
ACFFBE1279455B4718FD1D6804AA0AD4,,,,
ACB6EA6681998E0B8B4B5122A7C52A95,,,,
ACE0E502703C00932F4DAADE765D2212,,,,
AC5FC4AD4746FC163380A10D06E56ACB,,,,
AC4F52109D684780D1833FCAD9524407,,,,
AC124BB75BB1AC608A5119A5E3764BB6,SA2380000463608017548116,,,
ACB818EC9636AF7E1391EE46DF8943F3,,,,
AC834BE711C655BB5B2038FE8E01D2DF,,,,
AC9647FB70026014B8063AB85C0A7ED1,SA4410000021700000165902,,,
ACD95103D95A1F0A38824FBA3D97C85C,,,,
AC8D0670F8FC0F8FE25FBE2EC2820FB4,,,,
AC117F2A2BFBC84443242D779A12DB42,,,,
AC289CF0078CE30DA324237BE105C0D7,,,,
AC3ADF332118AB52557505B402718E20,,,,
AC0C4814A7D594E19654790CEEB0A132,SA4560100000682221257001,,,
AC898DA3AD573B292599A693C6CF6892,,,,
AC413FAEAD5DD11DEE39FD8F5031471B,SA6145000000352685408001,,,
A5AC22B2FD9C205631C2EA51DEC9F499,SA5110000062300169549705,,,
3AD2DD9C0E6D733D2E21,SA0880000454608010147057,,,
A5FC92B1356D49AA6C729ACE5501066C,,,,
A5C47CAE9FC4D943B0F44FB3802B24E0,SA9830100974017226769872,,,
AC0BB8F788522A43D9F81DD8149D0DAF,SA5545000000352684849001,,,
3A8214F14FB46517A0D9,,,,
A53A06A46F06A6BE57620E8150731C6D,,,,
AC54E5A0AECCF79FBC6015B71208691E,SA7810000025700001622806,,,
ACD00B5BD7364AE285EFB5583E7F8609,,,,
ACE8A23ACF23161D7C4DA5959B8D0F8E,,,,
ACCDBF4886380A62607CA5C9DEACD0A2,SA5845000000221659808001,,,
AC772C5E3980629C57F0864EE002E999,,,,
3A5AF181332EBEB26671,,,,
A54925B411AD71D0A5BFED5C45545F39,,,,
ACB10E7DD7CA32CD1830DFF945E80341,SA0536036036088390706474,,,
A5F1B528E9A94768610904DC472A8631,SA4010000025900000413308,,,
ACF2AEC05A0FCE6CAC1C62B6BE12D4F7,SA1730100991102021562441,,,
AC286A2D104436B723926E1747E5CB1F,,,,
A5C6BE6E6F789763AD8401457E5C24A0,,,,
3ACB4843E9BCA42CE6EF,SA5380000154608016200952,,,
A5AC26B80E078AAB0B9CD503253E0AFA,,,,
A58DBADD24225B0BDA3DEFA802D3CAC3,,,,
AC787138170EEB4FCCE8150886B9596E,SA8410000008662955000107,,,
A52AA2D8308EB14A7F7F20B2969DFD7A,,,,
3A689224D9F03006A1AF,,,,
A517B53367755E5E99F5D33F382ED970,SA6630400108038299020011,,,
A56574766D235B82C6A2F5C25628ABA6,,,,
A58D0F313BADD7237761D3408EF0E886,SA6630400108038299020011,,,
A51009401FB151367C6A860C77604AE5,SA2860100001682220496001,,,
3AE03857110EDC238EBC,SA9710000018400002577309,,,
A560D396E1C998F0810532BC824711B1,SA9580000205608017478531,,,
AC5082A41725D28230BCB03EDB13ED36,SA6530100974017224869460,,,
ACCE96479458E70799B74F2E38345FF7,SA0220000002385587579940,,,
A5FB8DC014224A67B316D12BA4ACE1A0,SA0880000154608016200986,,,
A57B0E1CD2DA586E72BEAE8137508EAE,SA0380000213608016208699,,,
AC7B3CDCA0F24792F4B217A102FA1327,SA1136036036070318346433,,,
A5E09668F60C22724D7F7F7964B85F93,,,,
ACD9FBFD1E6BFA3DA02171AFD8AC7D5F,SA9005000068202428267000,,,
ACE1E6CD5DF5D939C77F44F5D97C4AB8,SA8610000011100519260206,,,
ACB2842F76AD073A9C7B8AADB3A96B78,,,,
AC4209B94B8B3A0A50F3B5FB3A686EC9,,,,
ACF9DCDC36608F54E1393017A2F12FEA,,,,
ACB905473400ABF5656B3AAD89F76F07,SA1180000538608016035553,,,
AC4557E60B7BD17B09B1F65F9E754AB3,SA0480000666608013123547,,,
ACF492F700E1E02B21891A200A8932A6,,,,
AC324526A35BFF127BA666A9E0CD42F2,SA0780000490608010608450,,,
AC559C23394307A1B6FC4147598EDBF8,SA6610000062300169560202,,,
ACE3A23A313F673A632A2111CECF78CF,,,,
ACF7FE009F93076B8D1F0537CC31EEF5,SA0780000490608010608450,,,
ACE7B9D1EA1B250364DDFCE6487069FE,,,,
A5971A1C3AB5F5122C37B456133F085D,,,,
A565588B051B31FAD516DF70A3730FB3,,,,
ACCEECFD264A0E1F14706BD6CE82C66C,SA8315000007777902280006,,,
A5937172BE00C65B513C9108C9067038,,,,
ACBE8C8F06283CCB0A854D6D4E2BD964,,,,
ACD35370C49646FF7A4AA41EF41733A1,,,,
A51EF08038B2FB513EAAD762696EA667,,,,
AC91173920DEDB9E798223A670E26A8F,SA0780000490608010608450,,,
3A930F6DD4A5F24993A8,,,,
3A1BF1B1656596E78B13,,,,
ACAF0F17B40F114AF3F7306552A0CCDF,SA6230100991103218686258,,,
A53E4AB157B8A49A91A35276EE982822,,,,
A5FDE7BED0ED29CC393AA04644DD957F,,,,
A5B80E3C38492B14B1DAC9CA55287ECA,,,,
A53FF8C37F9023AEF28D31E14FDBBC85,,,,
AC1DDECA99D7294A7EF784BC7C716521,SA5305000068206980441000,,,
AC0871A34A1E6C37BC3E52E5F283C882,,,,
3A32BA1B022643C13ABA,,,,
AC10D631F8580EF667008EB4DBC458BB,,,,
ACBAA5BCA1951CECCD7A247CC419C817,,,,
A5820572E67B6B7337D74AFF08D6D648,SA9460100000682221441001,,,
A51511F1D6D0FB201977BD422B363AE6,,,,
AC777CF87FC5F1E3C4B1481F7627C148,SA5380000350608016099778,,,
AC29CFDF143D0BEB7E12A5F73E2D7DD4,,,,
3A6538510D9127387D71,,,,
3ADD8A7C0E3DFD556E9E,,,,
3A228A9BAFF81C6C2928,SA7236036036099747110442,,,
ACE81C0671AE62493E75E74AA4691203,SA3330100974017225864480,,,
A50A143F9C64011698A33D9982B2A979,,,,
A5361994D41CD93D0A04DA4EE1C6C3A4,SA9610000011100494011508,,,
A576BE9FF4913ED188E5C2E5B6C54A7D,,,,
A503A5862C1CA21B4449B2923F3232C3,,,,
AC6A42BCBD50B5B2F6D5AB068B5F943C,SA7145000000695072413001,,,
A549872615FB6AB759DA36DBF31843C2,,,,
A54686C632B1C07E1E4F854F7B89356F,SA3605000068206970111000,,,
A5D7729DAE824593B0454DF8C9F2A858,,,,
AC79BF0567011FAF4A9966FD2CF735AD,SA8530400108038300150010,,,
AC08C7194A8E0914DE72F9268675B74D,SA5280208188077222121019,,,
A5809C643EEA581575536E71F253B9BD,,,,
A568CC8211FFDEAADAA8A66979E6984E,SA1980000688608016130535,,,
3A365366849DB8B9FABB,,1091049575,,
AC0AF71CE61CA793DB9AD9EC278782A9,SA8180208174653222121013,,,
A55E6BB5BBCB38AAA2AA970630D95A8A,SA1405000068206531626000,,,
AC726345869FDC61E8726B8FFB9EC581,SA1130100991101427812842,,,
ACECC6698D350B5EB73F1F46F2A0D0F5,SA1130100991101427812842,,,
A5208D0D42E336711DF1CA6001952D39,,,,
3AFF98EB0427FCC5E21E,,,,
AC4BB122AB2DD04693E23B7D5BF344D3,SA9610000011100494011508,,,
A5539838A95A5F5263859C31764E6749,,,,
A5378DA3FF0CC94993748399A2DF441F,,,,
A5887DD306EEAD6EBC8658D0E49DC38A,,,,
A5A8CBD4E58694211B74BDEE11EE0F84,,,,
A521671436721D1393644A4016335EF9,,,,
AC10CEE4DC21D0EF5588598AFAB3677F,,,,
AC8746778D693223861421C86FF4FF1A,SA6230100991103218686258,,,
3A2BD0D4F23CACF19582,,,,
A55F63883F8360CF5937B0F4795DDEC1,,,,
AC4D0889E690422FB326B37E2949FDC0,SA1905000068204326231000,,,
ACB005CD42A6D7DB785F6B285222CDF5,,,,
ACED912D21EBDFB8AE3922BF2639FCA0,,,82284359532,
ACFC14EC45D3958C354918BD4C8358F7,SA6480204794600222121013,,,
A5DF78D209DD4AA5A645ACE7546129CB,,,,
AC6A9FAD9B0407DE004C279E560792A9,,,,
ACC2824BFB62130B38F6C315B5188D60,,,,
3A4BC2F951E286BA8A6F,,,,
3ACE11CC7820638D92DC,,,,
A514B3B218BFF0EDDF83BE6491957A80,,,,
3AEE1EBD093DE1D0470B,,,,
ACCC08ED49C6B4FAAEEE8A78F1042823,,,,
3A5571A7DE23FC9B603F,,,,
AC9F9646434A2E6E3E9FC563A4A4D3AE,SA4280000326608016269083,,,
AC878A60C6E2AE0BF9F1FA863985FA5F,SA1980000866608018274938,,,
AC63DFAD969A678CBF9A7E51B8AEDB41,,,,
ACF08932CBE89FCAD75AEDBEF232F798,SA1736036036026788037147,,,
AC6E44D46BE0FA499B3A494A34094D2E,,,,
AC87AB6D8FC427C20D537DDDF50E4905,,,,
3A1B59195DF871760561,SA1710000018900000468101,,,
3A769415BD278B608CEA,SA3430400108038307850012,,,
ACE1917E2A30E39107381076FF667772,SA3430400108038307850012,,,
ACF16A9598610451D78B947FA92431F8,SA3110000052000000553203,,,
AC512FE33439EB88DF0169CD8D683150,,,,
AC60113002852E390F03274E38D3C5F4,,,,
AC959EE2AABDC46A73A1B50A04A3D68A,,,,
A5AC0D7A0095CCA6401574B4DB292BF5,,,,
AC08F1CA3DA3FDBBA4D6434D80F64107,,,,
3A9D7F87D4BF23AC5EF7,,,,
A538973EA114878F7C912D6BC107AA53,SA7530100974017226671249,,,
A5931EF831A501570CE366A724329E6D,SA9280000154608016201026,,,
A587ECC0442B1D90865DD15883000C94,SA8705000068206302022000,,,
3A777D03CE01B1218753,,,,
A5D369353935C197D5A71BD5274189F0,SA4430100991103256989166,,,
A5AE49184B00A5194BFBD39FEAAB3D2F,,,,
A549B1FB436DD175B6F2DD0B16B12A99,,,,
A5533B8BC30199792857CF5C36BCEB58,,,,
A52EDB0957D67BE59501D4A5EE923ACD,SA3605000068206970111000,,,
A56689DB7512FA4B92A826B2059C8CA6,,,,
AC6FA9AC9A4B83AB9BBA3905B6E3F676,SA9215000007777871280002,,,
AC7E803333D9428DE9742C9020BEB93E,,,,
AC28425B50F2773E1F1F25E0D3029BC5,SA3780208188336222121019,,,
AC5F1A35AC984DAC68D95B79F168E6D7,,,,
ACAE465118EE1735D168CE43091A6556,SA9280000154608016201026,,,
AC8389CE2C0D85A325C46C1AA561885A,SA0610000008500000181505,,,
AC50D999080EA1621F3587FCD5F82AF9,,,,
A559E5391D32601EE1988F129392B629,SA5510000007100000584504,,,
A58A7A015D15B2EE5E7ABE802BE86754,,,,
A5D0A457D4D38C82514CC7BCEE7CBF8F,,,,
A5A59D7C690C2E47B361933B006C0DD6,SA4630100974017110487208,,,
A5CEB832C3B9E089EBE445F4E233E546,,,25157024192,169
A56A4AD35EA3B0F22927C85BED464554,SA3605000068206970111000,,,
AC186F4E87B396DB3D956621F6E41899,SA9280208194107222121016,,,
ACA300816DF345F938F7E8970FC7E109,,,,
AC750B9DB8DA248769C3E140CF2D24C1,,,,
A5F323E9C970C2D307501F7DD8967AFD,SA5005000068206981277000,,,
A59A9120A2E300EAA509EC73E86AE344,,,,
AC4706EE3C5CCD5A040614A051EB1C8C,,,,
A5B07CDA2CD695EE18325BF87A214F62,SA7380000154608016200689,,,
AC63E5C0CB87FAEAD8660BC31EE426CC,SA3305000068205620222000,,,
ACB3B38B27E319806196B7DA811BDB4D,,,,
AC2EB407C5CCF66F89C19BAC7ED72BA3,,,,
AC0230356EF3CF6098AD69665A335D1A,,,,
AC132CCE075BBC7D9150DD6C7A05EC0D,SA1810000005700000479801,,,
ACBEBB4980776E526BB8F55C604B04B9,,,,
ACC991E56DB04D3CB40E48A23C41B402,,,,
ACDDC7FF54DDABC071D605DCA64F2ABC,SA0830100949000010295413,,,
AC66A9C4DCBC11461C0CFE2388BA6D62,SA0380203150174222121019,,,
3A2249DC1C3BE5AAD114,SA0380203150174222121019,,,
AC0F73E3F56FD5F3AA0F8E8D3BCC53CE,,,,
A596B8FCE0415182B407C295F3B1A1AB,,,,
ACF19E2180279F3F717CED430A41FA79,SA8080204966079222121012,,,
AC3BB576AEDBB90FA67EEDB9E2A51C63,,,,
A52E22AF4730375266D2D5884C3104E8,,,,
A5680552F38C8ED6B504E02D85D45092,,,,
A5192F870635D5ACBC60F7DD71359464,,,,
AC82653ED3AA2EC9DBAD22BF797F2E61,SA6230100991103218686258,,,
AC6EC6B59C1F6609780D95A4CA7A64EC,SA6230100991103218686258,,,
A545BFCD9444327F7C644337ED606DFF,SA2945000000260374640001,,,
AC14CD87C8C91858E0C9BC0BB400F2DC,SA3380000166608016043960,,,
AC3E859C35D05C4A774DC8C4471EDC83,,,,
A5F72C6F0B688DCF9C4200B02C1D1DB2,SA0220000002903160179940,,,
ACA714DE7ED05646C779D9F41E91DD06,,,,
A5386A0162A4F04EE98CB49A325707C8,,,25157024192,169
A5DA452778D2DCD5E6E686CCC22DE690,,,,
A5D4DEB6118C46ADF7FAFCB6702AFC27,SA5005000068206981277000,,,
A58357FE51293168B1C510D56053A492,,,,
AC8638A62E7CD5AB7879FD0BC6B74F64,,,,
A5E0A6D80DF683DBD4CBC452DE36F53C,,,,
A59A6E90918B6C5BFC9B0161F9D426E1,SA7380280417935022212101,,,
A57EB16FE3EA7004B3BB6A013AF252FA,,,,
A5886AA896F95993DEB41D08C08BAF98,,,,
3A08BAC711508A38B958,SA4180000618608013786821,,,
3A3A3016F76517BFBADC,SA5480000694608017618555,,,
A5D9565CAE81284518B770EC0184454D,,,,
A5E3472806D33459812935C5EE3ACCAA,SA4630400108038315580017,,,
A5E668B6B3B1AC101D8C9FE6B21ACBC0,,,,
A5CFB364B924D0E24C9B3B472CBFDD36,,,,
AC8308A3AB24A8D6BC470C17EE50EF60,SA2678000000001039271334,,,
ACF8DACE8CADFEDC44CC2A0D5607C9CC,,,,
A54EBD40CE78D3BF64DA497B232E11F7,,,,
ACC0B65165474FD0571D85B33FB98E0C,SA4080000272608010234442,,,
A508DC967B4CD9382CCA6EF6B9249CEB,,,,
A531F7E3B01EF06FB3B617C17B54B3E7,SA7380280417935022212101,,,
AC63CB8E4CC0E008F499F243766066F6,SA6580000631608010063946,,,
AC0F4C3E44526997943D2615BF6760F1,SA1380000621608016110131,,,
A553CA63E7F883F37E2F19EC748CDF81,,,,
A5B6E24AD4F04AF1B61B0FECF3CF2FEA,SA5580000431608016051848,,,
AC9FA472FB0D00DD95BC82BB25DB466F,SA5515000862102794080005,,,
AC68E6ADF1DA45B8F0F363BCCA21BD84,,,,
A53D05264313ADA82E23AD73C79AD28A,,,,
A55915B62849276EFBA20B8844056002,,,,
A5AA9F22D8990FFBD4CEFFF0FEA76EF8,SA2130400108037776440014,,,
A5C7A617A14B0F70BDC3CDC16FAB8E3E,,,,
AC47F5234590D1E1E344BF876842E2D8,SA9280000980608017241955,,,
ACF23D076AB96B33CA209556BF089F11,,,,
3A9FD32564D282DB2DEA,SA3380000270608010181124,,,
A51256CBB1822CBEB2F2CBEB134D0009,,,,
ACAC991D622E789B7D636FFABA233613,SA5580000328608010406457,,,
3A32E9FA19FA3514DD16,SA1080000640608019199849,,,
AC51F541403C4E3DC44BF410A8A50498,SA7480000154608016201059,,,
AC56A147A728BD19F4FAA9FF20A0119A,SA9110000015500001699906,,,
AC39EE75E4CAA9F5C4B5EAE7DF216FE9,,,,
AC4B737BDEB22F23809C1EAA93D59D38,,,,
A501533AC564354384746A1700CC7F07,SA7760100031482215942001,,,
A575283E537EBF90762B692E83CE1F0E,,,,
AC823B891A3FA5E645F163BBB25672DA,,,,
A57F8AEA83E4E04D26B315E21F93088B,,,,
A535147D1CED1A5855DA501D38D3F4DE,SA8380000154608016201091,,,
A530CABBE99D1FEFF2F9A61F89791E6F,SA5745000000352687040001,,,
A510FF5D44AE7A6227F287F141792C75,SA8145000000260374764001,,,
AC326368A64A8D097E57CE71CFBE6784,SA2130400108037776440014,,,
ACC55D1E12C9FE13C8BACD9A7C8822C7,SA2020000001803679369940,,,
A55E672F858F4306DA738F08CDA4C006,,,,
A52D9D69C345F49BE017F2FF24F9A8E6,,,,
AC2B464168D46AE3571B3540DDC667E5,,,,
A5AC46D08F6B83E712D52688D7186E09,SA7345000000260375118001,,,
ACC568BE6535631FDEE5030B571E2063,SA2315000007777935280001,,,
ACF2615092645BADBE68CB85E77FDBAD,,,,
A5EADDE21855FA8F00C07DE08AC4E06F,,,,
A5D4C152393C78CD68DD2C4465006FCA,,,,
AC7C2D85F0C41E0D40B89845D3036E01,,,,
AC3724B08E23911097D9851E95F4EB0A,,,,
A53B90A85568FAF0345D86AB998BE9A3,,,,
A59EB5650F9738D2C16FA3E0E8340BA9,,,,
3A6956B883FF8F7DAE43,SA2315000007777935280001,,,
A516460DFD9D97797DFE5BADD747C724,SA7480000154608016201059,,,
3A735F5D9B319E36EFB0,,,,
3A1581BB2BF061FCA0FA,SA7045000000352686877001,,,
A5D03B42B9C35A765D52DA4B2BD2C44A,SA4945000000260374434001,,,
A5D4C3DE53AC8B837DE5EFC37C275695,,,,
ACFC5124DF563047711BB9F0DC4E55F2,,,,
3A4D63ACE3F3E698165F,,,,
ACC5F01452CE2DB4FFDBA8B09C9328D1,,,,
AC61A999C52C1FC0EA35B3D007A4EA62,SA2405000068206395183001,,,
AC75801AAB98D82D7327B8F633178948,,,,
AC337F05E8F98BE64FDFB26A21378A55,SA9680000193608016025956,,,
A551193760AE729B632175D7578839B1,SA5380000866608010780882,,,
A5B7F2D1EFDE546EFC690AD08089B87F,,,,
3A89FD6003AB481749D7,SA3380000503608016103352,,,
3A200A8B4526BAAF4A86,SA1110000011100286844706,,,
3AED5FE22E9839E63F13,,,,
3AD704234ADC2A5950AC,,,,
AC63E7B0A3F1BDF2B7847BA696FE3D6E,,,,
ACCC6B6169928A5635912D92EC6B4C49,SA3080000859608018200497,,,
A5F64686DA7FFA0F96E3E76C91237C85,SA3930400108093571560012,,,
ACA72CE9FDF2ECC41C52922C41E0A88F,SA5030100974017093296602,,,
3A3CB47D862C15C05FDE,SA9030100974017226129816,,,
A547163D83D29DDA44A67C6DE2AA87B5,SA6830400108038321500016,,,
AC912B5850A13D7B9FE55F6EF7B4C5DE,SA7720000003087532399940,,,
A5A9D01197FCE0910EF6BCC09BB39C2E,,,,
A56F1D63B0BB34D5CB2FF9D30C841014,SA9110000015500001699906,,,
A51369919DCB8BF23CD780FBC2FE3664,,,,
A594B1104B377F4E155EA7A5D362FA4A,,,,
AC312A36934379B76823876ADF351EBD,SA0380000857608116411352,,,
AC39DD7E8450321B35BCEFEAF46BDE98,SA0478000000001273550204,,,
ACD38545798BC75F986458A33FDCE1E4,,,,
A527D43C563B79AF8238C2B7EF7D5311,,,,
A553EB9B2335D294C29CDE35DD29DCA8,SA3880000154608016201125,,,
AC08C668FB3A8C1F71AEDF82005F40C9,SA7736036036048741367067,,,
ACB077EC43FF2F7159CA3AAF6985354D,SA5130100974017227306449,,,
ACA8E5460872867A5F740B6D81846A23,,,,
ACDFECDA04EA658895B6A089F9E30959,SA0820000002285664849940,,,
ACF0AE58823A2A85544C5EEE3FB88FB5,,,,
AC0B47214A5B4446C54E1767F2449AE0,,,,
ACAC7657411348EF52726BB47E4D7D35,SA1245000000262373665001,,,
AC628D494C8C98B96E4473BB10D238A6,SA0280207646507222121013,,,
AC2BFA8775FBC48F89B2C9BFCB0EFDBE,,,,
AC9FC6271182CB98DA449B03D4B6AEF2,SA8480000698608010205075,,,
AC5A72B31E5359B9EFD6015AECAFA290,SA1680000154608016201133,,,
AC98B39C0432FC8E93821227D9F67AFC,,,,
AC450DEBDF3A5C5C69357CEEF5BFFBC1,SA8130100974017227383606,,,
ACD588208D25AD55A78702F2515A3FF9,,,,
AC158E66832159827685D3CA71C06C16,SA4680208031956222121013,,,
A5B1BDCA025922D970A2548A9294564C,SA4680208031956222121013,,,
A5006A73CEB8AE52B590E85B3E7E839A,,,,
A57F2E20A8270606C9AED04D1943E9C9,,,,
3A06CAC1FD5BE1181878,,,,
ACC40DC69B441B11961268651101165A,,,,
A50C3920E8F7DA16CB9428E31C3335FC,SA8130100974017227383606,,,
A5A7520392226EC3A696DD38B86DE6CF,SA2010000020563177000102,,,
A5DAEBE8259378159ABFFD2178441EB1,,,,
3A79745CD0659FAC30C5,SA7605000068206983667000,,,
A534B29FD0E67F2219A4E178FC532CF5,,,,
A58B5A48C697CCBE906C24CFF879133E,SA5530100974017227379612,,,
A5A214A77BA5760534C58DB7A0F5EDFE,SA5005000068206814534000,,,
A542FD30657D23F1BA00484DCECCD894,SA8230100974017227195214,,,
A5FAE293A9FCA1949AE75C6BABD12FD5,SA6305000010011781698514,,,
A53CC9092FBF0D0A1ED67DC6E409AD17,,,,
A50AE8292B07BE3E20AC7342E44E3286,,,,
3A853ED050414E0AAB62,,,,
AC5EA811E1B10984CACABB9CABCA4C34,SA8230100974017227195214,,,
ACA9B960452D4BE7ADE505D7A0B41C30,SA5880000119608012101646,,,
3A512A3A6E1C65664943,SA2245000000349095539001,,,
AC7882F82459013956B3FE7608B777BF,SA7110000000200001672804,,,
ACE780EF998A56DBA9010FBED0F3E0B9,,,,
AC21086F195CB9527D089DFE2340E335,,,,
ACEF19D94D35C278C10CC3C3B4F0EE08,SA6830100974017227190422,,,
AC5C2C1299D4D7425B7A53FF986AD317,SA9336036036038617230496,,,
AC98537567BD13D82BE201E95A700B11,,,,
AC1AFAFDC0D9AAC05855E5CEAE4DFE05,,,,
AC8D0952DB3E1C2A9075D5EB6489B140,SA4680208031956222121013,,,
ACD6DBB746184E1FE0A8812EBC5495D8,SA9180000154608016201141,,,
AC0057BAB2B2B600D008A277D2D7F18D,,,,
ACBBC0306D8ECFFEC4391D84B03479EB,SA8580000155608016172002,,,
A572C6CD53071588279CE0C33419C98B,,,,
A5291BA6E1B7F33B7E2A5F93BFFAE8F2,,,,
A5307EC49BDEB9630391DD733C7F4740,,,,
A58DA490C697F767B81E1A47648ACAFC,SA4510000011100305632703,,,
AC41DE98B562A425709133E944C23EC5,SA2480000597608016024415,,,
A566DB0825D91F1CF195264ECFAC3EA2,SA7105000068206987065000,,,
A53122292A6A6A39282538AB6F84B8E8,,,,
3A1550DED86DA329E228,,,,
AC4101F03C9DC020F8C6479799E6337E,SA7080205032883222121014,,,
A56014AEB799ADDAB9E3BD6E9270F555,SA8230100974017227195214,,,
A5D657406ED2D730926624FB6C01290A,SA6530400108038333420012,,,
A5C0423232B3C53C35A68F5216175995,SA2210000041100000392308,,,
A5E66818E8301155B5935BEBC4749328,SA7560100000682222694001,,,
A52C65BFCFE287EC7AC1F8B622D02949,SA3080000154608016201075,,,
A55E37BD6007C2B1D5FB464A853CE8BB,SA6530400108038333420012,,,
3A751BDC18E8884E7844,,,,
A579724FF074EDE7A035347B38AB3B04,,,,
A50179563254513D961858EC8D8A1C0A,,,,
A5EA46B229FB56C920259F26786ABE00,,,,
A52C051D54BA2988BB045098B1F432AE,,,,
A5C8139D0CE79CDA9998EBC999E01768,,,,
A5EC88A62FDF531D25335EB461730CF1,SA0705000068206689100000,,,
A5633CA82308BF7139F89AC5AA7F8A0E,SA8930100974017227216234,,,
A5F4B4C663315343B3F6EE1F2CBC0E66,,,,
AC6CF83429C1F94F39FAB2BB5D1AA57A,SA4730100991103224812854,,,
3A5B56CF2E257AB610FA,,1059819100,,
A58C899CD618493CE0586B7EEFDF5FDB,,,,
ACE68280215145A84184F2C79BDF3FB5,SA4310000011100409003602,,,
A5E4C294D17D1307B06C6D9A4F78E94A,SA9280000154608016201026,,,
A53F8F4E31FDBA3C64C7E2D651EE89F6,SA2630100991100120074674,,,
A5B231B4E1C17339BF4D850EB86D8BDA,,,,
A50097385E9E3ACF26EE02899A7B3F53,SA7730400108038320460014,,,
3AB356604C5981F1B000,,,,
3A28AF8FA97887A7ADE7,SA5730100974017227405281,,,
ACF20A4FFFC298DCA4402A227E200BC3,,,,
A59A5DE57CCABF60CA1B34577ECD3699,SA7380000154608016201174,,,
A51180A4C67A596E86FD00010090BE9F,,,,
3AFD32EDE6EE14D31590,,,,
3ADB858289B18C4AE986,,,,
3A967BFCC81D02233E51,SA6510000062300050118203,,,
3ACA9451A8F451A3C364,,,,
AC87606F3E4B12607D980A8A0F8F1BFB,,,,
A589EC550EED14155BE09E3271A89794,,,,
AC9FB219527EEF52451CD952D327A967,SA9780000857608015996230,,,
ACA1963F070827C5EE3E6B6E80E0F3FE,SA5605000068203989137001,,,
A54F1DB7793D1E5D1546CA96CB1E8EAA,,,,
A5E3505F2AF191BB81AD6A1EC0AE3C0F,,,,
A5ACF6A0473C74AC3B1DB4FBC7DE7120,,,,
AC72CF4B2118B38624FAABAED93B43DC,SA3530100991109745351047,,,
A585388BD19BD8FFBC7A58CE4530A6FA,,,,
A5034E8AF201ED5F314EB7AD5E2ED26D,SA0280000309608016041442,,,
A561AD3DBA48B6A343E05C30B4D5CCF3,,,,
A55B7F0C7EAAA0C8857789866389E7D2,SA0910000011100179680403,,,
A5F72238B512E55D309DFF03CE40927A,,,,
A580CC3BF4CF20B0DD1A12CBF0B91D30,,,,
A5A923B8903E07C88E2739A05C34CE37,,,,
AC9D1E5B5F3A136E8AB122A258EA9E40,SA4310000011100409003602,,,
AC916414EFDA2EB72B38A3F5BB86C057,,,,
A55FEFE7DE09290C7C8AB1A55C69FF0E,,,,
AC6BCBC64DAB82CE5D5605B88BD53659,SA5610000011900000194209,,,
ACED53C08ECA8515CA7873A47B07676E,SA1945000000352687024001,,,
A5CBFE34847ABD9F96F260E89176EDA3,,,,
A548052786B7CC66FCD19CDB170A7C07,,,,
A589C589EB323F11F595990E750588BE,,,,
A586F4A16ACD51E6DC5A1ED057CE9CEB,,,,
A5B27466AFA51F9A0EBDA589C47D01A0,,,,
A5F24FA91EA06EA5599DAE61D6C9D59B,SA9430100974017226863646,,,
A594A35E0055038D3699141061F12160,SA9580000154608016201166,,,
A59B343208CFD9CF080B51438DC232D6,,,,
3A4189AC8D2F0A911AA6,,,,
3AFECFC4C570908BF697,,1059819100,,
A5CE33A4D2D0E65FF026812ED7120481,,,,
A557709CA2D59C0C4892B07983C80EEC,SA7730100803100443877013,,,
A5A15A3F66B6EEC950E70FDC5751CA6D,SA6780000347608010398404,,,
A520BC1EA9F9E9BD3A3D47D36F83C4E9,,,,
AC9DCF41EE623010A0B658C9CF8491A7,SA0336036036052385211326,,,
AC620F37B1471B5AE29592C928FB54AA,,,,
AC1BA58F31405B0553C87508FE7F6CDA,SA7778000000001088029891,,,
AC475FA625657C9C55BAD44F5CC1C2D3,,,,
AC9A7DDF9F952EC78B13B68ECAF1B152,SA4230100974017226727812,,,
AC9929F637FD97485738A332341DAAA9,,,,
AC8A4F9B566B9FA53E2D91F85270B1D5,SA4030100974017227614816,,,
ACBBABB349082711E4DF0F7D9FACA38B,SA5280000154608016201067,,,
AC4AE6B0B66FE5C30C7A200C7C6F7947,,,,
A595F9F54D6CFB9EB93DDC85C320F2C4,,,,
AC55332099B5E7C7E735CBC81D66AB61,SA4030100974017227614816,,,
AC93C2D53E31C4529810D1EA32EFA1D9,SA8993000088640453919000,,,
AC54988AF5420723214672D519F72D1C,,,,
3A4D25BB8F2493191C46,SA2610000026200001013005,,,
A55C0CAFDF5335D792CD4A6AE7619AAE,SA9693000048271149755000,,,
A57CA8209FBD8D15A8AFB08BBDBE534E,,,,
3A5F0CD58ABE8DB079A3,SA1080000640608019199849,,,
ACA75ED962EE0EEB1631A8795A4D4211,SA2160100015082224332001,,,
A5C72CFC5074888EC11CAE624198B810,SA6780000694608017806986,,,
A57E5EC3F617DE383ADCD88571347CBC,SA3220000004090045759940,,,
AC41A1D17865C0996A38EF050FB89440,SA2230400108038338260019,,,
ACA5A5347D58E6D7D0D64ABA4FD0C604,SA8930100974017227248826,,,
3A1C168E08B260F6B60F,,,,
ACA95E8DAE10392C96FDC544398DA7CA,SA4680000333608010172987,,,
A5FAD49EF27E14BAB1347352B99BA469,SA6780000187608016218062,,,
A54B40CD464D2AA33F80B80814C27190,,,,
A5305D9F7E2E5F93E4FB70352FC74D69,,,,
A590D8CF1876C031724D6697A042369A,,,,
ACA6FBF2177BDDA9CDF2B5CFB9AE3057,SA9378000000001270585058,,,
A5BDF06FBEDB5F3ADDE891166ACE21A4,SA0880000355608014087200,,,
ACBDF7B6331D02D14ABEC059736E2AFB,SA5180000266608013364152,,,
3A5209FF267ECC3D33DF,SA4830100974017227215420,,,
AC44DF357C57EE126AF1DC6197E4A75C,SA9680000193608016025956,,,
A541A7DFC591447AFD93CAA713416766,,,,
AC0F47ED9492140BC42EC92D4DA5052A,SA3230100974017227427265,,,
A53647349A81858C7FAA622E2A5E81FE,SA3230100974017227427265,,,
ACA8D0BD40E5A11DC3818C22C4E7DB37,SA8420000001533343939940,,,
AC520E7261537753D06DFD617774DEAB,,,,
A5C2D93149B5C33672BDA4A7BB641DB0,SA5630100974017227656432,,,
A55F1321A3927F8F7B9A2D9CF146ABD7,SA9430100974017227049401,,,
A5EB1AB6DDBC2989E1C12933338D91C5,SA9230100974017228105476,,,
3A829D1F95FCE1F71718,SA2080000154608016201158,,,
A54C138FB07C55D0C4C3BE5ED75394E1,SA2080000154608016201158,,,
A5847C8EF934759D0D4461344BF434DB,SA8580000155608016172002,,,
AC30C01496F646DAB1943AC63ED2993F,,,,
AC89C2F4613B0E4CDD5849C3F3713FDD,SA9280000866608014238812,,,
ACCE5D28CD6F78B9C8392688880DD148,SA4980208204600222121018,,,
A558BCB0D5EBCAE3F15D04BFDCBD4AB2,,,,
ACBFB17251102099D327EEF426ADFF7B,SA9480000320608010281122,,,
A5737B2B44B03B83D87764E6FF6A5E29,,,,
A565F75716FB4579E1543C5C19C0D927,,,,
A5E82E3DB8277BBB9EFFDFB9F0BC0C15,,,,
ACBF54CD09A35AAF71DEE7AFFBE05A1B,SA5780000522608010122405,,,
ACB29B52BEAA6836D7BD1778E0095BF5,SA7730100803100443877013,,,
A54B7BB639DBCC17BE1338CF4D786D7C,,,,
A57342881EE591F28DC200ADABF79F11,SA5880000232608016336836,,,
3ACF0C51635E936B8510,SA5880000232608016336836,,,
A583FF234376479F78AEC4C47F3BC9CF,,,,
A5A665EAECE7687CA3BC71A76D8EB3EF,SA6680208204089222121014,,,
A504E13F85E5CD3CB03FF576E28E5EC5,,,,
A59743E1F131D6B602F26817E87EFD3D,SA5730100974017228112023,,,
A5B1945C4183DEDDA7E154EEC97F2FC1,SA7615134018966633566650,,,
A5636E44F4CAC4B36D6185F1033AD9B7,,,,
A5E16DB1FEE33383BCFA719E1946B1F1,,,,
AC3B2405719A24547684801FD6B27213,SA2830100974017227884886,,,
3A0338EBE54575246AC0,SA3805000010011782849578,,,
A57B20571842E95731258625EA178B05,SA5560100001482223804001,,,
A54DF9AB345AAD00409DE7471614B206,,,,
A50DF6D2FC0E63CC2A97AAEC4043D64B,,,,
A51948B77BC1681F21C7889153D178B7,,,,
AC30B65AE44CB5F4F6F243394608730F,SA7730100803100443877013,,,
AC379AAD14866CBE580DCE66842DAEE3,SA9430100974017226863646,,,
AC373F4D6FC5D84AA895CC742A5F2ED9,SA0280000309608016041442,,,
AC8DF02937DBE40B67A2B7D09CEF9907,SA9430100974017226863646,,,
AC2B5F4889011195B735B8F325577642,SA0280000309608016041442,,,
ACD978B8EA078629BF56961293095346,SA0705000068206689100000,,,
A5C70A9DCBAA7A5CA749212A957DAF54,,,,
AC312D7965A28F3216E9D9030D79ABA4,SA3430100974017225158884,,,
ACF9BA12212D51976E2B98A0A551E101,SA3805000068206957503001,,,
AC65D2A9CD99437EB0FC9B9D5B655889,SA2710000025900000414609,,,
A5FB4DF372629423472C2268C53435E2,,,,
A50C9311256E68701BA1D86A319EEFAB,,1011510318,,
AC54CE72CEDE9E126636964488F57B7F,SA5215000007777796200006,,,
A505382CB9B6D214A6441F86068527B6,,,,
A58B98664757829F7522ADD5FBC4AC5D,,,,
A5CB039F3641513F3E7428401535FC13,,,,
A5DD00473F03E44CD7CB9ED11E999EFC,,,,
AC00817D0763CD217039AB775B0D087C,,,,
AC4F8DCA65AE5BF40B2977E6FFEF4DD0,SA3780000859608017916549,,,
AC8C865F041D4CF8F8A0C1558230DC9E,SA6415134018967056701236,,,
A599AA627C9EFF590AA009A3759755B6,SA6415134018967056701236,,,
A5DB8A649C4B0594092F6B472BBAF331,,,,
A5D4451CBBE41FD604AEE9C870D5A8C2,SA8680208202478222121011,,,
ACAD7A26B6A9DC91DA2DEDFBC4AE5EA1,,,,
AC078A4F01A9E18E467DC5D846C9964F,SA2380208038858222121014,,,
A50CA88776596CEFC7ECB7ABB0926042,,,,
3A867B7F176DBF29DE05,SA6910000031671462000107,,,
ACDDAB50CAD9FD42816878D8A0287FD0,SA3845000000168034437001,,,
3A0CC0A8F5D668044203,SA8110000024800000620205,,,
3AAA9ACE69D35B50D280,,,,
A5D489E3A9B0A04829883B3F6786F9F5,,,,
A5BBB9C63F340DD5A35C906803FBFDC3,,,,
A5EEACCCFC0E55FA878324197A9CDA97,,,,
A560E0683AA20E5FEA899CAD17F5677C,SA6530400108038334600017,,,
A5659BA5B80F6532A262658D938AF3A9,,,,
A5ED17433CBD905FBD425E7E90E75783,SA9230100991103215270445,,,
A5277AFE432CA3C137D068D981C7F8D2,,,,
AC68FF895EDB875CA15A6519250FE4DF,SA7330400108038344680016,,,
ACCC7A8A490DDC494D1E4834369F77EE,SA0215134018967522595486,,,
A5C5B464D0E1D1A1C9F69DC9CFAF949A,,,,
A5825408D1646745A2F93AFCA22FB134,SA8110000024800000620205,,,
A5F2A9AF792A288135EBB0E99E17C961,,,,
3AA396028FAD02D45173,,1111548150,,
A591B70271FF977B44CE1BF45654ABBB,SA2945000000028377703001,,,
A59312F7F8173FBCAA4A213C1CA77C60,SA2530100803100444322015,,,
A57E2D314A58271384541DA9E107E2E6,,,,
A59A3C14C0E60379CBD51C8E27D06972,,,,
AC000B67F740977EC06EB377D9ED5E9A,SA3405000068206187264000,,,
AC5F7B349EE740704811582E1655673C,,,,
A50BA48F80F04DB47C03423ACC257F3D,SA6710000036167726000104,,,
A54E361DFC31CD61CC2D2E053EA7EBC5,,,,
3AC1D1BE0CB4C9725757,SA3820000009326429079941,,,
A5BE97EE322140756FF271E3A49697EE,,,,
3A938758BA2E1264A7C9,,,,
A5616342751755570F317D0F4D39A006,SA9380208207116222121012,,,
A5628CC15C1C4C4480A80C18374EFD11,SA2920000004085109489940,,,
3AF15867B5767DAD7B41,,,,
A54BCA33AB6502C06BA3E7408966624F,,,,
A5D73F0B2DFD0A22A38D4AC219099013,SA0310000032400001355810,,,
A5E984E74EE326C5B7CBBF93D1968F90,,,,
3A900F132F26C2F7AA64,,,,
A53CE2A3747E06F35EE0C3B78BEBDF6C,SA6845000000352686141001,,,
A541A0C05AF8E0158DEBD3CDA155F912,,,,
A52862FECAF288868653AEFC9FD6FC9F,,,,
A5138D92697B0F6D9BBC246B99BDE805,SA1430400108038351680016,,,
A5CDBD47C9486D24A0737E9F8BABEBCA,,,,
3AAA87CAE08438B480E0,,,,
A568FC024089A9F29BCBFA971DA87C2B,SA6405000068200353472000,,,
A54FF7C9511182F76D26207C82E08022,,,,
3A3A7C55C9D378973A19,,,,
A5E07D7683D21F47961630E68474408C,,,,
A518BFCF3995C5B403C1FB040FFD8CBB,,,,
A59B16D07A403235CA5BEB1B77EAAE0E,,,,
A543BB5627299A920B2073512B37EA0B,,,,
3A3D41F90155E857DCFD,,,,
A5506283ACB9F661ABA8CEA986D841C7,,,,
A50EC058DF31B84834A60A91FAF3CA0A,SA2310000011100177279304,,,
A5E4C2519104B179A868D4725E932E5D,,,,
A5EF96B8D2FD87255E189925EDA75279,,,,
A59D54808AD3FACCA9187284E3FF335A,SA0710000045300001451705,,,
A5B05A314B082854654B316850E02ECA,SA8310000000400000944108,,,
A530F5D4AE87C6E2430D03024733E9D4,,,,
A519C9CDA4504664471D4C337FFD0EEA,,,,
A55625A19F69606FBC11CE9CC6811500,,,,
A59A93C83887B01A775B95169FB10141,SA7810000049000001192804,,,
A5796B295F22FBFAC5CFC9DC5D9A633B,SA1905000068204326231000,,,
A53F534E61E88C03853D902542317838,,,,
A531B3D799ADD7FA6B4B499059DB94A2,SA2280000423608016248006,,,
ACBB3410B1B8D611B90AFD2212A00DCA,SA4310000011100409003602,,,
A50706F7F2F2D8EA8BD43AD43F5EAACD,SA0545000000073335549001,,,
A5C696F7F1A8233E1222F99AB2627F51,,,,
AC39AC1E764A79CF277A586C2BACF7F9,SA3805000068206957503001,,,
A53FEF99197F83D7DBC1FFE78D936AE5,,,,
AC8E3436C03B85AA9D18E59EDA649218,SA4210000007347717000104,,,
AC191F48B6EBEAE2185136BC9BE19453,SA8780208202332222121010,,,
ACF17675C4177CCB2D8D7A203D9A9AA9,,,,
3AFC2ADBABC7E6CE1F73,,,,
3ACD702AE301E0846C49,,,,
3A55564637BB37223B9D,,,,
3A25025945F83BC43599,SA4915000007777845620008,,,
3A649FC5045418BF3483,,,,
AC5490DF5E99D2ED4D24889682A6E8DF,,,,
ACEB97DC5B3FBEEC85D7E2ADA1DD7ED7,,,,
AC73635174974FC6D4D56F250BF06C46,SA8305000068206977998000,,,
AC2875C02CE1F91B775BE1C5617AF61E,,,,
AC2BB8E0F33AE5397ECBE797C9DF558A,SA6015000434145716220008,,,
AC3C16A9E97BA9368762DAB2D64E7177,SA9315000007778005440005,,,
AC27869BD8FF514E120556F3EAAAF780,,,,
AC560389DE6B586CC1E3FD8F48BB9C62,SA5030100974017227937258,,,
ACB0F30973D8F36189B09FF977203F27,SA0980000216608010651602,,,
AC504BC744849FCB0D383A078151AAB1,SA2980000984608016666224,,,
AC985CC54213029268498ED08D59C386,,,,
AC14050928DEC18476CA942AC56E709D,SA0730100974016756883625,,,
3A1DEE37187EE2973791,SA6015000434145716220008,,,
3ACE3E42CA18538E309A,,,,
A55E7211531DA381172B9478639DD711,,,,
A5F510AC4CB06A2DC91ED33BD6BF0D16,,,,
3A8BB955DEF7AD7E9753,,,,
3A5E96DFDD838F5B75D5,SA3405000068206990133000,,,
3A9CF6FBE9E0444A0EFE,SA1130100806624728699668,,,
A564F4220ED2F0AC523D0208BCB77FDB,,,,
A540CC7D5203AC80FCB510D76617F869,,,,
AC1F5648EA9577B08AAD1DC48B15D83D,SA9780000333608010966305,,,
A55D494A8C54F53300EFBFA91A465DAD,SA1330100829317596559127,,,
3AB8390D8B8D53C75034,,,,
A558B29EF60112E5A6118D8DE9AD4D39,SA5030100974017227696892,,,
A5D850A71B9CB4E69FD3D185DFF78E20,SA1220100974017225759498,,,
AC392DBBAEAC59527FFA470EE464193C,SA4205000068206580536000,,,
AC80E5D74CC6473E432A8CDA96775D86,,,,
AC7EAADC63F4A3E7A185195944C0CC9B,SA4380000520608016057896,,,
AC1D9F6511F222EABA579ADEDCD0FD4A,,,,
ACC6DCA0422F3DA4D73AF48FF40F5715,SA3820000009326429079941,,,
ACDB09D35202BDA75AF5B2E6D720026D,SA9730100806624666337596,,,
3A88DCD0DD88054EDA90,SA3820000009326429079941,,,
AC0B0A57B0867A51F703EB0EA92D52B8,SA0505000068206988233001,,,
3AEF2A8F1AA241E611E5,,,,
AC8A602600187EC62ED83BB07942BD9D,SA0230100991104259911916,,,
AC2A5CA362F2977C314109A0058A8721,,,,
ACE81C04EC2737BEA5F5C27805D3AA64,SA8680208202478222121011,,,
AC3C1C67D1AA241206C220CD380E74F4,SA9730100806624666337596,,,
AC89C0782AE6730572ACBEB1AE31509B,,,,
AC7D4C165C3FCFCE95694D7CFE0F8F59,SA6605000068206988468001,,,
AC3C9DE9A1E580BECB2E98954FC8E680,,,,
AC23A8EE8366204AEC778E1125E310FB,,,,
AC85C92C11CEC5B948FD028FDB2FA0DF,,,,
AC5AAE1905DB2038354E937EA3FA691B,SA2680208210629222121019,,,
A5AED1FAF3C9B7EEA504C0AA6BBD7FBB,,,,
ACA5E12F5EBF3A1A10A184DDEF78A4B2,,,,
ACBD05BABB0B20E2829B303E91D3D19E,,,,
A50007E744B004C5A9F264F05DF27BCA,,,,
AC014975726B17267B3B1C68E582719C,SA0920000002490075839940,,,
AC4B9778C2EF02AB51903C2FAE150BDC,SA2780000133608010348811,,,
AC6EF22349AD209DFCF5ED121CAE89B5,,,,
A517A8CDF403E5E8541E6CA151EA2AA5,SA1860100000682225386001,,,
AC4ED52D7BEDF218F54AE623E40B8307,SA1860100000682225386001,,,
A5423D5162C2F98B50FC38CE796566A0,,,,
A561C16B75D3C5F8111E608CC5E2401E,,,,
AC72EBBA3E9902FCC73249C1F5102F72,SA8180000584608016216875,,,
A551AA9A23DE036F7BDB294EA4E9E74B,,,,
A5B3CA9079861074B5031A204C747B1B,,,,
A5EEB2B8A9881F511FB2F306A8C321ED,,,,
A5C15FD19FD1212B8360DCC27A091A93,SA9230400108038336330011,,,
A5B3569A3FFD22C00F5B80AC724E60B2,,,,
A5D5901A9535D600D478186CC4440F34,,,,
A593B5263AA47F3C471421A91CDBD74C,SA3820000009326429079941,,,
3A41A29DFE79EE2E8253,,,,
3A24D682014E4F2E549D,,,,
A5626E443CFF4860DB083F21FC729F72,SA8880208210813222121019,,,
A5D33D857F23B9EB80880CD7BCC50E12,,,,
3A3F0D0F65F829F0A59F,,,,
A5C847A7D6BCF2E6393AD18A07C5F77D,SA2515134018961649206951,,,
A5C614BEEC006B1B6FFEE02FD5EC5125,,,,
A594F8148CE4EF26434299E100670C2D,SA2810000044300001240402,,,
A50106A974E8202013DD3616A89EF415,,,,
A50F4E1069C13D53725276C143F1153B,SA2330100974017227753638,,,
A5A73FDB6E01E52A322494F862B6C409,SA5005000068206994857000,,,
A586DC3BD2F75D943FEF0A647DAD264B,,,,
AC01E6E8E51CBABBA2D3B687B86370CD,,,,
AC475532AFA9C7924F06021EE77E5535,,,,
ACFEF9326FCA1FBA9C3EE426D939BBEE,,,,
AC8A48537B3629D6B3323936B8080C8D,,,,
AC3FA15BB75534FA5290BD3FC1C3DD9C,,,,
3A575F735A2F8A68B710,SA0280000270608010520503,,,
3A405F9C7659667C7BD1,SA7145000000814082392001,,,
A559528AD49996AEF3B942159C6618A1,,,,
A51DD89AA0669CBC4F429A7FFB6EF3F7,,,,
AC1683AA2D1FCD15E536966CAB280E84,,,,
3A16AC86FE39ABF22609,SA1580000865608010738063,,,
AC4B11EB43DD42F96A49610B1F446D46,SA9180000201608010611785,,,
AC26A70725729B902D1C80266CA2FCE9,,,,
3AFD5D81C15081ACCE02,SA6280000857608013356908,,,
A59795D81ECFF776233B149464F52270,,,,
A5EAB70C6D597E3B0FDEAD5A50855FA2,,,,
ACA4323488F2EE2937E7BF1076B5C97F,,,,
3AE00E06F73E46D08146,SA9880208029278222121016,,,
A5977E68B39C801E3AC7C4557CC74C89,,,,
AC265A5370DF15EB9ABC6A6ECAB92689,SA4010000043800000322203,,,
ACB8542EDE49FB7A3AC39B9ADD0BC354,SA9880208029278222121016,,,
ACE79A058F97F70B0F56D6B0746116BD,,,,
AC854A7CC63986A0FD1994C92BC23EA5,SA0830100949000010295413,,,
AC538AD1A86CC4E073738C3E0B5FCDDC,,,,
A54F7CE1BBEEF24F716464DBA4A5D6DB,,,,
AC44D1CD1F5742F3DB9D03F3F38375A1,SA0730100991109732012014,,,
ACBC72AA991155B62AF51BBBB9215B56,,,,
AC83A4912A6B15AED6DD06CF41CB9936,SA3010000031800000251203,,,
ACCDB93F044496E3D032B98314BF4946,,,,
A50DC6559718E558C5BD2408464BE594,,,,
A51A31B5B17A217FDA3A60EDA19CF2D3,SA9880208029278222121016,,,
AC7ECD76F6C2009234DAADE9FFB1DEA0,SA5730100974017227951294,,,
AC687FC4CBA774AC860FA8D02EAC6DA6,SA8510000024800000621103,,,
ACEE679036D6204369F962C397730F0D,,,,
A57E7DD166458F1EE0EE992EEC8936E1,,,,
AC4B16B5E84ED48D934D3C70217E2354,SA6810000024800000621506,,,
AC009033507F7BADFF8F1A8E371CF0CF,,,,
AC3D6F043F4D27505A6DE922816D00D4,SA2630100974017227063429,,,
3A80117D46DF63D1EE88,SA8330100942000084198325,,,
A5A9A1EFF0A9E01AE4B56542B2EDBC23,,,,
A51E315A332C19D1B53D877793EB43A3,SA7415000007778040850003,,,
A5CF984B8BBFF3DCB2502C0F3F67B52C,SA1680000101608016058768,,,
A59E33FC2B22C9ECABE8EF3DEE8B1F89,,,,
A56DA5022D2D2D44DE8EDA7E9D314208,,,,
3AA0196BC7F4DCB2E494,SA6580000282608016240508,,,
3AB650F1A69595F461A1,,,,
A5D533DAB21E62305A5B9D7DEBFFEAAD,SA8510000024800000621103,,,
A5CBF5B0CFBADE19BC7FE0DDA2D93D98,SA2880000471608016222994,,,
A5E32552388A15D26764510DB37035E9,,,,
A566F5E33EB3F0CB87090D9008650A02,,,,
3A76B026F59F5B6ED102,,,,
3A89503115DEAFB25042,SA6215134018960041968083,,,
A5CEB09A6F7339402F3AFA5AE250CEC3,,,,
ACC7C1CF59C1A018725F3CDB951050D2,SA8730400108038363150019,,,
A53E4729E3A0BEC96A782AC7A9D85189,,,,
A5FEDC61625F37425EC40AF5B94D9A60,SA0905000068206992670000,,,
A557F1B86C9435232DF53A2C79779411,,,,
A5B7F4C5CD10A38FAD86C64B64CE962C,SA5345000000027568922001,,,
AC7B90822AF2E48A4AEAA91A0144F37A,SA5345000000027568922001,,,
A552BF991E5A4A6953CDBB6F775F5DA9,,,,
ACA785A1EBB064C751E5B5FAFC64D301,,,,
ACD3230CA81B5832BBB73F5E13E8836F,SA3805000068206957503001,,,
3A9569BC1F1CAACC86C4,SA1620000004024050189940,,,
AC416771EF7CBCFB7902E76DBB576EA8,SA8220005298200000375318,,,
AC562D29196A327CFF59AC3F35B9B9EA,,,,
3AE0C8FAF3BF66536D3F,,,,
3A9C7837E1BC304E1068,,,,
3AAF90E8344FD033A144,,,,
3A583708D11372F4C2C7,SA0530100974017228059609,,,
3A9C1087BE7873BB1EEF,SA5745000000352688204001,,,
A5D4042118E657E8AEBDF85989A82392,SA5745000000352688204001,,,
A579A8C9E6AFDE20413499DF4BBA871D,,,,
3AFA35BF2DFFB15DF1CB,SA9845000000352684377001,,,
ACA6B73BB7DD0F38048833160EB4E68A,,,,
AC3FE630ED0F767198409758D6F1F8DC,SA9845000000352684377001,,,
A5BFCE9EFBDF2E640F7C5A51C7564F93,,,,
ACBA9DCA8C7A750929C634DAAB42A02C,SA7730100803100443877013,,,
AC3844A4C6C885CA2E5F4800331422E7,,,,
AC9F9F5F2717C512D3FDC8C5570C509C,,,,
ACCCEB0A687D991EE8A4A4D4F9F4832F,SA2945000000352687503001,,,
A5B3EFCE571E3C48018F6D34CEC0B83F,,,,
3AE3E041B1D75BDB4EC5,,,,
A55DCAD445D72CFBF7712E57B5044FEE,,,,
A50F1B265127DDC5430B11E180803E89,SA3715000007778041480005,,,
A5ACB3F2136ED24236F16E2BBA58ED6A,SA3715000007778039110004,,,
AC1986D702A0E9AE934FAE2C7104A1DD,SA3715000007778039110004,,,
AC12FEFC20DA8BCB674ED06311DB6B84,,,,
A5D0D5CA7536BAB8E1331617FF4BEFD2,,,,
AC451F089D9A7C61E5E8065C51563F56,,,,
A50EC6B46C715878891F5AA5391614CB,,,,
A52B1FE4DE4DFB274930B32BA68D4085,,,,
AC4AF8A072A86E32DB8234604201AAC4,SA6920000001100019049940,,,
AC7B141F7ABC7E48F759020C3002C259,,,,
AC0EEB3B797CFB49F9E11DB3E3A88C6A,,,,
AC82F695FBCA7D93A01FD5E369458471,,,,
ACFFC2119E480556918EB8F530145181,SA8580000104608010328750,,,
AC373EFA8E3B917DA345F6080C43E22B,SA8330100974017228221844,,,
3A8F09A203A28AC000AE,,,,
A5E7344C7667BF5571CF51540841E5BE,,,,
A5C12F586AD4AD172AF80E34351B52EE,SA3780000154608016201240,,,
A50878D901760B77425DE7E9791B2A06,,,,
AC7E0DD8B1684F056901CB17ABEBF59D,,,,
3A7F71EA65BA64DC67FE,SA2280000539608018069880,,,
ACD41CDCAADDE35EEC62645783AD15B2,SA7405000068206996026000,,,
ACC710B6051B519EA0DED21F283C291F,,,,
ACDBD532901086CA34D7DA75422F3C12,SA0605000068206990541001,,,
AC4C534E037F918390402297A05B4EEF,,,,
AC23CD593FF658AF4749FD16850748B8,,,,
AC1A6BE01E59C43E2171CEAE068D8213,SA0336036036002192461319,,,
ACB6B3A01292FAD0A9C55A2A14A8E3B7,SA3810000016700001768700,,,
AC174CF525E5F46ADD669B94ACC5CAD0,,,,
A5DA9BE0FC0A0003016C24EB1D998D80,,,,
ACBCDED6CA8B5EEECB5485C73695CE27,,,,
AC7FFAB99FA64C992F4EECF61750CB79,,,,
AC76417A82164B87E12BBD5FA7277338,SA8830100991104256917627,,,
AC577251858D02500EDD9AEE14D9D7D3,,,,
AC8FCDE628287E0B04CF731E4C8378E3,,,,
ACD0F86AB7BCE618B64A343CE160E3E2,SA6580207577846222121018,,,
ACF13502F02B48BA58868A5E0F7E42E5,SA2305000068203201035002,,,
AC44A46B4255FBED584C559F5FCD649E,,,,
AC51BD13EF03B39901492C4CF77136EF,SA7380000300608010930169,,,
AC276D70203C7F8A2AE324B2516284ED,,,,
A5E977AF43582521FB5C9DF872B87C69,,,,
A528105353519E654C02A0BAD250A0FB,,,,
A5F6B8BE06B01C14A34AB5C66D96EC45,,,,
A5D7FE3BB789FE0AF5F01295E5943109,,,,
A5AE2B5A4BB068266A06C4DB9B1002B0,,,,
AC6F13078CD282BB1AA03E4C2574A6A6,SA5180000867608011633401,,,
AC6535792FDB69CA26B6BFB2F071E6F9,,,,
3A2C74D44BF09C9E942B,,,,
A5CDF90F04C4CCEB030555CC52025E97,,,,
ACCC47270A2C89F77C573185B53F39F4,SA8805000010011779573570,,,
AC262227C10DA5826038E865C907200C,,,,
A5B59169467D47CC39BF54671C85F36F,,,,
ACF652D1C0B1EEE48BB2D3CE60A6A388,,,,
AC1FABCD6C09BA14ECEA7D016686083A,,,,
A5C17E7ACF911F625ABD595DB760C613,,,,
AC5A4E2A15F3029AB6F8D43107708F9E,SA7730100803100443877013,,,
AC1947E244087DE10804F2E6EBC0AA44,SA3705000068206999233001,,,
AC7986D7D3A6414AD72FB3E070E6FC29,,,,
A5A00DD93056652784F6874F4AC1B267,SA2030100974017229319854,,,
A5582CD458911DB25281BB5482B7C8D7,,,,
A5D7D08E8D60494B80C5041F19EE8486,,,,
A5048C4D1A243CFD7689EB7971951949,,,,
A5203B28790A72011737CD22D135D6F0,,,,
A5074C9E56077A3B72E25A3BA927863B,,,,
A566EA31DA76E632FE2CE8EF4411E2D1,,,,
A50EF55895BC38B0691DB2F73D646DAB,,,,
A551C5ED7A6384BA9891A624A8A32552,,,,
A5934DF5E1FAE2A270946C874E1C05F9,,,,134
A5C14F31D0E0A6E86BBF5798CEC979D4,,,,
3A9BB201868225EDBF85,SA0878000000001127025618,,,
3AE48AF257EAAAE259F2,,,,
3A7B56E50579D1069029,,,,
AC44EE1520CB95C3370B74B14B101698,SA4780000667608010059172,,,
A51D638B3D1DDA0A861D923694CA8559,SA9430400108038377460012,,,
A584DF9EEBA3E62A81F69AEA22D61886,,,,
A56E0552DD873330E9AC408F88B01069,SA9180000857608010257042,,,
A57176131C3BAF07484C6F79952A87D2,SA6430400108038364150018,,,
ACE74905530A8C6AAB87ECED2B2EB1F2,SA9105000068206287101000,,,
A5FCB15FABC5AAE56E1C76AA48785556,,,,
ACCD8AAC1D480DD283998EBCEBE6A852,SA4120000003435051139940,,,
3AE85A075E5601CA8BCA,SA2280000539608018069880,,,
3AE863C6E1E15A959138,SA7930100991109465669767,,,
3A24D96CB8F67BB9B340,,,,
AC9B5A93942D3EF6DDD9C2CB59E74582,,,,
A517B8E969F68F928C5D991668C360C3,,,,
3A402F404F34399562F5,,1035610326|1091275188,,
3A70596CE97EAFEA4159,,,,
ACE196B038FDEA69E0ADF6CD37BB99DC,SA5415000007778006000009,,,
A51537C9CBD34EDABDB1A9CADF753503,,,,
AC3F0E907676F7F1AF94106D6166F5FE,,,,
3A6052B043449A00867E,SA9180000857608010257042,,,
ACC23E456911FF982147688D07FFD279,,,,
3A2A21CF470062CF2548,,,,
3A140A09727A5684DB67,SA5345000000027568922001,,,
AC86B395B587E8F38716394F218AE1F3,SA5930100803100441052018,,,
AC8DFA2F9C3DE0B547FE680F5671162F,SA2330100974017228993686,,,
AC1DA7CF667343EAA862CF933328A65B,SA9180000865608018914377,,,
AC235429D05371B865F202B4141FF547,SA0915134018964943470896,,,
ACB94D1022C6D662EC62624E703B744E,,,,
A5CC401921F9C9FD3B5F6B7BC8E2A4EF,SA2330100974017228993686,,,
A5B68A2A0803F545A717C7B1B7DCC102,SA2330100974017228993686,,,
ACF4794AF062B9677D1A576FABC6828D,,,,
3AF58A21DF1B5E4847DB,SA7280000410608016094884,,,
3A0F2E2CB0187C277960,,,,
A5FB4E2CA70DE720DDE221AB5FFE6231,,,,
A5CFF4201AE805E7F4E8106D0A928560,,,,
A58B2809CB84337890311C3F5451FC27,,,,
ACC09A5B115F3384A71CF9A23621794A,SA5580000866608015310552,,,
AC4080C9D072796B0AB61F65EAAC2058,,,,
A5513ACE398B2354430704A253BA2709,,,,
AC097E7D838C9FDACE4149B2186D5D37,SA4380206960390222121014,,,
A5A2745DF0B68D4AD8CEA288EF9D8011,,,,
A573A97C3C4216B2DD8CAF94E3773109,,,,
AC365E0784A8BE9FCB0FA94D8E27FA84,,,,
ACE06B21695FF3A1727DA3DDFE6D3E07,SA4510000015500001708203,,,
3A67BCF22210E20164D4,SA4510000015500001708203,,,
AC5B519B1EB2ABB85EF8FA1DF2205DFA,,,,
A528B4EAFEB7EC512B5D737DD83C99D4,,,,
A5A6C11CDEC31219A9FA49E53207A6E2,SA8680201467417222121014,,,
AC7EE998915D5699C863ED6D9E8F03FE,SA5980208222845222121017,,,
A5933708BF8CA240D6F6005B9AF0449A,SA9880208029278222121016,,,
ACCFB566B86D0CE4D06F79BD5D825A17,,,,
AC116119EA3C2600FC575E416C67F06B,,,,
A59D849D5BA63EF9CA5ED511B47A3A6D,SA5030100974017228791246,,,
A5E28034C0CE16A520E9E5635C4DC034,,,,
3A24CCE630DECD4B43E0,,,,
ACCC69C1555F04BA7A65056C241D3304,,,,
ACD5C77474131DA59F603FFEBD2CAAF1,SA8280000568608010521429,,,
A531C419EBC5930D4914A228B170ACCE,SA2030100974017229319854,,,
ACFDAA663D652E0E3EEFB20EC2304CA7,,,,
A5D8E9F2522844E0E2256331FBD50486,,,,
3A1D1C7CD23AC288C204,SA4610000011100109928104,,,
3AC2CF2391183836DB4D,,,,
AC295A1B7461A0C0D5BE1840829AEC30,SA9710000025700001634104,,,
AC635F878C4EBA346AFFC51083F93767,SA7836036036016824096236,,,
3A16404527DD420B606E,SA9710000025700001634104,,,
ACE238CBB0EA1248C28372C56F77DAFF,SA2380000857608016241032,,,
AC24DBBB28C8AE80F625A6BD6127FFA1,,,,
AC57BBA84178D995D5293BC19317FEE3,,,,
ACCC4AAA013F45A9E5597DB9FA492966,SA2530100803100444322015,,,
AC0D8B97ED747A5D7FA7597190D67B07,SA7780000666608016122249,,,
3AF0062369074F01425E,SA7730100803100443877013,,,
AC4BA52BDABE9985874C0D5824CE32FD,SA6980000346608010165424,,,
A55775D0F21A625C1F4FBD2362B90928,SA3710000037700000185210,,,
A5AC98EFF9B04E5DF98AA90C9F8EE32C,,,,
3A829C5ADF16A3F3B310,,,,
A562F4496975BD7D0D23F8779A1AD041,,,,
AC44147645D9D3A5ABE175DC66304E77,,,,
A500557D833C1D9664F89B019F5CB4CF,,,,
A59F1F332773F7160714C653518399C6,,,,
A536382888362AAADDA27DECDFF02E42,SA6980000471608012006151,,,
A5B88E52A972568359378166C10DA211,,,,
A5D1CB525D2D154BC9468270D4351970,SA3630100974017228855809,,,
AC3B24B3DC1550E3C74E903295BD036B,SA7936036036047915098915,,,
A564F7F72A9A2A2CC4F4BFFC6EFF3A45,,,,
AC60440AFDB8E43FA7D5F50568EDE79B,SA4615000007778093030008,,,
A5D8FE2CB0EB03CBC69A8C584D6BBC30,,,,
A5BF360E677DE7968DF01B0C45DFA144,,,,
AC34A1F4FBB0AB04EF9B81E387052DB2,,,,
AC10018FE12907FB28F88BCF4C76BAC5,,,,
AC74E28F6A9876260349480D0948423D,SA3210000001400034489807,,,
A5AE6FB9A27B3064B246C82A756F83FB,SA6605000068206995410000,,,
A58AA78C5DF38AA5187E72652FC4F0D5,,,,
A57C27C43ED0E7703F1E1A6433297BCA,,,,
3A0760C5434760CA1223,SA2530100803100444322015,,,
ACAC0B8B601506ADDD3AC15DA2CBB404,,,,
ACE97F122074E22E111F88BB9BA88D5B,SA7730100803100443877013,,,
A55AF42F8D11C460499337BF3FB8A420,,,,
ACA161D6A80489FD92B583E077217616,,,,
AC18C269F1CFD38622A2DA6780EE52F8,SA6980000471608012006151,,,
AC3CA8FE46B05CA1CE8393B89AE8BC0A,,,,
AC542266C717C2DDD790C799A84DB906,SA9110000045800000805603,,,
AC8D2FB0F0C94224D21E34261131CE6D,SA9110000045800000805603,,,
A550B8573BC92DB68778E90B0ECFDAAF,,,,
ACD789D4D8D7B8E1895FBECD01F658C9,SA2530100803100444322015,,,
A50B7CE21B24F1B7AF0B3E97D0604A69,SA2130100974017229162405,,,
A52820B16DF087E4CD7867BB4DAE95AD,,,,
A540CAD0E4322E8664BC15D4BA02AE59,SA3180000220608010315483,,,
A5405E4C358AA6301D1EDA08CB357CA5,,,,
3A54C9D47E5C1BFB4E61,,,,
A59F3288F3250B1F6E65CB3B7985F5D3,SA5230400108038378840011,,,
AC2E8FF80EE73A64EB6CBD8DB0F9B331,,,,
AC2F207453D31A76762A37FE7969E21D,,,,
3AAB3D7B3DFB29F6CC40,,,,
A5C5E635EE2A57ED2F6A6D3255568822,,,,
A5B369390E5D36D6A94244D744C2C240,SA4215134018964216348893,,,
A5D9E471DFF7FDA246C8A6C34A210B5E,,,,
3A4F2AD73DEDEC2FCC51,SA4215134018964216348893,,,
3AFC5725904FEE300B82,SA5580000859608016613030,,,
3A55BD75C43773CDE225,SA7080000859608016537973,,,
3AB884E96BB8B187B424,SA2010000001400034286905,,,
A57E52F4D32C48C9C8C511D1FD85377A,SA2630100974017227063429,,,
3A88D8BADC5F937499AE,SA4780000221608016822002,,,
AC425F7A8CDEDF1E187B5428DFEB9FCE,SA2630100974017227063429,,,
AC2BBBB8BD5B0916176AF4CCBC727A26,SA2280000142608016173980,,,
A5E870420BF6D4B6729E2B91985ED9B2,,,,
AC4F12FE55945FDB2AC82D0EDF3A6A1F,SA7510000041200000256907,,,
AC131A15C9B0A4134DEB2EC8FFF95BA6,SA3980000169608010446802,,,
ACAB2792F35F22A8FB26AC26C1F5969B,SA3680000642608010012411,,,
A5E4396DB4FB93D99F8669624F07B1DC,,,,
A5626A68FC21A4A35A67AA46E5356652,,,,
A5631C934DC4B05767F23994A9FF3380,,,,
A5D117D34386AC5797C2A732F4B0E2BE,SA2530100803100444322015,,,
A593B39457F86015CC49AD1041679572,,,,
A5FD8F6C7585376D44E73C92A753D6C9,,,,
A54102991427A8D3A8D1210C4A7F86FE,,,,
AC488E3C8B72D350E0EDDE17D45BB4F0,SA2530100803100444322015,,,
A5672E87D7B5AEA6641A9EE9B8A9A1E8,,,,
A5FEBFEAEFDCE4FC9816A554EB4A88F4,SA9260100000682178801001,,,
A551CD7DD7650A1770D571F049DBB2B8,,,,
A5B73206F0807387823C2EFE319156BB,,,,
A52B3077D2B4D9776935B47C3C2FAB71,,,,
3A6AA211CBD47A962524,SA8210000015353262000104,,,
AC6BE33C4F2919321A9573F3782AC07A,,,,
A5F115E8D0C0F48D0D0878A346AE07C9,,,,
A5B332F8A08019212EEEE9F7ABC3523F,SA2530100803100444322015,,,
A556795EEEEB7AD9961D198843D16367,SA3180000220608010315483,,,
AC3C9E941E24861A3BD1BD6C07C980EA,SA7310000095400003045602,,,
3A191143B73DE6233FAD,SA0930100991106397386621,,,
A5400B276148D818EE0C54AE9D241C7D,,,,
AC06A27BADBBC78F634E0FC939334284,,,,
3ABECFBD1D15DCB146FC,SA4036036036000331501006,,,
3A861A5548AA2F791613,SA4036036036000331501006,,,
3AFC5E6F4BA27C05837B,SA4036036036000331501006,,,
AC41FBFCA0CC17232DEDFC45515708F6,,,,
ACD67070C2A5D8D00915F49669C61513,,,,
AC3A37CF6DEBB05020A4A2626942676E,SA1736036036030931114824,,,
AC52A630F437E4467CAA198AE2CCE241,,,,
3ACCCE8A54895B663404,,,,
ACE9019CA3E47C0C3682E945A0D31925,,,,
A5660F0A3E2E990D9033F09D57B9A30B,SA2730400108038393560017,,,
A5B81AB8E7F3CE16D7403004C2D0A3A2,SA2530100803100444322015,,,
ACC832AA72A4C37CEDD3E89DBA69CFBC,SA2530100803100444322015,,,
ACE0B31AFABFE120902266DDAD63BBC5,,,,
A5F1F928F2920342E5F5332B5E45B588,SA3780000859608017916549,,,
3A2C9F08C7BC51B00363,,,,
A55B933855627001A3D4B43024A04A12,,,,
A57AAE92381ACDC676A25709DF16FE3D,,,,
A5D0073D0A4098AA352B974AD4F879DD,,,,
A5EA3AE7482C62F658F4D5A809D0044F,SA6605000068206988468001,,,
A52F1ED68E8E10853F28CF5AB5C48483,,,,
A56D5132634E958A911ACF842AD9D66A,,,,
A547AEEF9FBBBEBEC52E656CCDF1912E,,,,
A5051A304E6644D42551AEC62BB3F47F,,,,
A5C98AC1243DAFF2E052B071B230A3E9,,,,
A5084809743FF976A89BDA26C9FFA1FD,,,,
A5359DC02A7911F73843593DF085F9B8,,,,
A5039D00DC4B371C3476136C7122FC41,SA0610000096500003885900,,,
A5B81FEE7B6A1BF9C3156C550A8CB658,,,,
A501E826B78893FCB57842D302E0EF9E,,,,
A511820C9A1750BB678DA8681F86EA3F,,,,
ACB56595EBC7F8D61483A9B53F4A52F8,SA8680000698608016126598,,,
A54C1EE663E315A8D2A4D5556C9C7DEE,SA1536036036047623231820,,,
A55D6B605D57368A8A65832C0858B4F0,,,,
A5F5F73D8945AF6348781AA8F94B08F2,SA6810000000100000345806,,,
A55A5ADC7B43960C1B5E5646BB9A6EAF,,,,
A5B910174C5439523607A0CEDBE3B972,SA0710000001400026822601,,,
A5D3914B2ACAAF32A68CDA5DEE45E904,,,,
AC30154220E865E4F43390B9D92ABF35,SA2130100974017229254070,,,
A5DDE18A25624909B38CCD45C4FF73AC,,,,
AC8E1F0DF99972005F5B13AA27F8D334,SA2210000074800000281304,,,
ACDDB9AFA2122069C278F9875A74879D,,,,
A5CCCBA8AEB4355E81E358E9AB973FC0,,,,
A5A5B8A45630D8153F010AB4A74F15B7,,,,
AC09FE772A6009F4D3C63CC5CB878D7D,SA7080000856608118735577,,,
ACBE35A458F920F6CC9E39508404B9AC,SA7905012000000111380157,,,
ACDBAE8475415F7B5FD4A74EDFAA890E,,,,
ACD2DC6984CA7A13145F84B18E99E770,,,,
ACF664B9A02A4E175790C4A9C178C9F2,,,,
A5B9302ABCE38F3276C3EEDEC62B0DFD,,,,
A5A2E5AC94D726BD01EC61BBBC78E2A8,,,,
A576C61EFED8DBF8886D32F40839F759,SA7915000007778071460009,,,
A5366CC55648A1263D337E07D8C74909,SA1080000866608010761189,,,
A546EBD15BF1183639F846EF81951438,SA1730100974017225925684,,,
A5E26173C4ADAF8FCBA1F510ECEBB21A,SA3015000900146183370006,,,
A562ACE8C24A96D325FAC0A1C7DC1824,,,,
A526C6124B7B62416437DE43F213F8BD,,,,
A54655BEE6F61A859E34102954329EFE,SA5010000011100110866507,,,
A5F4B4CF3CDD6117E264EEC3FCAED4CD,,,,
A5F3A968E7F78E640F97ACB49D41C293,SA8310000011100520742905,,,
A59D4835D44B0594D2738801E24E9535,,,,
A5DED0B889697A36285C83E4C1F9A354,SA6530400108095655140011,,,
A560CC78AB8D7933AB530E8D110C5496,SA5030100974017227937258,,,
AC364F2CCB1EA98EBE69FC284B3D04A7,,,,
A56B06763FDBD539A432680159C005CB,SA3205000068206999624001,,,
A560242EF044099D1A4769A97B87F0D1,SA2530100803100444322015,,,
A5218C4E95A34E98D5C9EEE55EB71D8A,,,,
A56879AFEED8CAC274BE78506C20CAB7,,,,
AC3BD1232372A366BB8CDA6D559A22E6,SA7380000648608017553486,,,
A5327E5D373B7ED0EA58540CDE987845,SA8530100991100395660312,,,
A59AA7EF351F0B48B78BBA4D2F094D4D,,,,
3ABE3D4F58660E032ADC,,,,
A5C9ED7547BD58EAE2724600BB0FEAEB,SA3210000024800000623803,,,
A5A5EB807990494F9A30FAE14970E2D0,,,,
3A45663F487C2A72E5F6,SA9645000000057342891001,,,
ACC11047C90A95131DA483EDF53330D1,,,,
A50FFFE6B3DAE1F661E808D7348C80E5,,,,
3A8553E990E9D05FAA90,SA9180000365608017541219,,,
A5DE31ADC7126141358A13DB622F85C8,,,,
3AB0365CE5B27B2B55DD,,,10477189,134
A51AA82A9489245A742A0865E27E4BA7,,,,
A513530F35FE5CFAA5FA03269E09369C,SA3736036036087828605836,,,
A574D72790FA8D00ADCFA7A68EA436CC,SA5630100974017229086406,,,
A59E83C5AE2292F5B4BAA0F1F7DA84F9,,,,
A517402FD8A611EFCF1FC05F51D94263,SA5715134018965258944199,,,
A5F819DAEA9022098427145FCB4C7E5D,,,,
ACC976D04FD009E34B181415E2FD8CE0,,,,
A57F03EB7CCC6A4D861D481BD646B620,,,,
A533304DC6E13F99D32E7B0918ECA2B8,,,,
A53878DD3D69BEB5CAFAAB62330C2F84,,,,
AC889C36A674853953EF074A3A8F62A3,SA3736036036087828605836,,,
AC70CC7D61D5BC111F82B13CC75E58AA,SA4280000161608016023678,,,
ACC481324EDF1082FD69792FDC111929,,,,
A5A38E30849F6E547FD150C951051B19,SA6045000000826126229001,,,
A5306F74E1311AB8F7C20FEB28E5209D,,,,
AC72863BA92C2A66997102807DF566C3,SA1230100974017229790448,,,
ACCCEF281C93B73BCCF7F0BAB50DE378,SA3205000068206999624001,,,
AC8E73F104B64A1B2E5748C163B3E27D,,,,
3AF2571B7CB5B4BAF661,SA4678000000001019216612,,,
A5A427DC49AE3C4DF239B1B021761440,SA4215000900146313970008,,,
A5D7B53AB16A2B76056F959CB5B84BCB,,,,
3A8D38A755FF43183028,SA4115000007777444310006,,,
A54464AF36B2D19A513564487AF49DD8,,,,
AC11B3C861F707750487B23A0C26417E,,,,
A5B7E6F59FDC1B25A09F06B82C8A71F9,,,,
3ADC49AAC068E2589028,SA0779674076784667841646,,,
3AD9D7B21738F167D09A,,,,
A59E5A4E968B73B3630882511A0990CC,SA2010000024800000624407,,,
A52D9B14F2D5D3DE735F1EA78D316FBC,,,,
AC998FDA577C5949ACDC1D8753DCDA41,SA6980000455608010101483,,,
A5E36ED978083000DD7339B602056745,,,,
A55C17BF0573219CF179AB69B1F500F8,,,,
A5E6400A130417755C236E3A525401D2,,,,
A5EBA80CC6ACB1E8EFD8E103C6B46C13,,,,
A5541EB927E724B3DCB00EE6975089EF,,,,
A52A3725AB438B7191A4E9DF26B61026,,,,
A511EDBA01782323016F255EDC8EFFCC,,,,
3A87179A0B9E00043D32,,,,
AC6BE169CD5F24C44CF8C16622618E3A,SA6680000249608010154517,,,
A5373D0A265602BA6B97178C67548B30,SA4580000130608010705500,,,
3A803E299E9BD8DFC685,,1045020573,,
AC265DAA551682AD9E0F242AE9C481FB,SA9180000630608016083154,,,
A57A2489A3245AACC602B91A93256A7E,,,,
A52C04617512577825554FAEDBF18F51,,,,
ACD5ACE89CB52ED2B5C50D2443619EE8,SA2780000455608016286668,,,
A55C91E3B0E3B0BACF09795512958DDB,,,,
3A7D2EFCA95500F68A9D,,,,
A5FF055014316FC56D808B594BB258D8,,,,
AC8F9D218F82AE8DF8B6D0C5DF7D4353,,,,
ACBBFFBE33B248239203EF7493827A75,SA0330400108061018320017,,,
AC55E09D774602A18335CE7F2428583B,SA7730100803100443877013,,,
AC458F091C8DE1B1569AB1CA6A73C9F9,SA1680000243608016029552,,,
ACD78E8915450A0989DA868289D4C022,SA5880000365608016379074,,,
AC4DBF6EEAF043DF652112A0373E22B9,,,,
A5DFCB282A288446F269F0E55F73F288,,,,
A5C1BD6269441F554A8EA752531E3DC6,,,,
3A045E5FD7FE78E6615B,SA2530100803100444322015,1045020573,,
3AA7DBFF2D8BD35A147F,,,,
A54F97F527EBC2FBECEDEF58276F740B,,,,
A5A5689D29136A84F59DA0CFA40596F1,,,,
ACDD69EED0E6C618B89A47A6B13D9954,SA5960100000682228155001,,,
ACAF603D0869A7D09FA58C6CB50DA454,,,,
AC262BB5C465CB2DA752571F814736B3,SA9010000024800000624505,,,
AC8B31AEC118794A042D939B81C23736,,,,
3A9BCDC926432A187290,SA2530100803100444322015,,,
A5ACDF890FED11B78517FE1946A57AD4,,,,
3A371BAF3ECD9CE5AC2F,,,,
AC58851EEE0B7F21BBC0DD98B23BF503,SA1836036036066243783222,,,
ACD2A076F692F60CB3E2268A71FCE0A8,SA8430100974017229771692,,,
A5048CAF65ED4E4DC5ABACD533AEEEC4,,,,
A51FA6AC8D6242C19430CDDF0189909C,,,,
A578C13DCCB93E8CCD2A512238612C4E,,,,
A5FE000B0F0F617D43A929CE6F8DDAEC,,,,
ACBE18388192626DCC5679688EDC4B9E,,,,134
AC333CDDD6646076842F43E5118DA366,,,,134
AC4F8B74965B91D3C36771907EFE0B59,SA0710000001400026822601,,,
ACB84DDE803CB3276C9DBAC9CC3B9FC4,,,,
3A80D8C3B3C30276BBFC,SA3110000019300000142006,,,
A5D6525007B4EBF0DF4B7CB94BCCA206,,,,
A54C57D866BF929BDA0B733C65C3CF1C,,,,
AC56AA4AA202E0F68E2A24A287B2B917,SA3110000019300000142006,,,
A50B83A53409DFFFC7F422911E37A8E5,SA6130100974017229793834,,,
A5C785897653BAA6DF123C1676DA352A,,,,
ACDF0F04F241AB4C709FD9E05153F3F5,SA2530100803100444322015,,,
A570709818E853882D59CF9BA657C906,,,,
ACDAF0B62BB71600CC483D3E06D2E9F0,,,,
AC5FFB5B907FF559412B8F8AA04234F7,,,,
ACF33DE2C0084D8C47BE15046952565F,SA4910000025700001633707,,,
ACBEFC8DF61956BEC023B272EE611BCC,,,,
ACEB63730E171B6316EBC7A599960AFD,SA5930100803100441052018,,,
AC9F9DC0B026148F51ADC48154557CE6,,,,
A5B816D4DECE7F538757A79B47EEDA1E,,,,
A5788B94B5D92F1F16E1CA6B646A156E,,,,
AC24D5F123FDA1C486A99726CEAEE1CB,SA7210000062300170597703,,,
AC9BB250BAF7D6D2D1909AE4A811EB8F,,,,
AC3C86EE353574E26ECAE5FADE8B9057,SA5820000002903155179940,,,
A51B750859225364C0223AE26E6A6B61,,,,
AC3A3476E54E3785E650802A9144B0EE,,,,
AC9C653276AFD8DD7F6696999492AB29,SA0605000068206990541001,,,
ACE08DD6753BA80758D92130B3BD4BBC,,,,
A5CFC16F02F3668EC074F01A4620A6A5,SA5210000015300000795608,,,
A5A68AD37CCD7C316145EBE64EB21054,,,,
A566DC1B71A61451B8F44AC5066E753B,,,,
A5360C8E3051A01984D479EBD7766E79,SA8530100974017229967420,,,
AC5C653482268F5F81F93FE7683174B1,SA4405000010011787415551,,,
AC41054953A0612B06B915FD645E7DDE,,,,
AC2F891B7108D02B136F00F0B76C95BA,SA8315000007778164180006,,,
AC685EF1F365B154DBC2491165F7AE98,,,,
AC853DB7783D0DB2DE4C07E3B8F5A171,,,,
ACEEC6991ACB9877EF0216042C04185E,SA5210000015300000795608,,,
ACB9DFD117F48DD6BB77814E161237FD,SA4380000119608016007039,,,
AC33E881D13937C29FBA1A5F4B631905,SA6815000612122205550008,,,
ACB93C781D77DD09AAC0213B8E0E5E62,,,,
ACCA4CE8809245A78924EC72F914C865,,,,
A502709FAE2A6125BB7F68A154843EB5,,,,
3A7A383727AA9273727E,,,,
3AD9C43500193D82B54C,,1110662804,,
AC847A88CDC374BD71DBD0A17793665E,SA6030100974017229613626,,,
3AF1C30DF38092723E63,SA2080208230777222121012,,,
AC4F6688F6A35143281502FF2536336E,SA3480000188608010302382,,,
A5F5AB1E987E285384C45EE0DAC9258C,,,,
3A453105BDB8FC7AFC85,,,,
AC5A06C7CE6ABDE501B0449CC8808CF1,SA4910000025700001633707,,,
A579A092DB869D4D4D364D160F2AD1F7,,,,
A5995F2F409E8A8257F4787B3FD35C5C,SA5205000068207006360000,,,
A56889DF5E40FB0BF64223D6AABDF2F2,,,,
A5C30E1CC054293A815183E5A73F1444,,,,
ACCED83FC388DBAF560EEBF40BA8A3AA,,,,
A55CCB41EBA7C43BAF938862D32E0D78,,,,
3A9A4B62DEBF7FBC0ED0,,,,
AC9B7516E511E66453B70996C38B2E19,SA0215000007777769930008,,,
AC031058FD636B0A5E4119AFE53FE074,,,,
A57CEC84095E4B8E2DDA86A5E63797E5,,,,
ACBFDDC0F47C5CEC47C377240FB4F7D6,,,,
A5A583D2DFC105C46F1808B84307ACDF,,,,
3A8960DA7510F9F60903,SA7730100803100443877013,,,
ACFFDB0602DF8EB132E5EB12A255DE19,SA4280000268608010062237,,,
AC96622962137074EF4D9105FBB259E2,,1002063350,,
3AA0E4F4FA5545F91ECA,,,,
3AA3A8CBA8CEE721B233,SA3710000011100263542704,,,
3A8A904ACA1F7642C1FE,,,,
AC3C81048115FEF1B060A88079621B19,,,,
3A7B07355469E357E205,,,,
3A0F94CC50F1AECF8435,,,,
3A424A24B5C76A56B939,SA4280000268608010062237,1061528962,,
A5C63B79B89BDAEBADF2492470BE4436,,,,
A5E8AFF8A56642A96551FD4F279EA9D3,,,,
A58B3C41B317ECD0416AEE3098B6CAD9,SA0915000007778005500008,,,
3A9BD2037CD8FC7E28BB,SA3193000067660079863000,,,
A5D97FB249F85A72A26452E20758457E,,,,
3A7FFBAADD1408C71A54,,,,
3A4DEF8070922FD3DA53,,,,
3A42CEDA2FF313741B3A,,,,
A55AA9F39E845947180C23CA023354B5,SA8780000163608010076183,,,
3A295244E8F02693330C,,,,
A534BC857402A0F0EF2F9CB0612A766B,SA2010000044182860000108,,,
A56FA280A49CEAEAD9A9F1DEA1D86973,SA5993000023048698141000,,,
A551F4BAD12DABAD5E5A221ACD0C2FAA,,,,
A569540C8CC5D30A9951B944E3C69413,,,,
3A967790B53AD2691137,SA1880000242608010440038,,,
A5D26268F7604097E0DD4ADEF6FC5D2A,SA2010000044182860000108,,,
A54E1F463FED33C4C2C95B00BB219DC5,,,,
AC527E34720CB77D378F6EDD7C89D0AB,,,,
A5FB136B65FE6F64423F9049767C7588,,,,
ACAF81201B48BDEBA489ABE16E6AECF8,SA4915000900117898760006,,,
AC490607A971B1A4880A9EC973F760B0,,,,
ACBEB040B5C117FFBAD5873831673320,SA9360100001682226180001,,,
ACACAD60F3EA680C510C596BB082C312,,,,
3A99965479412A642EDB,SA0415000007778185590007,,,
3A65908A78BC1488EAE5,SA0415000007778185590007,,,
3AD397B9BDCCEE8A9A28,SA8480000867608012273686,,,
A5E7A60EB500382644CFA5F3168E733E,,,,
ACB83C21C85A131A47467C137DFB1B80,SA2530100803100444322015,,,
A554C9F0234BD7E93C88B05D49D8C49D,,,,
AC1731C39DBD3A031E7D7B3865C7176E,,,,
A51AB330703CFCE47110F68E2EFCC0AE,,,,
ACDB85BAC7B6912DD76B3260339D6348,SA5715000007778170950007,,,
ACAB8D4BE442CDA3CBA4AA56793D742A,,,,
ACAD22592C6F94E01D47C69AE1CCADD6,SA1580201364957222121013,,,
ACB108FA5955AA901593F68EAC89F523,SA3193000067660079863000,,,
AC6EFE86756EAFD4680DDDC8099B803A,,,,
3A270040C01400CEBE02,SA5715000007778170950007,,,
AC3C9D5C0A340A968735B5EE23F52087,SA3380200411720222121010,,,
A514164B8AA1C5B802CA1DF6FF1D20A1,,,,
3AC50D45791E74989E2E,SA5336036036031037158359,,,
3A3673D16F4BEBDA6829,,,,
A5A5864E478F01560C4EB067C917FA4D,SA1580000524608016091859,,,
A5D6B039AF433B4F3E7501C49CD917DD,SA3215134018960676095647,,,
A5B6FA814CA71F3285CE522CE75CB640,SA7705000068200062503000,,,
A532D411C233DD4CAEE72D6024A26A27,SA4905000068207000296002,,,
ACB6AC2755B8061670307DFADAC3A022,SA6930100991101179528561,,,
ACA2A9BE43F4010DABB9B935A8C24AC6,,,,
AC0F3FC3C7EFF35F8996B602EBB4EFC2,,,,
A5AFFCE1D96E73D949886E8D989C0BCB,,,,
A556BD17B0CE9C448E4C56C9FE9E8F55,,,,
3A50CBA148539C940D18,,,,
ACF491443755AB6B33F83CE046E6B45C,SA9780208206278222121011,,,
A54C075262F775D1E72EE00700AE1C0B,,,,
3A2272C46FA21DA5E206,SA3680000525608010267454,,,
AC44290B4DAE26078A99B81E2AAE5A44,SA2905000010011783760570,,,
A5F26C54D0882E4599A8EF4DACD51AF0,SA3680000525608010267454,,,
A5BAB9D2C8D274A233219BF5D4E4B3AF,SA3680000525608010267454,,,
A546F1936E4674D93AA91E414734175C,,,,
ACAB813BC9085788AD7927E4283D56F7,SA1580000524608016091859,,,
3A7B4DBFC2D423501097,,,,
AC1327DCC3559A9A52C28B71B6C09FC9,SA6380208241892222121016,,,
ACF4A43F04287EB3DC1BBF6B495568CC,SA0280208227246222121013,,,
A58E216ED9B943888EF74D45EAEB7F73,,,,
ACC3C27FACD4468040A40BEEBE17530A,SA3045000000825314842001,,,
A561F958ACD597708DEC2613F557E36A,,,,
3AAD6E5ECEE3102246C1,SA3310000074400000184805,,,
3ADF477F7736BE2E3A1F,,,,
AC46D7535DCDF63DA17BB0E301E1EF26,SA5505000010011788802550,,,
3A959AD65907EAB03CD9,SA7305000068206861119000,,,
AC4C3ABCE1C69AE691512DA2D372BBF4,,,,
AC1FB06881F2BEF3794A6CF47F1E7EA1,,,,
A5AC152085C8F1E032D784756DB98214,,,,
ACA7788628939EAB76ABF4646D2E65D9,SA3930100991101262711063,,,
AC085FC86C39C90AC28BD5DDC741B051,SA3960100001682225417001,,,
AC7DED2CFE08921F29032BDC509B23FA,,,,
ACC766641F7937FEA08CC12106322C62,SA2730100991106294557276,,,
A582291CE1B1BBA054C9A9C72E443956,,,,
A564F2E543F570A32C1D09E4C2C1E8A0,,,,
A5B9ECD7A941BF10A22D20478908ACD4,,,,
AC16374E056FA8493AA72449A7A6E2B0,SA2336036036042104034205,,,
ACF78B39631301AB297AD78D2945BEB0,SA2336036036042104034205,,,
A5A8AFD13423BFEAF58DDEDA441CEC2B,,,,
AC25AA332C6466F9702E2FEF05FB0B0A,SA1180000175608016135377,,,
AC576ECC57C0E4C8B6A694C309E243EE,SA1780000599608016136282,,,
ACE4CD8C557223FB703F5536AA12D1AC,,,,
AC376D976E244B062D316FB50C313851,,,,
AC4ADDCF2141AC00CC55ABBBB9345655,SA5820000001890092999940,,,
AC0EA88851F2BB682FE25981A5B77673,SA3410000004800001344604,,,
ACAF8CBB073E4C62F26890D6633968BA,,,,
ACC8AEBDD2B887CAFE0BA2FBF6D7A20A,,,,
A5549EB801F7FB8BC5C7B8B6338B0576,,,,
A5134B8AC5DBE8337F463DD12F8C8ADF,,,,
A5790E2038D58AA31C95BA8FB7C6632F,SA6780208242041222121019,,,
ACF455528273CB2FF9569232B0E26956,SA9680000350608016368082,,,
3A1EA4E18820B421CFB8,SA1180000175608016135377,,,
3A65D253D2CA48EAFE71,SA8880000417608010123120,,,
A5F5D610123C5F775A737CFDC3B2555F,SA5930100974017230599261,,,
AC5351033B28B7F0E5E361E00563929A,SA2580000103608016486470,,,
AC90F9E9E3B464F128D1448CCD0F1726,,,,
ACD65BC6749FB43D86CA73288B7BD231,,,,
ACF6ED05CC1B9A13E461F539EA381E3E,SA0580201449689222121011,,,
A52FAB08F48EC222A645C4D596226389,,,25177123091,169
A589F20C679A1B17A81F9631FC39A333,,,,
A54457A98807A3BEB7CB7CF41DEA813D,SA1005000068207009085001,,,
A5D67024B71D2FD8F9F89BB2A447596A,,,,
3A7128BF1ADB083DD27E,SA1005000068207009085001,,,
AC23F654CA5DDBB8D86C0D0530B12FD5,SA3705000068206896662000,,,
AC001E31D915AEB7767B1B46F4334078,,,,
AC52AAB481608069D2B075C8F5342BCB,SA8105000068205258228000,,,
ACE5BDA5AC46B6BB145EE68FB569FFA7,,,,
3AA57BAE81D5A2B98AC1,SA3310000074400000184805,,,
3AB7C069BAA63C95476B,,,,
3A51114F773358F361E5,SA6745000000027571843001,,,
ACA18C27ADD50255CA79ED46EAABE275,SA9005000068200947368000,,,
ACF884471E04DB7AB4E35C5CBBA0889E,,,,
A5DB3A7F6507B6A1CDB8D49C2974CBB0,,,,
3AA6D7CBDB315B628CD1,,,,
AC98BC98E41791443EB15556DCBCBCD7,SA1630100974017230795005,,,
AC19722218EDC146B38D759896AB9922,SA6680000347608016335210,,,
A5980DF2B8F0DA1F87B3E8A8AE6EEBBC,,,,
AC921E16E7C86C52712558E60F2B2C09,SA5930100974017230599261,,,
ACD0CF02883366E7FCED91BABA5E43A8,SA6336036036009369256081,,,
AC6CFB3B4066B825E56D10E9DF478F09,SA3180208089385222121016,,,
A510A70326DB61C9C2B569EC1B870378,,,,
AC73AF58F4B6CB74BCB6D1EC522EB2DA,,,,
ACBB728F2385D01E6178CB92691D838A,,,,
A5C5AA72DF032BCD7D6F8CBC4ECE83FF,SA5930100974017230599261,,,
AC0318D506748DB41EF863D31D04A3C1,SA8780000144608010781547,,,
A5FADD2443B734C843C424EB366FDB68,SA0805000068207012187000,,,
A5B90246E60B9A8A5B90104E76D6EA12,,,,
A5A842BE3A23388020363542D2857840,SA2005000068206850555005,,,
A50721EBB5191B73157C06AC90A13060,,,,
3A07466F0A355BD6A536,,,,
A57D2109EE1F0C424C3026ED90C3DA7D,SA1736036036048321018453,,,
A576D60E85402797E671B7AE1BE49622,,,,
A545A38B0FBAD6E0AC3A72419560EB02,SA2580000694608017747990,,,
AC69D84466F4945EBAE20AFCCB6E4B46,SA7836036036046359280916,,,
AC781AD5F204EFFDBA840C9C60FE0EB3,,,,
AC85B1DB9666CB841F65852A2E87AB5A,SA4936036036067682360952,,,
ACA6B394E0F172752392AD4A3EF39C15,SA3180208089385222121016,,,
ACB6F8C01A00C727CC483C9739EC972D,SA3905000068207012537000,,,
AC302C9338B2BE638DB8882415CA51EE,SA2580000694608017747990,,,
A5292AE9679ACE9831FBDC2FF7A242E0,,,,
A572CD48A599626AA6EA30DFD52C7055,,,,
A5F9DAA1F1DE14F5B9B147270952A932,SA0520000006114665219940,,,
3A2C9E625C674793583A,SA2736036036037692563276,,,
AC00CE360DC391EFECF0B01C75A1F281,SA9680000996608014199745,,,
3A5F05A4802573292D8E,SA7136036036058725341756,,,
A5806F0EA7B1601902B44AA094938280,,,,
A5B23B6E809698015CFB7535E5D8699D,,,,
A544597F47B850526E478E0753A4692B,,,,
A523BE08D23FECF65390EA35CB94C7DF,,,,
AC4D36004D56265369AED66D5F795665,SA4010000043800000322203,,,
AC465157D403E115A30ED8B754A2846A,SA3880000684608010107178,,,
AC6A9DE791EFB617501385EC9CEB7D4F,SA8680000129608014884445,,,
AC25A39E2EAB7F742083C02542DADB18,,,,
ACCFBD94E09A4FF4A2B97043E40F4345,SA5510000001400033835710,,,
AC1C0835DEE1FA18DDE9908D66BADB23,,,,
AC1BE9C608C090CB7EF2316954750D33,SA7730100991106074921992,,,
A51E8B9E23D2F04C57446E85E07A8ADC,,,,
A5EC3CB051194281C3125AB8CD9B891C,SA9310000011100074753700,,,
A5F0BBA4A0EB9C30E41705FD55B1D0A5,,,,
A5FF4C9369B625224FF70049CC7933B4,SA4205000068207010191001,,,
A5DF1C9FE004620D42D9FD678152527D,,,,
ACB4F4EA573707E2547346A205E759AA,,,,
A5705CC7CC126BCEFE5F76CE6AA75478,SA3380000524608016116367,,,
AC27381A45D76EC00421B09265F207E1,SA2230400108038311110010,,,
A5A433E710EE1EAC87B3AD41A79D5CA5,,,,
ACC379B94345447CBBB2A30EC1D8463A,SA9005000010011789150538,,,
ACEE7DBB1ED9B6175999A15562E80B56,,,,
A52B117A707546ADCDF0F5B5B77730A6,,,,
AC143F78FCF719B6A82FF489477B6F90,SA4705000068207002913001,,,
ACC18EBC7D024EAF2877E35F854B1084,,,,
A518E95428A2BD2AAD7366D8841024C6,,,,
ACF823F52FE980FF99104A0A19FF8693,,,,
ACBCB1835D2502891DAEEB9F629CB96B,SA8710000000300000715703,,,
AC0FB250D60B1EA1EA098E9DD33B5AA0,,,,
AC4175FB23B1CDE4814C3CEF24F23FE8,SA3110000011100520964904,,,
AC54C8473005B2C4F950F0C47FF82A25,,,,
ACAC17E7DF21DF0D64892336E3F6553E,SA0905000068204560007000,,,
AC3A278597FAB643B44A4B5430D2FCF6,,,,
ACFD61073A04CBC34A8B2CF8C6BD3F67,,,,
AC96AB5DF233A81C9E73767D3483A89F,SA8605000068207002909001,,,
AC9EA59E2DD01AE0A23B2D8A3B0D4949,,,,
ACDCC3D534D5AFB3037096CAC5A0FF08,SA0905000068204560007000,,,
3A851A1DE77841B619E2,SA8980208241827222121012,,,
3A0833C3E0923825ADD0,,,,
A5BF33F8591D78B4F9D611C0F8F1DCF0,SA8080000866608018822181,,,
A5F94FE4571699BAE9124390652199C4,,,,
A50E6D595E76A9F3F60F5F99592EF0D2,SA1805000068207006791001,,,
A59E0D50F392C6E025281A18541DF3F8,,,,
A520ECDBD16CE38953F722DD21C626DE,SA2210000027700000307909,,,
A50ED8B2DD10B0FED8E3569BBA94627D,,,,
3AAFEE3C60A61119DE86,SA1030100974017230973205,,,
A5F05A2CEE3FD3E09BCB82B2546B4474,SA5010000004700001254208,,,
A51687A1C5D3B3266EF16F775CB0E19D,,,,
ACBFC04B22D3478AE0234F475F64CF5D,SA4705000068207002913001,,,
A58B506881F89F474DC111F139A44005,SA7705000068200062503000,,,
A5FBD7B584282B15AF0CDC71F2BE855D,,,,
A55E32C01333DD3DD1896EA490CF742C,,,,
A5D72329B4CBCD7DECCB60B410E32E0A,SA0620005298200000375619,,,
A513E980ED7420BC8734E82EC582A8D0,SA7760100001081906207001,,,
A5543C7DF4DCE28ACB1CF6EBE2E05F92,,,,
A5B4B200E91CC5BC668478D54D7B032B,,,,
3A591B0F30ABC67C3BCA,,,,
AC6C3B8BF227D08F82CF447EA913C4DF,SA3330100991107961585394,,,
A5D4FB2227A6F74D6ECB3B4270821D5B,,,,
AC4CE86EF6FB2252BAF0E60ED3A8B345,SA4705000068207002913001,,,
ACA8ED30155FA95A36744D40E51F600A,SA1310000045600000713606,,,
AC1A764877C8FCB4212EFEC4F8564BF5,SA9510000046600001312510,,,
ACB5A6BA83AE813123BE94A0057211CE,,,,
ACB45CEEE2FFEA0807214799AD684976,,,,
AC829BAE871689047416C7FA70564B7B,,,,
3A0B7702246BC3D699AC,,,,
AC8FD8EBE7E8E0BD9C88D333457C35FB,SA1310000045600000713606,,,
AC2CC59E9AB4B5E389AA1E348011BA7D,,,,
3AC10873368AB300D2E6,,,,
3AEA6CF41602F18CA4E4,SA1030100974017230973205,,,
AC7F5CBCE7E192B65DE6B318DECFC81C,SA4015000007778127750005,,,
3AA75467AD325E86B375,SA3780000857608019860044,,,
A5B4E0F46579AA11CBF39C1380FA1E20,SA0505000068207012386001,,,
A5835E464DF62933F2FC7DDB50D1A0FA,SA5280000139608010149890,,,
A51AC3787C9E6654D1493CD876C84AB9,SA1930100974017227770200,,,
A57C56A36695C1B7D8BD9A438216F364,,,,
3ADDF464A454A529B50C,,,,
3A971377574179C4CF38,,,,
A534C7C499AF64059CDAC219C7F8FE9A,SA9680000350608016368082,,,
ACC2BB3BFA6E1108AB5F86A4FA9E3589,SA3805000068207017213000,,,
AC761005E8B85BB8C7CAECBFA3851EEB,,,,
AC244749089A3C103E04A56952A6C848,SA1230400108038437400019,,,
AC98AD51BECB9AA66444307D4C38C21D,,,,
3A9E04E0276CFD0E12CD,SA0505000068207012386001,,,
ACC1AE8C253A840D3ACAF4C6E840EC06,SA3780208243900222121015,,,
AC9F7F7CB586F62C13E292A679533D14,,,,
A51FD6441A078CB2CF55842014949B22,SA3815000007778240420003,,,
A51733AE2EAA41BA77CFF83338D232DD,,,,
A573F116314F56541B1226E180AA2B3A,,,,
ACE995A4E0DB6069263BCD1420B75547,SA1030100974017230973205,,,
ACB5842F530CEC6C16BB62C06217F05B,,,,
AC341E6926D7835EE5D95C2144497A4B,SA1505000068207003941001,,,
ACA3812577035D4806CA54B190B30EF4,,,,
AC3FD205CD7F4401D220ECFDB0CA4318,SA7410000097900002552602,,,
AC524840CAA649A95501AD0766B6C8E2,,,,
ACFED4C919A81331B933323C77472F11,SA1930100974017227770200,,,
AC6EF7A3C657A7BA0E9F149A3AFC50B4,,,,
ACDBA6398582F46717826BCBC8332267,,,,
ACF00162BE90D9CDCA371E65A425426B,,,,
A5AD5B977A2F7EF0CDD1BC1886D77172,,,,
A57AD095074079AC563795CF539593C8,,,,
A50FFE06646E2BF237EA1C1B987FA226,,,,
A5EAAF5223DEAC0DD1CCC39290248AFB,,,,
A5BE3D93AB9443EDD640924F5E1C8A15,,,,
A5FC5679ED000777ED7EF6A89E8F0DC6,,,,
ACC667863EE47500CB5BCCF6BA7821F6,,,,
A55CF5598A94810707D049EAC8A7AE33,,,,
AC5C692B56EC1B5FD9ED3A0128BFE098,,,,
A5142029B46FCD6B4A8FCC0B36030A7D,,,,
A5515E7269473EA742644A356B4C16F0,,,,
A54987A9C9CFE77F5131E4AB9A02B604,,,,
A5C2DC999EC1B816FB545D2E237C6F30,,,,
A539259C277F140F9C595264C3478CF5,,,,
A5B5AF62395D8F70D0AD1187EF20F9B8,,,,
A506F5BA0586449C0E364B971915DDFB,,,,
AC0BC0B315878F9DD5598DE2F350992C,,,,
ACF54D4B2FDF500E8D5947C492F74E41,,,,
A59AB90C2863A4CC87661A1884766498,,,,
AC681AD48D0EE38C9C7943D6545F838A,SA8780000144608010781547,,,
A535F576A7656CC4A96DC541153F9315,,,,
A59DEA1ECA1D334F173F7F1DEAD98707,,,,
AC0EC00C316AEC326DE7EFBDB66E331B,SA6680000347608016335210,,,
3A3E7EC3EFE07072CA92,,,,
3A468BCFB4059BADC91B,,,,
ACD6E5F816406A1998B16C4EA24A38BA,SA6680000347608016335210,,,
3A739DB8BF7EC5466178,,,,
A5AE8009F697BEC7E5E45A874B7F0571,,,,
A51EEED94B50ADC55687287A6F9856A4,,,,
A5C8C996F7632BB8829814CD3808BF1F,,,,
A58DDEF73CE47532E84F64732805F48A,,,,
A5524496EB1A611D0D15F1D2B096AE9C,,,,
A5D23B0423ED8D076668E5F4AB06F3ED,,,,
A515D29A8B5A8BA5A814E78F1A8D51CA,,,,
AC6FEAE5D74CC384FDAB987275121FFC,,,,
AC9B0E27E370579EEDEBADC45A316D8A,,,,
3A775A9B63CEBEB879E3,,,,
ACA28946BC37D9C2495CC568E8635A8D,,,,
A5B8A4FB4251032D016EBF716D880822,SA4710000011100014586204,,,
3AA5B95AFE10527C8395,SA9310000026200001018007,,,
AC9453EEED8BB6D8638FDFE3C00BFE03,SA1015000007778171460006,,,
AC29F57EAF795C0FFC01BFFAC637BBDD,,,,
A5BEAA6B3B64F9DFB8157D1C14D7B189,,,,
A5DE3C029841031552572D6DDFC06E6B,,,,
A55CC6B0A69B58CB4D3972E043ED2820,,,,
A5AB05F3EF3B57474D04F1C2D3F5C65F,SA0615000007778171110005,,,
A58BE868C4E9B863EFCCD86D057C403C,,,,
ACA63ED5D3EBD1EEF8C3D73E75236201,SA2015134018967516451667,,,
A5A31CE990FF22FD0558882E30CFF765,,,,
AC9B4AF55595ECFC1357B98E250A38BC,SA8720000001524342279940,,,
AC95BADDF969245A6E7F3523F74FF0CB,,,,
ACBEA210722F12EE723985587E976029,SA2330400108094969950033,,,
A549F0DD1BA43AF6E22F2053E69A8AFA,SA4130100974017231523025,,,
3AFEAC7CB466FC2B4B75,SA7080208242650222121017,,,
ACFA2B1C3440A60CF6D82E8AD606EF25,SA8780000408608016040006,,,
A55EA3540158341E98E616FF795D9F0B,SA7080208242650222121017,,,
AC948AB410D0DA5EC7101AC6C0625850,,,,
ACA4D817CFF1E0DF738EC0F01C581A2B,,,,
AC89E48E7604F900B2E5C7CDD9C0ED90,SA7505000068207016182000,,,
ACB6E6A3225A47364B69F09D4E1F6419,,,,
ACF7DDE8BBD2EBE6BE117CEDE05451B3,SA4510000000400001687909,,,
AC07B7221B25C2656BE1755E19BC86D0,,,,
3AF007CF0F1A965D265E,SA6480000177608016423383,,,
3AA1D52787B4C84D5D06,SA7610000017900000398607,,,
A5F0C3A85C302763153A0673388D192D,SA5505000068207017497001,,,
AC474D4765C5E5A06C4C0C2C34FE882D,SA8530100974017230630221,,,
3A6C93B0DF8DB6960A22,,,,
3A4C4CE47DF913EB4D29,,,,
ACA5D049BDA8FC8CDD9FCBCFE310D3BE,,,,
A518AF8949C8778C75BC7A82C70FF99E,,,,
AC1EFAA9729C14D93D8844EA101F74FA,SA0580201449689222121011,,,
AC0CCBC3185C6E31D0DAC8CDADEDD133,SA4780000102608010166186,,,
A5F6DBA2CE97E54669532652EE39F536,SA0730400108051831800018,,,
AC611D4DCE710591FC3134E6A8455272,SA3280201477625222121010,,,
AC072CF6A8ABEC00CC07241BCDC4970D,SA7130100991100069159922,,,
ACA6DE7F702D867EE692B57833462796,,,,
3AECEB4B71C345E136D1,SA6230100974017231423804,,,
ACFE8D9E3AC3A121BFE1C86C43D3929F,,,,
AC3608701B64088EA48FF84C20BD57A0,SA9280000867608011094604,,,
ACA2E5EF78D52A6FB2D36D869EFED0EE,SA6180000521608016036667,,,
A5CDD3E12B96DB2D033775442EAB8D11,,,,
A556EC29F4BE4FA38D6C762757E0ECAC,,,,
AC2E084D0E7E3FFEBF52017937207230,,,,
A50A395640EF0EAA89D9D4DE0D5262E1,,,,
A531AE09F5CD3D54AC0A61F60F5D0CB2,,,,
AC5F8EB62681259F0E309E8EEDBD8FE8,SA9210000016900001276607,,,
AC981398A9F094B1B9BD6D9188DC9BA0,,,,
ACD9226BB5B82DAA9BEFCBB1D13EBFEE,SA1780000320608016263819,,,
AC362EE5188067E964D0AFB596CBED2B,,,,
A5602B3D752756BAE40F6652075F8A99,,,,
ACC87BB0EC5A3E30C9385FC767EC5E6B,,,,
A5ADEC751B8BCD21DB85EF4D00A98961,,,,
A5EE8AC4B5096156716B84F90E18D924,,,,
3AFBDA95DF1D75EB1941,SA4205000068207012034001,,,
A509F3BB006F2649A4482390699E567E,,,,
ACFD3D357C01DB99412B145E52D546B1,SA1260100001082231390001,,,
AC37FBBD4D45911967B5E97D450982FD,,,,
AC7557C41D2D823148818F7001F3BB58,SA6180000521608016036667,,,
AC3D7CF268CA502E763B3B93CB69DF89,SA9145000000027571363001,,,
AC946D3F093F40C7DEADF30DE77E60CD,,,,
ACE96E48B6025D97DA339F2C4416C744,,,,
ACDC13E9599178614081D108415553DB,SA9145000000027571363001,,,
A5B63AE2FD8E8776F778C88DC62ED315,,,,
A5146048B8239BF395CF235B077E92B5,SA0620005298200000375619,,,
A5D1DE1FDA644A717A90A227DCA42B06,,,,
A567B0BCE92D6058201F8CAB8B24FBA1,,,,
A545744061B2BB30F02C28024E52A4FF,SA6330100974017230329820,,,
A51FCCEC8AE977CC9758761BF02298F9,SA8460100000782231648001,,,
A5709C8CCB3DD6BCD39867F04EA7649F,,,,
ACB8B9D8BED489772523C079DE499718,,,,
AC11869D358E8C13CFCA3EC89D446292,SA5315000007778209620002,,,
AC2F6235F7D25607F9792B1E980E77F2,,,,
AC3DFC06E9284407D9B691980A4989C2,SA7080000856608118735577,,,
A54C7CA327DB33F976B5AB68ED90D84D,SA6180000521608016036667,,,
A5CEEA246C39ED7C870FDC80C23C944E,SA0915000007778267830009,,,
A5AAE5AA9F7895CFBEC897B00F335E28,,,,
A5698E19EA2FD5D9B94B4F1307E65657,SA9205000068207017533001,,,
A5234ECE928ACE874D8253859AC777AA,,,,
A59433C9281C24CDC4F093DDF2D98546,SA3060100001182230755001,,,
A5879E6267DFC8CAADAF0C279C56446C,,,,
A5C6D761BCAEE2E2C70D2D8A2CAD5C1C,,,,
A5000116DA5662927A281DF225B5DFF6,SA7910000015500001719910,,,
A5809D288A9FA5BE1EAD79566461F270,,,,
A53F821B9B4197A88110AB2564FE172A,,,,
3A4B676E0506CDE14951,,,,
A59AE70FD742FB1CE7EE38603B57A165,SA7905000010011790770539,,,
A5045A9E9E41B67B6C07CD35ABE2E61C,,,,
A504F7C1EB369373074471E89BB4B01A,,,,
A5433E17C426C345E2D2E1D87D02E472,,,,
3AE69B80E7D6DF699ECD,SA4205000068207010191001,,,
3A21D9B4DE60E1F07AF7,SA4505000068207017115001,,,
A570B638FA219844C2949749B2DACB24,,,,
A522B21D2D2F83B89234A59AA252456C,,,,
A5551CFD7AEA16BB4B3735E8CC01246E,SA7915000007778273980004,,,
A5F4B6445A22885F192F6BB1C9F759B5,,,,
A5AE2B37403EFC9B0DC3D292414662F0,,,,
ACA6F33DA5AC59CB12E55C42050E53EB,SA2915000007778274760008,,,
ACAEBFC9338E802291A1E7CD26465E6D,,,,
3AA6DE24B68D0967A229,,,,
3A2E62007FDC3572C21C,,,,
A5035B184ADE8BA1A256781F79546824,,,,
A5592A39312C373986A8BD547F4BAD5E,,,,
3A54D5E34AF6ED9DE1DC,,,,
A554C319B848305B19D41B3C11AF3999,,,,
A59F41EDEFA29171BFA432AFC0B92246,,,,
ACA7672DEDB4FAB89840F54A82195413,SA8910000011100261523004,,,
AC9774CBF5EA26C40B9D58B74C70DE8A,SA7410000011500000097002,,,
AC17E3C39F35B202E3618A0AC3B640B7,SA3780000119608016696138,,,
A5ABE27C4DFDA2885355EBC6B374FF39,,,,
3AD417399C75771AAFAB,SA5460100000782230793001,,,
A5F41E3AB3C54E6DA571C82A5E2D3D41,,,,
A5F4C03C902F92CD264C6A93622BA26F,SA4010000016400001382910,,,
A55E0DBB670D3F3254E3DBDCC006ACEB,,,,
A55BBF45EC74A292835FC962EEDCD8B5,SA2360100000682232755001,,,
A55E4186CBAE65ABD9106F508708FB00,,,,
A52D090F075F084B43DE8B1B2E83B0D3,SA0345000000260377973001,,,
A5CB020C5411CA8380561A963A47276A,SA1980000859608016819124,,,
A5C969457EFAD9D80349E6AD13B2B389,SA9310000017300000036021,,,
A51D8F2727A90A681CAE0A0BEEDBDFCF,,,,
ACC3E51D9C612B64291D971414F43B74,SA6680000671608017245554,,,
AC3EC4909998600B05DBE137BF3F8341,SA8330400108038452480010,,,
A589E7CF2E6DD385A0F5690507CFF8E7,SA8760100000782231685001,,,
A558B0F3C3503F55804869E8006BD328,,,,
AC3B4B99511A8FE7B82041FB47768170,SA7780000130608016481080,,,
A5D3EC78FB8688174A02C208A9D49223,,,,
AC0AC149682199E3B419C073FD0A9EA0,SA6005000068207010565000,,,
AC3E057C7CFCDB8CA0B6778711BF02A8,,,,
A5AE0B39B3A17AD88991DA90B123FF34,,,,
A52C3D2AD6B26708CFFFAE22BF1B87B5,SA3336036036064778872850,,,
3A10EB5D42E1059B449F,SA5310000000600000467107,,,
A58200FE9D3857DAFCC9D618BF6E017A,,,,
A58E3BA41D4C1CB60E7043F086C59E22,,,,
3A331F26F155F0B2C333,SA6760100001182231567001,,,
AC583F624DBDB590FF124947BD3D54C1,,,,
ACDE9E1BA3B19C848521CD970D8BB4B1,,,,
A5A9D678EB956BB9FA13E40C5A51A5C7,SA4815000007778274380008,,,
A53590229C91F9E33095650DFC6A092D,,,,
A5AF25C28D5E6A0DA216C505364E06A8,SA3045000000352676910001,,,
3A25E3E43A79919C695F,,,,
3A334DA47D55C8A21F32,,,,
A532C57DEBB468E42CA42F82D36AB179,SA0830100974017231644869,,,
A5B2D2A5B56C91FEC6FD015BC6986EA7,,,,
3A08C475FC78F89DB831,,,,
3A3E8C3997E47E2C947A,,,,
ACD2533CB4D4B8A1B8F9A0426E4AFCDB,SA9615000007778209730002,,,
AC63FA797B5264104654791E451561DF,,,,
A5EDFB0931D59C498728EB6BF1C1CEBA,SA4180208242520222121012,,,
A5C373F998A33B1ADBAFC64EBCA18DB8,SA0530100974017231742408,,,
3AA516EA5891C34E64A4,SA2360100000682232755001,,,
3A3FD346739F576579CF,SA8760100000782231685001,,,
3A5F76E475F6461A991C,,,,
A5EACB89D077FD5B70183CD47AE74EF2,SA6760100001182231567001,,,
3A24061BC9F17593E95E,,,,
3A8E8FF9C4C3EDD9F99C,,,,
3A77EAEFA531102789BF,SA5460100000782230793001,,,
A5A18BA3438478148DC4ABCE1363A77D,SA6605000010011791353549,,,
A5AB5E4E6D50AF2054524573CA7BF34C,,,,
A56AB10AA4E01F6CB23488EFCCB89FAD,SA4015000007778302240007,,,
A52DC14B49DF7C507685F1975EB4F916,,,,
3A7953524F2EFBB14FD7,SA9210000027800000508210,,,
3A0D66B5C67AC59B7E93,,,,
A5BB2F8C08152FF7CE205D8833699C71,SA2410000062300171958604,,,
A52C5019DE5CCE36223F32CAD83D7CAB,,,,
A5E2FC09250349150022B164100E9261,SA1430400108038436400010,,,
A5E0FE7BE0795EE73260F56E377EA245,,,,
A52785321E64F1D901D7F1E430778B4F,SA1610000062300171711107,,,
A5E314433ED3A4A90C71224AF184D460,,,,
3A00AFA147F7B4E254DD,,,,
A5EC39171DA8F2A5B4D3FEF486834D71,SA2515134018967618388780,,,
A5300B88752D7AD12C6A845C6DB7D53F,,,,
3AB5459EE5F6F880BE1A,,,,
ACD6103E8C64A1C6AF9F8B6C1E165D4B,,,,
3A1B1C7A2E36BC71EF4E,SA4815000007778302730004,,,
A534162E9A32DC8AD90C74D992219BCE,,,,
A5B1BDB53E3388EF9733A04E52CE8B17,SA0210000024200000332209,,,
A52A47B07EAE190929D50610AC1657B5,,,,
A57A294E33425B78A54992377BCA6626,SA0830100991106336857960,,,
A5BF34B04EAC60B873A3415680EA05F1,,,,
A59475C162C4F8FF94C00B852DC59912,SA3180000858608111449927,,,
A550B8BFD2AD941D667D726ECD1C51CD,,,,
ACCD08E46C39E5F9159E07E4835C0A70,,,,
A5685EFAFE47DD1DA5FDB534A723CAE3,,,,
A59640436AD1F83EBBAC5A6FC2CC92F6,,,,
3A903A7C6EE6EF67A47C,,,,
A5330AED2283949AC1ADA74A6EC9AADE,,,,
3ABA99900D8F83F80EA3,,,,
A5CCAC6946EA1EBCD3BB59EEE9D5F453,SA7336036036049627711720,,,
3A355A44A2331D07C11E,,,,
AC9CF2D428CE3FF515DBD9D91D320940,SA3380000649608016003805,,,
3A7C7A328BAD9C59FC1B,SA1230100974017231862465,,,
3AD3FD99FA74DC71E1AC,SA8780000408608016040006,,,
3A6B16A020B402FC4F5B,SA6980000859608014554632,,,
3A9138B8C36F75D4BF02,SA1610000062300171711107,,,
3A6649605384A87E4217,SA1080000867608012909495,,,
3A19E2876E650840CF7B,SA4680000857608116121712,,,
3A338C293FD3870377A3,SA0380000350608016429314,,,
A557812FF30F8E6061034E44123F5006,SA6480000598608016523001,,,
A5A1567ACC02676E2D9A9FF2ED10D87C,SA9210000011100483230709,,,
A5D6A96BBEE9FB9446C76D9CB6F6AFA6,,,,
A5A73927B09CEDCDB6E6C9B2D239AB79,SA4815000007778274380008,,,
A57988576CF654F7A29AD0923962EB63,,,,
A5BF6A41235218CEB77B4250C9F25931,,,,
A5F14D136F71440CB7DE4241ED35ECC3,,,,
A58D2219346B3185C71228DED7D82918,SA2036036036024816233412,,,
A52B1DF838F56280FA010A803337A242,,,,
3A9B6489298940611380,SA4280000326608016269083,,,
3A9506195D26F3B6823B,SA4280000326608016269083,,,
AC94D258357D662488271D909958375F,SA2410000062300171958604,,,
AC53646A964CF914431CA4E53B9A4CDC,,,,
A5842935EF02724196DE178D0065B362,,,,
A54B3884B9078324DA0ED024BBC812AB,SA7110000025700001646600,,,
A57F270D814C0B4BB203BAAE9209DDC1,,,,
A553B0B98B7DD1C8C12B210E78EAE2C8,,,,
A59A3C991F27416CCA5FA7B477FC3E2B,SA3180000858608111449927,,,
AC6090D2F9B1109858CFC9518283541E,,,,
AC96EEEA0A528683470377C1870D3216,,,,
A5C9F9A0AFD730CF8F1DD53A127DC40F,,,,
ACD7EC7290D01E08F050A16B77841581,SA6410000011100137775704,,,
A58EE3777C1EAE18C54C644C2AA6FD7B,SA4810000024800000630208,,,
A5301222D12047FE150E6FE303D19725,,,,
A5B3C0F8883CF56AC1E6D0F2246E3504,,,,
A555D8BF117E3B5EE772E1EF249ACEAA,,,,
A559FD04E1B4C6E6323647758297D64C,,,,
A5A96E93196DFD70E1983D904CC85399,SA7860100000982232770001,,,
A5380B1BBAB571263228F32B40E367F4,,,,
ACF9806AF8857F3E9F17C02FDDD90D6B,SA8310000011100016061508,,,
AC20A81DEE20D85414DFD060966BEB56,,,,
A534E2DDBFAA0A9A55C4530ED92B75B3,,,,
ACAA803C541F1991B5D2C253F82875B3,SA6880000105608016195178,,,
A53F4F7CC5CBFBDE44EA42F9B5E2A094,,,,
A5A4449A6AEF61310BCF5896AC7B37F4,,,,
A5C1FA1E471B3EDA954DBFF73B35DA6E,,,,
A5F0CF017913456883A9135FE1042301,SA3180000858608111449927,,,
A5FD3DF405BCCFD90A34FA4AFFF7BC4A,SA2036036036024816233412,,,
3A2C010F5BA64B841D97,,,,
A55A577F30018771C02E234BD9A7BE12,SA2430100974017232333669,,,
ACE76862CF89DFCC6541BC3927B23F53,SA5880208253994222121015,,,
A55A864E2D6F0884460EAFB325930194,,,,
A590565279CB82FCEDECC07CA285534A,,,,
AC3CB1B689285D4D45509EA59DBA380F,SA6880000105608016195178,,,
3AACEC279418A5E54538,SA1236036036026941974491,,,
A5E68A903B431ADED830B132F9F0208E,,,,
A5D5185D0DE6A17091B35956FB927B44,,,,
A5343443256A24CABB447F81CC66A9AA,SA4110000026600000945203,,,
A52A66331842ECEF6A4926BAB79AF3D2,,,,
A5F01524CB6EF8AB8190DC5196980B9D,,,,
ACC4D526C8A7C68B136786601EF81D25,SA7780000130608016481080,,,
A52DA06DBE35F727B3706EAB6B2F876F,,,,
A5A43CC13A474150D3922ABEECC000EB,,,,
ACCE7673C15E0CC016CA4F3FE1891870,,,,
A5B07EAEC7DED5B5689A8BEFD40E7F51,SA4036036036010076878285,,,
A5003C8B4523F53980F596CE59D73D55,SA8180000106608016353974,,,
A5C3191562DF0A21670F731DBBBE8A92,SA2293000083783042422000,,,
A50DADED0F0678D28BE6B299EEDD8E14,SA5810000016700001772705,,,
A568342147466F0B23C644079E429F9E,,,,
A585EEFB1A2A57431A743A4E15EFF789,,,,
A5F227A074EBF51FC64D41194B2EAAAD,,,,
A57E2670A2066D8680A1F9342496DB1F,,,,
A539D5EAD3DE854C26CA57D2E1B49C35,,,,
A5BE9F69318F86E90D7317773EC489A2,SA8180000106608016353974,,,
A57A49344048BA57666E6EA61B026A8E,SA1305000068207027788002,,,
A5880BDBB3E823F632F1102222532646,,,,
A5F5C7AF0B86B4533B559A0F1C5AFAEB,,,,
A51995717F83609C1530C861A7F4EB9E,,,,
A592A75AEB24BC1BC07B953F44F31EBF,SA2015000007778302750005,,,
A5B41428ED9398CAEB48596854E39121,SA3780000859608017916549,,,
A502B596FC3F39E28D0E3FDBBFA08B0B,SA1430100974017231986880,,,
A54D6745D24662235E2D32DBD43D1098,,,,
A5FEF8F4D252F579B087D49CA3534DEC,,,,
A5463BA95B987E1D42E55BA2A9CB2338,SA9030400108038476370014,,,
ACFDC7877336315E097E6DF124FD0A08,,,,
A5A4C1215FF5024B86BCD91D7101C96B,,,,
AC21D93BBF6347C869EB6A2DB2C0A584,,,,
AC009BFD23DD1B5F28B48AA9FE2ED133,,,,
AC4348587550349359B5D008D26AEFA4,SA2305000068205678525000,,,
AC53A6157E04C03546FA037501261C85,,,,
A52F4F622FDA2C48FA125E32B5E25C47,SA1480000296608016173893,,,
AC1682245D1FDD6E488E5421276C6256,SA4080000443608016209434,,,
A572D52A05E8066251082BDE07AFA708,,,,
A5DFEE0B7D4C2AA7DEF4985FC02AE3A5,,,,
A5009BB1DC060195CD0AED91F6611358,,,,
A5E3E70FE05D745592538ABA4C855C65,SA0736036036080433592253,,,
A570D924DCF56ECB903DD6ED04F62D0D,,,,
A5CD728D3C5D4370F7F7AE396832CF48,,,,
ACEA739608944C356B2CB29EFA7CBDCD,SA3180000366608016215483,,,
A518FE77AE5371CBE7BA152443A944FF,,,,
A5A02D11498B1DB3174FE347969AE530,SA4160100000682232686001,,,
A52C9E8C037BFC30506965F014B1438B,,,,
A5340E23A46EE8DF2BC90E215386E20F,,,,
A5D46A86D8354A65D60764E10BA99931,,,,
A5A34DF8E2F76C3D98D477924FB006F2,SA1210000001800000182605,,,
A587F214239E2DD1A0D88BB3EBF76CFE,,,,
AC45E27EDA01676F6DE0845876E41A4E,SA6915000626592972480009,,,
A5BEFD4F135AC50D3A3621ADCD0BF68E,,,,
A5E6A575036865480188F283C57712DA,,,,
A503A5FEA850CCFD8A274FDD2FAA66C9,,,,
A56927C889E658E3759519F4DC15DB48,,,,
A5DF462796F26BE2DA30E77A58241EE2,,,,
A59B76DF61CFFB931F746618E26604F1,,,,
A5BB62B091D9A21A0A742D2FC114BA28,SA4930100991100604936908,,,
A511A79244529F587ED98FC45D2D17ED,,,,
A5F689B69DA379FF6C6E43AA03C09E9A,SA3180000463608016162521,,,
A5D264CAA0D0A64BA73DFDFFF9EE7E2E,,,,
A56745B2A9F8C1325F8E5078085CAFA4,SA3180000463608016162521,,,
A51CF88FCB883AFC8DD651334944BF85,SA5080000856608015700500,,,
A5114057B2D21FCC35204AA1CFE743EB,,,,
A53C969DD35F4CF4CA16E1088217C696,SA8736036036050076719618,,,
A56CB3301764B06615C445494CE944A2,SA2536036036072213821241,,,
A5D9253FF1741B58CC69617CC0A4F814,,,,
A5E58AC3E82BAA9F0A2E9C12158A82A2,,,,
A52F3496377693E83392914E2DB458FA,,,,
A54BD8F531F55DE043728A275D10B01D,SA1605000068206913960000,,,
A557CE46A66EDD7A7BDE5CB2A58C0FF6,,,,
A5641DF7D256B392F149ACA8A80237F4,SA3405000010011792512596,,,
A573E1A48FE8C33CFF1652D7D84D8506,,,,
A562919F89BE1595FDC7F8CAE8D2EED8,,,,
A57B445C81F7D456BFF6713FB5FB0AE1,,,,
A5496C5852A7A593BC116A476BF01927,SA0715000007778244060001,,,
A58DBF9D8B61AE8B468F7CDFC95659D7,,,,
A505FF9B11D7BF9E27AB641F22FC8152,SA6230100974017229572268,,,
A52FF228677492ECB0AAB31ECA00C5BD,,,,
A52465FB8A2E858EE8351FB0EE67AE99,SA5036036036005388589909,,,
A5AE4C0C900343DCF797832C0E000660,,,,
A5A5CD619961CCEDD76D893901519435,,,,
3AA08090FEFEAD3BF773,,,,
ACD57BFA65A262634337913B36289C61,,,,
A594F59C54D21D0D54508297C0BD947A,,,,
A5573791439DF90C87D38820CB692D17,SA6530400108095655140011,,,
A5312CBDD498067FAF3B795135FD4288,,,,
A537DF3E5D4D2229B393F9F5FBE88FDA,,,,
AC7FED60CB0D37F27930D79CAE19B012,SA2305000068205678525000,,,
A5974AEB1BE18DF636922E3958A901E7,,,,
3ADC3304226D674F525A,,,,
3AEFB803BA5320F271D7,SA4680208031956222121013,,,
A59CA99F5CA50433FFAF848B336F25CE,SA7360100001682232012001,,,
A557E1E89A78450B93F25D775ACE2D92,,,,
A5682A00DEBDD53B44C6CF72A73A6B94,SA0715000007778244060001,,,
A56480CA1DFB74FDB2E73A14B628ADCE,,,,
A56101264EEA022DDEB63F96122E5885,SA3705000010011791717530,,,
A552558FCCCE2B4452D38AAAA7A984F2,,,,
AC46E8F7F7B194D995A89C21B4C64C65,SA7780000130608016481080,,,
A5CB527ED0ACE2A9D3A0CB3030FF36AD,SA1110000001400033878503,,,
AC0F73DCA9C7936A2560ED2483F38B75,,,,
AC119E4BAAFDD4434FC12184BFA7D836,,,,
AC6C5FB390A7980FA537C5DA95E3E7F2,,,,
AC8A224352C99B59701758ACA55795AF,,,,
A57966B3D5C86301DB21F77A094EEA41,,,,
A51262238D2F8AF9B6F8C8CB755F8702,,,,
3A3F4E1CA6BCE12CA7AE,SA3405000010011790669596,,,
3AABB1C9A139371C858B,SA1605000068206978853000,,,
AC503ABA969FB986706A540312EC4C7C,SA4936036036017659322048,,,
3A591C122AAFA76B7F47,SA1280000236608010242275,,,
AC0AE06F763E430B188B19E0A8EF5889,,,,
ACDDF8EC5FAEDD8369985D20DDC47EA2,,,,
A5B6FA681C87DCA88A150BB25E6423D6,SA3336036036064778872850,,,
A51408DB9D6600571B8F8AC9CAFFBBF4,SA1280000236608010242275,,,
AC916E39BCE38FAB7F4C5D732A304D75,SA5705000068206907999000,,,
A5963382F49DF7C71F8015B760298E31,,,,
A508F5076A92895C182134B8378D6CE4,,,,
A5407DC4AAE2924202EEEA1E4C9954C3,SA4015000007778333280007,,,
A51647BFE131B0195EDDD693EF93B29C,,,,
AC08DA7282735A0887D9DDCD2E7EEC39,SA4880000401608016040961,,,
A54EE495A11B7A294CD51B315E36BAFE,SA3405000010011792512596,,,
A5F6268F5E5449E08AAE083C4AD761BB,SA6310000062300171689406,,,
A5388F9063FE6680948902380462F6E4,,,,
A56D59613BFE2D9F7964C38056FDA55E,,,,
A5642104F9D42CDD052A5FE5B956F1D7,,,,
ACB6344624B4F6CCDE77B28AA92A40A4,,,,
AC2196D4682A7B99F766448772819D8C,SA6830100991101239320058,,,
AC7F4B1617ED6F725145E40D517DE799,SA5315000900146313750008,,,
AC859E295DDEBAA9A5D0012397EB95C3,SA9715134018965885938772,,,
A50D43E01860D4D09720CEB4B71DC79C,,,,
A53A02A058B29981D96CB6B15D9F5D0E,,,,
A58F815E808DA3481D6E86E67072B67E,,,,
A5FAD6FDAF4EE1C3909AEC4609A0D5CC,,,,
A5A8365FBDE0BF31F1C2F9DE99B66E77,,,,
A5CCEDA7B49CF598ABCA142681ABBF6C,SA0580000181608010018365,,,
A50D6BD56A8F1C1042407C94F0C44280,SA6580000867608011954898,,,
3A4DD5A354966A6D2955,SA6580000867608011954898,,,
AC75CBA401B901DFA661102BAD576108,SA1605000010011599267580,,,
A58A3A7FF33F8A21BE3DED5DA199EC19,,,,
A578004E705BDE15F5A4658515FEE8EA,,,,
AC4BD963B0DADBDE422798AE7C4E0058,SA9015000007778273970009,,,
A5E85574B56755D39214E865707F3B0B,,,,
ACBA50B86F2A00E5D4765FF9DE21EDB2,SA7760100000782234019001,,,
ACE01D9717C422B636241F2659BC068E,,,,
A5C77F0B479B18AC9E2085871EEB63A2,SA5045000000161224894001,,,
3A0D5DCC8EF9CB1F5020,,,,
AC6758543FD365DEADF29C7C9C439F0D,SA7780000866608012919397,,,
AC07915C531A6F53118C5BA9C46732D8,,,,
AC8A4C103DCC097C57ECEDE5CF109141,SA5210000074400000186209,,,
A56F95DACCEA54D1C62B2A91F1274695,SA5320000001782432799940,,,
A560AB32E8C1BFD7FA022619140D4F7F,SA7910000024800000631008,,,
A5154445AC338DFF56A0AB28A7008742,,,,
A593235A7D07D1C944961E7DD8A7B9FA,,,,
A57B1BF3CA85B74D50B26C738ABE1374,,,,134
A552BCC5BBBE054E0A9ED6595D0A56CD,,,,
A56A744CD5FD7CF361D785569B3B10AD,SA6580201326992222121017,,,
AC8FB5FFAD8161A117BB7BFE7CCC7216,SA6660100000782235112001,,,
A55A468B8187BE786C1F17BAEBA05662,,,,
A56C8F09B0987FA28FA12F0FB94958D8,,,,
3A806390062998CEE50F,SA1893000095543892086000,,,
3ABE4FEA19057C5E439E,,,10484117,134
3A753B5DC246682299D0,,,,
A55848701848B64950175CA854E7388D,SA5880000550608016275152,,,
3ACADE36A16CB83070C6,,,,
A5070C4B0FA9CCD5AAD0EA01260C4313,SA4405000010011794011551,,,
A5A7C9223CA7617A5A411E8E88EB299A,SA5045000000161224894001,,,
A57E1712B7B888E4B5BDC203D966B2A9,,,,
A5D4D5383CD5F7108B50B5D8F4122D81,,,,
A5AC97621CD65FC8F3ADF77E2FDA3244,,,,
3A0D8B417A19C726A1DD,,,,
3A9239DCEE4A7CE1091A,SA4405000010011794011551,,,
A51E744ED86FC62F2DE3907BFE878CEA,SA3115000007778274620001,,,
A5D5D88FBE555D4E935476EDD7DF8917,,,,
3AE6D119BD18748D1D6E,,,,
AC8CE07685B8DDC536B626EB60C96958,SA6180000118608011023099,,,
AC02D3C02058654671B6E9E8DD1EE951,,,,
A582F2706E1A5FCCBF5DBC3C7C41EA88,,,,
A5ED1B544255651DCD20C491FF6DD57F,,,,
A57828002B906B6AD7C72BE3103C0C1E,,,,
A5962C04BD03969F6D9594DB8727DE6A,,,,
A5BDAB077C01FD8CD4A92D33B41B6CE0,,,,
AC458E3D97133AD5F75F57F5C95D85DE,,,,
AC337066B06D63CE83FC5F1600679888,SA7315000007778335100006,,,
A56A1D4025A349F5A2331E67AE4328AF,,,,
A5208724C90E808F7018902354E13E58,,,,
A5C568F7BB5A7C94CC62F81CC14FCCC3,SA3405000010011792512596,,,
A56B1FF4A863633A12F77384E673C870,SA1110000001400033878503,,,
A526A4A942E31C58080982D01F49627F,SA6580000867608011954898,,,
AC728808DC9E93EFD392F2588C8F5BFA,,,,
3A042475E62A6BE3B219,SA4580000221608016081443,,,
AC1D11CEA2017612E5D4C8B356D7E4FE,,,,
ACB8EDF03BA25A51FBA81D37354FA98E,,,,
A548B7FA07E064251CD8C5CFF842F52A,SA6130100991107777810145,,,
A576B59073D7B485FDC0349D6399911A,,,,
AC2D623CEC9D7876C8757727E2C916F2,,,10487119,
ACE931CFACB59094640A314C09EB65B7,SA6820000003561658879940,,,
A5E1B62D889290DB470BD6ED6C852337,,,,
A5DD07C7D1181A35662ABFEE87C8A07B,,,,
ACA7FEB034FB7057A4EDE375A8D764D5,SA5830100974017232645494,,,
A56967FD0BD6195F66F46D90DA395FA8,SA1230100974017232258225,,,
AC29D5D7D0E4268E6E581C2EFC9E292A,SA7610000041200000414708,,,
A59A2A084164767C07EF47BC4904B828,,,,
A55041A2760700F8569482CF03AF58C2,,,,
A5C2739574FE7400290B297320B09826,,,,
A54C44329A92EBC6D1F56D7483DEE075,,,,
A5F2E1C0EC7F257173D7DCC61F473DB4,,,,
A5D23E6760030793C5CC05FC34F6C4E1,,,,
A57E42753D411CE64966BA7E7DB826C8,,,,
A50A2A0DDCB6AF4B84C0CE5627B5C844,,,,
A538F596B72C82ABD6C93DACEC9FC000,,,,
A5B9BCEB9969983E8B11E76E258C4132,SA3405000010011792512596,,,
A513F938046E1405AA2DA19FACD9C4DD,,,,
A5C459F2806C5BC69C123906A35E8BD0,,,,
3A0F3906B025BC2B5AAF,SA2830100991105812163551,,,
A5238E323085A1EC7C0508796FBBDB7D,,,,
A561AF414E0400B2D0658AF31EF3F03A,,,,
A5796C923D8CA02DB78B6F6A852B2E3E,,,,
A5F0A181C26F6B6587CECE45F4FA0E69,SA5080202677551222121014,,,
A57CC0371D202077CD7F28623910ED5F,SA7705000010011788860548,,,
A500B0E7B64AA3BCF5AD1DA75AD58CDD,SA5830100974017232645494,,,
A5DEF00E42E460D8FEA9EEF0572427B0,,,,
A581D7DCF9DD00E5478FD528A42B6EE9,,,,
A555C13FF7AC77190319362679FC6403,SA6515000007778274580007,,,
A5636D45345CC7266CA2F8913CCE367C,,,,
A5D116A52A44C6D9667DD8B0F490884E,,,,
A5684B246F0DBB669A1394306D9B96A6,,,,
A59B1C85FAF33EFD9C9D190497EC7B5C,,,,
A5BF6668877881D98393F518FE675E5A,,,,
A5F4CD15C717F8BF948F82C94B6432C4,,,,
A5286B5A2C7B69E8B46C4792A82188B7,SA1605000068206913960000,,,
A5214BE474A0B307D2FC643BBB7B2F85,,,,
A54B36A9C742FBC1C2342940A0B15CAB,,,,
A5C4EA12BBC876993E67E2597980D348,,,,
A55ED9B1680983A5C2CBBA821E7C0F02,SA2880206785430222121011,,,
A5F84B033EB03D22E0991480AD9881EF,SA2330400108038437620011,,,
ACF314C6D46D8223191EA53A8C1870F0,SA7620000006224759769940,,,
A51907B2BDEB5088CE1CCE3D596D139A,,,,
3A3B60355C3AFDC22439,,,,
A5413A49E7421FFD1A8562DCDBF15DD3,,,,
AC9DE89C13E441CD045C5D073D0B231B,,,,
3A19F0C0E31CF64045FB,,,,
A51A959B14EE205376CC02A5AABF227F,SA9510000024800000631302,,,
AC2B46720153E04BDAAE3E4EFADC7012,SA1415000007778274630007,,,
AC26F014F56F66F74720B876BCF231EC,SA9780000329608016301990,,,
AC49B8D3796C47DF9209589D65EA599F,,,,
3A2795CC1EFD664878C2,,,,
A59EAAA77D82D2DBBD9C60885C3EF307,SA6905000010011793927584,,,
AC98AF763393E53DBCFCB15D194A2B6B,SA3310000013149088000110,,,
AC38B1C95C8926EF08C3F72F32BEADC9,SA2836036036051613240256,,,
AC4ED4C30E03AB87922988669A092773,SA0910000013847050007906,,,
AC3F4E3E151ED0B6BD96A5F7D69451FA,SA8480000857608010506943,,,
3A7BCD6E3E11550C9724,SA7860100000782230992001,,,
A547E3B0BCDA8C885A4FF93D46A6ED8D,,,,
A5A31B34E118DCFB5B83FCCF9E2F5F32,,,,
A5114E767BE403C15DE0CDD96E11E824,,,,
A5D2637B077AF26B494D321B0DD4D846,,,,
A57E5D103C48E99651A2744261C7141E,,,,
A5D3100781900B1C704AF9A1AA819AA5,,,,
A5212F53CDB11791AF9C420F77A052E9,,,,
3AC71EA1748027FD05F2,SA5480208074027222121011,,,
A51AC07EF81ED99C14C92B8466955519,,,,
AC0AFBD3F1E7A119D71977A51AF98706,SA5080000429608010012527,,,
3AA2A336C60E40D3613C,,,,
3A540DA8115F4267183D,SA9705000068207030916001,,,
A50B9549DD975818FB04BAA587BE4357,,,,
ACB5F2139678C7E5A5A069601DF794DA,,,,
A51A693578D456BB30BD9E42A4F2A85E,,,,
A5D39C5D5A1E99F324BC647AC9733ACF,,,,
AC5022930AEECA3B3A06D384ECA3CE15,SA7780000130608016481080,,,
AC8B5D45ADDC4C4FEF7B4CFC2E1BBCC8,,,,
A55DD2C96EBCEB5A716BA12292F1888C,,,,
A5BD73F67BD7930CD5F2987383AADB93,,,,
ACA6E281ABCFB9136E519425B5E715B3,SA1980000671608016443531,,,
A530A0ED7B8E018447CC8372A826A444,SA3880000640608015231463,,,
A5451CB09434F26EFF542AE420D4CC0A,SA7610000062300171684807,,,
A5B4A86F9C4DC13CDD895C757E4A12BC,SA4830100974017232569626,,,
A5DE58D05A9535575274C122AC3A5E49,,,,
A5F2EEF2E3296C664487E1983AFB9F92,,,,
A5D61BA106883EBF154BFB680AA02995,,,,
A5AF2D947274BD193949F41D9D37785E,SA7120005298200000371345,,,
A55C650030DE88D4AEC41140801FAEEA,,,,
A515D4C86F3443B17C23019CCC3F148C,,,,
A59360FB624BA8090F2E8E6A02649D03,,,,
A56E45D6521A239E458989C9C76EC316,,,,
A56C0AAB87605BCA57F5346C7B7D90DC,,,,
3A5E3AFCC2F0006EA11D,,,,
A59E57AC36096E9C651DC06C79061E5B,SA8815000007778303220007,,,
A5621DDDEE7680358C914AA08FFF9950,,,,
A51DC5747A119F3CE5F94063CEFD307C,,,,
3A903CF5726088D1D8F4,,,,
AC874FBA13EC97745BEB0B754C6B502B,SA4980208262378222121010,,,
ACABD3312D955C01609585F013864E71,SA3005000068205655978000,,,
A5E1C317F2691EC9787BC01D0073734E,SA4830100974017232569626,,,
A5BF47CCAE8CFF515DACFB01EA53E78B,SA3815000007772365760008,,,
A557A91E71EEA9A89F6F9F747DE2F10D,,,,
AC8A7CEE21894610585D514109504CA5,,,,
3AE33895E353A384B3BB,,,,
3A060A303E057CCA3507,SA4730100974017229267861,,,
A5178BC45052498E24DCAE0B9CB52520,SA5830100974017232764416,,,
A52F6F1C28E27101591285801A99B053,SA4080202644676222121019,,,
3A171C8561572E9FEBFF,SA8510000011100396510410,,,
A55A3CE688F7984BD774E5AFDB3DBF07,,,,
A56E5FC7C7348981971B2C8CA037987B,,,,
A5128E86445EAD9576D75C929557457B,,,,
A52B58AD3F97932A3EF32AEECE3837DA,,,,
A5F0FF5885823AB99A4F5F22937B2AEA,,,,
A57B8BF2075F0E3B13CB0E1761FE937D,,,,
A5705077DAAA8EA01190B45EF2753495,,,,
A5598E0701F2A2F295FDAD2FFEF3B8D3,,,,
A563FD0B28227E00128A93AC469BF8F0,,,,
A5083CAF173F3C64E772D626CE6D759D,SA5480201572833222121014,,,
A5748AB941F4054DD896540AD166A1DD,SA4880208270090222121011,,,
A5E81959072737A7C759CCCF530DE4D5,,,,
AC64509B3B49BFA8CF6746B6FE12645A,,,,
AC7D11E6B9103871BD21D0CA28AB37E9,,,,
3A88A7F7B2A66DD7D4FE,SA4080202644676222121019,,,
A531071BF13F94F3FD619FB0E0BF1169,,,,
AC6F0537C6E2EC6D8BFB9B5F654F221A,SA4180000648608017422336,,,
A5FBEBB781A187EC5FC1C26E9E475AAE,SA1915000007778366040001,,,
A529F47B9082293FC6D96887091B1B0C,,,,
A588C6122B760006E2CE50EF0D84E1F8,SA3510000024800000631509,,,
A58C175644E7DEE4F81AB5B04E71374F,SA5005000010011795376524,,,
A5C63E6E4C0B9191151AE3BBD2ACA822,,,,
A5C8668D68590557827A8F91410676AE,,,,
A5243F91ED33F8A4AD7DBC8D0F56D716,SA9380000867608010634806,,,
A58251F2DB64C505AA16BC40E1F887A1,,,,
ACBF20B0201E743856CD59E8AA593626,,,,
ACEE1F281CB03AB64322ADE8BE779B1E,,,,
A52420D2866DBB53F4C496FF31FB15B8,SA4080202644676222121019,,,
A5CCA6D4BFB72CFF7D519E57192C4873,,,,
A50B7DDBFF2FD3D7E6E3094E053A41FD,,,,
A555AF2069E7FA17923CEFED6E9AB888,,,,
A59BB56CE2A6102294059EAD8B6B6F74,,,,
A58F06C6629059853B42F45C5BC45B47,,,,
ACFD0B22475FB6638E36213BD3375B74,SA7410000011500000097002,,,
A5B8A0E34BCE9DA43E5CFB051C238CD3,,,,
A56A8EC9DCD9F987817693916F03B2BC,,,,
A5E828A1A50C77EA80FD543244C57249,,,,
A5FF5092679A0672AECCC44DF73C9BDE,SA1915000007778366040001,,,
A586E4DAB4CF6C5F4947D931984B2BDF,SA3305000068207027928001,,,
A5024B84CFF4CEE51C02C9788CB26BEC,,,,
ACE9CC38255F206B1C3C6F686EA38176,SA9780000639608016020710,,,
AC3DCCBE49C2E09086B2668981092223,SA1180000538608016035553,,,
A563E5A59A1BAA48DDDAF1FCCE033C5C,,,,
AC447221B1A427F82029B83931A31AE1,,,,
A58D7B289E1FF07CA4E6F5F6DA239046,,,,
A5A6BA6CA30A6E638F8064CCA1DD8507,,,,
A589F8E61AD3284930DBF3E38C10DA6D,,,,
ACDCEBD3A2F77E7580438BBB6D9DABCC,,,,
A5550C8ECF25A3165354A8AFF218628D,,,,
A5E495A304347BF7819A54847C08953F,SA5480000209608016337379,,,
A5D27169EAD36E2E1B633BB091ACB939,,,,
A5FC7735D9CE4B1C9595CF44C4DA69E3,SA9780000856608010171236,,,
AC739D6091D87E96D028350E3653079A,SA1680000118608011207239,,,
AC63C319446176F6FFA9707CC83A239E,,,,
ACAF797292E02355362BFA4B13154A2B,SA5430100991100114345641,,,
A56746F4D7A3EC82D066E70A4A888BA0,,,,
A516DD38E3C721D624CFBCE3D3F5D1B3,,,,
3A618A5DF5EE82707F5A,SA1680000118608011207239,,,
A5705AFDE3E029B2788706FA98AC30E1,SA3815000007778365760008,,,
3A99FDA4B13FBFA8B8FD,,,,
A517FEB716AAE34F491FCA93931ED4CF,SA5815000007778365690002,,,
AC43483AC3E5D4DBE1C297B7989739AE,SA5380000857608016148633,,,
A56EF7B2FDD5F291083CEEF61281FE2A,SA5930100991109294286065,,,
ACDAB038A75E80273C1CE0F2F84A4AEC,SA3930100974017232826062,,,
AC9C792B47F1688B70D9FD3B9A236D9A,SA5380000857608016148633,,,
A583E2F205C91DEE576692E9605CBADD,,,,
ACCE2B03DAE03C5BB49A2F6FA93342ED,SA1915000007778389530006,,,
A57D2365391F25D3068E934CE90555B0,,,,
ACCD0C8CE79C4FEB71F2BC7055D3F850,SA7530100974017233189843,,,
3A3DBFB3C6957B078023,,,,
3AEF27EA5D4A6939AA78,,,,
AC4DCFF74628546BEF4F4223BC7DD1BC,SA3815000007778365760008,,,
ACE5DAC2AB49720733640A3D8C2CB04F,,,,
3A91362581E0BD509001,,,,
3AA335365972F078A9BA,,,,
3A5F3B68A4C6157AC793,,,,
ACE593949EB366A008F9BC155661BA25,,,,
A59127717CEFBD69C9EDF8660C84E32B,SA7736036036060350880549,,,
3A40C33862D206D5421F,,,,
A588459C619C40B1B822D9177574F792,,,,
A5E8F0E695738C537C405FB22840067A,,,,
A5D0BF02C2EB38C0A93E7E99BEF36366,,,,
3AB7BB0DB7DB1E22EB13,,,,
A5B42DA1465FB90B9EDFF27D46227D52,SA1215000007778387620008,,,
ACB95DFE5FD9E50A6018F31BE2CC8644,,,,
ACD13B5BBACFD035EC96310096A19413,SA0693000059878729111000,,,
ACFF768656FD59A9F0CE34C0F76D1F5B,,,,
A56485C2C1CA3747A117259ABFA76721,SA4020000003240167489940,,,
A5D436664577E5EF1F0B2425748938A9,,,,
3A87EABCCD6557DC5517,,,,
3A7E6F38110DE70F9898,,,,
3A09AED3095806B091DB,,,,
3ADEF13A1415535665F1,,,,
3A8B5C86B2F3AC5F7883,SA9878000000001243580362,,,
3A2ADFEDC67C6FB33FC9,,,,
3A8A3315D6F976BE3A47,,,,
AC7D9CBBCA866407FD29B49A55942283,SA5380000857608016148633,,,
AC2A7A9E564582C6A3EF98C3962B9799,,,,
3ACA6DF15C68A6463F5C,SA8593000033694515424000,,,
ACE792284B6ADCF145DFBE4C5CE5429A,SA3836036036002289740922,,,
3A9449EA98122FBA5082,SA1630100974017233041428,,,
3A4AEE0890EC8863E59F,SA7110000015500001721509,,,
3AA8E9F58D98E1DC09D4,,,,
3A86AA70EC1038EB51FA,,,,
A596E721EBF7F8C86DB86DADC04280CB,SA7230100974017232762418,,,
ACC96B3BD6A3C0C4C7721E24DEEA045A,SA9805000068207036328001,,,
AC7880983EF3B3B23FA42AD0173AC42A,SA6130100991109599746013,,,
A5EE3C97B6DDD82ED764B53885000BB9,,,,
A5DC76BA5178690B8C8C0490000926FE,SA8805000068206701642000,,,
ACD83F853B4535AE08F290E2D5AFB95C,SA7230100974017232762418,,,
AC3157FB9F255DDDED59ECE8ABB63519,SA0915000007778390810004,,,
A5AC05CD8B4DFF2699993EB0817B8569,,,,
A5C8ED09A6F24F0C7FF006D1B66DE77E,,,,
ACA529E0F6A5808FEB42BF29F72CC210,SA6620000003403801119940,,,
AC0A52BA57A70D0A997B0F13BA8574F7,,,,
A5740C950AE498A6933A77FCBCE81F56,SA3715000007778390790003,,,
3A86D1AB76A8E4E6C7C6,SA8605000068202857960000,,,
3A17C94FAC72ADFEBDAF,SA9860100001182236282001,,,
ACCC1FBC9234B70A7AC56982B25445CA,SA9105000068206287101000,,,
ACFE0BCC8452E362CC1F4591021E551A,,,,
A5BDC14A6B2F256CFE61E3BC19596F1B,,,,
3A9AD47424FEEDCBCC57,,,,
A5A55FA0EC979C4016488C9920D08435,,,,
3ACCA12B863EF4475453,SA6380000614608016156141,,,
3AD1A5152527A0EE9B4A,SA9580000165608016514896,,,
3AF62ECF3847FBFDF0C0,SA7980000107608016869515,,,
3AF6F8F14179145DAE45,SA8210000001400028639710,,,
AC8801E0E1760294B272E128A9617596,,,,
AC217D47099010CE40E41F36FFBAEB24,,,,
3A337EDB3CAF0D9722B2,SA7205000010011787480522,,,
3AB1A80273E0F78E5EEF,,,,
A5689F34683C840346A9F0B42E7BD157,,,,
3A15DAA3A5ABED65D171,,,,
A5A96E6B4FCCE3C237FE00456A96DFC1,,,,
A50E7CCE5674D67FA5BB6A8E882E5849,,,,
3A5B2263E0E7BEA56FD3,SA7280000858608012985847,,,
3A28E0C76397BFC63C76,SA0710000011100440097600,,,
3A01EFFDD06EB49692E9,SA9580000212608016114070,,,
A573A251C99898D646206E78336E0AD2,,,,
A5D76760A08E7FCD22F281176F7CAE64,SA6805000068206494462000,,,
A5648E9365CE3D08621BBF440E449815,SA7205000010011787480522,,,
A5268E038ADCE05ADB0972B96FE09C22,,,,
A5E7E124E1A1376A6A9190F9A8A91268,SA7536036036054068041496,,,
ACE169642C4482A64F571422200058B6,,,,
AC1CC3D916437C98CB5A763FC6A9FF66,,,,
A5C00C417E2DC362F336129C71638EA6,,,,
ACF798EED0665925669E11476D26C3A7,SA5860100015482235199001,,,
AC55E1BC3B484FD14D2552EB5B2EEAB6,,,,
AC1D0DF036B42A531EC88BAB07EE1D4B,,,,
A557D86E50CE1188772F2170D5D632AC,,,,
AC9299D9EAD2B70E30EA87BFECD47713,,,,
3AF9493BD43DB76356DE,SA7536036036054068041496,,,
A5A25DDCE1771AAD450BC3D8C00077B9,,,,
3A3D678314031189D9A9,,,,
A51D0A8E85DFE7C2A41CAD43EA999968,,,,
A5CBC0A7B5A18515D301058E6D03BC25,SA6805000068206494462000,,,
AC2E5027ACD92C211447740F16FAB506,SA9130100991103779873513,,,
ACFCCCDE85587B61522CC959546CCC64,,,,
A59B1E48966D7B3179F272988BFC95D8,SA7080000865608016514781,,,
A506A057066218AAF7230ED1CC7DDF33,,,,
3A918FA94F3BE5966BBF,,,,
A5FEEE74921C75ADC13BD803819536E3,SA7560100001982236094001,,,
A562C344D5CC3B470481AC7A91F8BE7E,,,,
A5CDEF0F6E80C49F0F1E8C7858164634,,,,
A5A20D7D9DE9FF27B4E4D4741F05DF5B,,,,
A5D87F33C77CCA67AA945D717D6AF778,,,,
A578CB5FAB2B5EFCC9CFA53D0D8AC754,SA0536036036041808262808,,,
3A3D3AFC8C31A7BE8A5E,,,,
A55FCC8D9A0F0721B7FA5A2BD53BBA69,SA7110000062300086056110,,,
A5CED8B07BBA143EF43F857439466D3D,,,,
A5EA05FD709921D9295DA3768B625BDD,,,,
A5F45EE3A0C4A17FBD00D95C3AB8F1CF,,,,
A5A2FED0AAE88EDD7B7EC51DA769017B,SA0536036036041808262808,,,
A52A20FD444B9EBA894518E7F6C4D7F6,,,,
A5019BED38D4054E796B9F839D3F8B61,,,,
A5FB9F41233AA5D3118BC6EA80DBDEFB,SA7736036036042542748034,,,
A5313F3BBE4CDB659697D46FF98288C3,,,,
A5928420A492430CF51DDAEA7C1A2ED3,,,,
A5F23168DC6AAA3AEBBAA986B8D4B6D4,,,,
A55BA4CBD310A307781A1D1D4FC4ECE8,,,,
A5E0989CBB2F0C9EA65912AFC01A5406,SA0536036036041808262808,,,
A5DB212B96C78E0BC5DA1D642E87CFD0,,,,
A57DDD89B3AB0E8EEBEEFF6DEE82315F,,,,
AC63C726453321B75D832279915B4E6F,SA0330100991106226492420,,,
AC2DB978812C68594E1F5D142FFA1E3C,SA7305000068205243838000,,,
A5D0EDD21B150F2C8ACFA7FAAF2F276F,,,,
A528E3C1711FA194DDDD43AA4829765A,,,,
A53BF7285AE720362C13A0BE74CC391C,,,,
3AFBDDBC025DA0B7671C,,,,
A5B05658B25FE4A0F68EB0F67B446AD9,SA3010000031800000251203,,,
3A2AFCFE2B7D84302D95,,,,
3A88AF6CAF21FED1B1D6,SA7630100991104707636394,,,
A54D2108B809A070F74734CC68BC1105,SA1705000010011796550527,,,
3AE9B388752B085668FC,,,,
3A55F54AB08DCA8D86CB,SA3180000355608014087465,,,
3A1E99B250941FC3A9D4,SA9505000068207037413000,,,
A5B974B4B5C6ED8E61C49DCDF0193B53,,,,
3A80B8616596C76B40C2,SA9820000002681540419940,,,
A501E51A4A0914C12C6199AD33A86872,,,,
3A65EFEC033A05D44A28,,,,
A5CCBE518B94CC9B30CBE440B2B6C2BA,SA3610000004700001259504,,,
A507D55C5C37DB6606EB2762F513E5EE,,,,
A57B3CB2EFD5264442E0E96EB6DB3C39,SA7560100001982236094001,,,
3ADC64416482892568BA,SA8110000026200000511204,,,
3A75B9F1911C56AF14BC,SA1810000011100096626707,,,
3A2823D4C58684EC9F23,SA3880000858608016659364,,,
3A4FB48C363FFF4850A9,SA6380000239608016562988,,,
A564672A2780C4937F4E6133D95D7F22,,,,
A59350DB0147F9FADED50EBA7A17545E,,,,
A5BDFEBA886F874F24102B65E9B5CA0C,,,,
3A317FD01F1A900B3F28,SA2280208269108222121014,,,
3AD468C958E6EE9702C9,SA0580000859608018540835,,,
A58F8CBE4A2FCBD755238DA9E0B745FB,,,,
ACFD7D27BD1152ADC9ED6505DC6F9EF7,SA7830400108038520580017,,,
AC5F6985DF5F6B3CFB26AF688A2C6299,,,,
AC7AF33C8DFE180AB6C5DD4E809916C0,SA0580000859608018540835,,,
A5AC10D67179F8F98E60E268F82E827A,SA0580000859608018540835,,,
A5AED7AF83AABEB91FAE20A9FC26A7FA,,,,
3A23D1BF425EB50E233A,SA7245000000349096479001,,,
A59E7565E7B4D3C8C5FFE1E7B311ECC4,,,,
A562366CC653F077EEF65105B58F2897,,,,
A5118DEF32E80E78537BE64CD90DFE48,,,,
3A4A6F397836DD4DD606,SA2315000007778412300005,,,
A5E6167C35CDAF2EA3D5FFFAF3E0E6AF,,,,
A5F570DCA16545DF4F00CB8182C57E4B,,,,
A55A658223A25B731A28DC33FA30F47A,,,,
A5AF25936B28C7FA5E86CA017C2F15BC,SA7560100001982236094001,,,
AC81A5050E69A16E362D463B4D49A0E7,,,,
A513ADE69805FA7C0C174F34239A499A,SA6793000045170518563000,,,
A5B87398E770AEA6620B90A01876DF4A,SA2315000007778412300005,,,
A5F99B7AF8305C6FDE056593AAA5205C,,,,
A528D7EBC767A94C634F39426A37CA40,SA2605000010011797773535,,,
A582E8C90EDB01D68B79B8C11F5BF904,,,,
A5DF7D9E336AB9ED8E6DE0A28A9913A6,SA8215000007778390970001,,,
A596032CA29D3C9B5320029B84D1E91E,,,,
A5979ADC87709DA62D4AF55CA9086FA7,SA4978000000001182434481,,,
A53171A5A8400360ADD24C763207FB05,,,,
A532CDE3E70D93367B352584FBD6FE44,,,,
A54A3D58DB08FF9F70288517D5BAE8BB,,,,
A5756AC7E6E0F5EE033150767D6FA31A,,,,
A5458E37AB3DA718635CAA351581944F,,,,
A568B767802090E5C4D7CBC56E736952,,,,
A5CAEB1AB005402E329367813AAD3482,,,,
A5CCDA3BCB36DEE1967C688A7DD49385,SA8393000020153455726000,,,
A50E0508F56244FC24086130835B5316,SA6815000007778337570007,,,
A5AC9B12CF887A498C350ADDD1F131D4,,,,
3A43D676B03B34C8D25A,,,,
A543BCEBA1CDA1EBB75A5683D7699E1D,,,,
AC5341351EEE187C0AB32C57D1441C66,SA0430400108089660680013,,,
AC30F4C03E483EF692B86F863529E162,SA9730100991105836640162,,,
A51C15542095AFF7F67CC11F5F27EB20,,,,
A5EA078E58E63E49C7201DB74F3D69EB,SA2730100974017233474626,,,
AC197FE9420CC1AE87D00AEA7980C37F,SA2530100974017233483004,,,
A57380DE207BDC6C11DA2621EC6978E2,,,,
AC4A0F555732473DB6E2D84B5EB6066C,,,,
3AAD326142E2EF843258,SA9710000026100000514801,,,
A50C7BD1645CED2CFD4A03392B6E94F4,SA6880000203608010560980,,,
A5CE2B1CA6C90CE05F80EDBC063C5C10,SA1045000000260374244001,,,
3ADBD7DF597DD44B68C4,,,,
3A2B698C53F0C870242B,,,,
3A77838E67EC7F20B274,SA6710000021000001326904,,,
3A4C5199F9701E0E9899,SA1980208279497222121019,,,
AC10A6B0AB065FB9512B0C724C9741BD,SA1980208279497222121019,,,
3AFD98CB63D56D821D73,SA8715000007778418560009,,,
3A7A0C1E9A9C5B2CAAB7,,,,
3A4DA148850581231A3D,,,,
3AC7441C0E069BAF9C2B,SA7980000447608016290497,,,
3AF2219740638369ED0E,,,,
3A12ABFBADBE0D9A8729,,,,
A54E2ECB73DFEE8FAA44550FBB65DCE4,,,,
3A0880EF062A1CEF3D0A,,,,
3A26F20872F527756275,,,,
3A6CB179E3C2649F7A38,SA9878000000001243580362,,,
A58B0B555F574B2AA2B8762F4B243F16,,,,
3A7C9BCC6B8775134A1F,SA6910000024800000633904,,,
3A3C8B996F2EC5065E26,SA8315000007778415410006,,,
3A619FEA88A440337A95,,,,
3A5D309A49A491104566,,,,
ACE27F3FF40CDB5E1294E17603971D3A,,,,
AC862E1340D0D422678C3B3DF1BCE69F,,,,
3A92A9BAC951FAD55C12,SA1230400108092559960011,,,
3A7BC702BBF212FD0681,SA1230400108092559960011,,,
3AEFE3DC013D5AA2E964,SA7410000011100391415004,,,
3AA17FC57D29979719FE,,,,
A51FBDA817CEB70BFBA31FA82CE89D16,SA7980000447608016290497,,,
3A0C2A17A9A9F7D15B37,,,,
AC2CE4B98252051BAE5A2B099F558E78,SA6515000007778336770005,,,
AC97E446266414632F4CE9A7E5CBBC30,,,,
ACF1E8815B593DDAE6FDE4E9341DFA0B,SA7410000011100391415004,,,
3A5BD7D8C54FAD327253,SA0630100974017231523849,,,
3AB42E80ACEBC0EE346F,SA6315000007778391020007,,,
3AE3396395BE0002E709,,,,
3A5514B3F4D2C9CAB98C,,,,
A5DBBEB62B9181D0061AEA792A703946,,,,
A5517106A535504C5D7FF2A28CEFC326,,,,
A586A58958123CACF95C4A53937D1C1B,,,,
A5A63BD0B9ABC6172B1A9DF4D4576A17,SA2310000062300172385907,,,
A5EAFBC334AEDA0532BA7EF7B2ED80B6,,,,
3AE7149453F50C19BBFF,SA6436036036089875232794,,,
3A9E3836267B4361DF0B,SA9593000049181521450000,,,
A514B73312F0E60E481A4748A493FBF7,,,,
ACE028634574D1AC47F421B0683206F6,SA7760100000782234019001,,,
AC27AEB54179CBDDCEF505982CCCECCC,,,,
A554351BB4A3055BD66F98450A2C7BCF,,,,
A5FE31482161965DAEACFFA172CB0E6F,,,,
3A5C9E45E389CDD48DA0,SA1593000069634838484000,,,
3A7D2FD5A9DF89AC1971,,,,
3A049E366F82D0C01885,,,,
ACADB45C6002DCBB8A03A0FCC15F396F,SA6336036036061681082929,,,
AC4973EFE497CDB10FA323BA404F20F9,SA1893000077326850542000,,,
AC6DF85AA2E569A1AF81CE297EB5EA38,,,,
AC61BB715BC18035B4C9F18790ED416B,,,,
AC75F962F3058FD071E62C11BB5CAC33,,,,
A5DFE24F1FE3537DC0F7B0918BBACDB0,,,,
A51C3F874BAFAEB381FD3A35E04421E5,,,,
A5E0070479C152085B3B883A9D45968F,,,,
AC5697E0DD55A4FD3C258C5BBF455247,SA8660100000782225400001,,,
AC9B2C3356BBB76BE60F50C9B0276EE8,,,,
AC66E02F13CB00F8FBE07438874DED16,SA3510000045700000160402,,,
ACDE33330E892C930018AB4EDD89548F,,,,
3AA4D948D3A33333718B,,,,
A52196B2368D0C0B6464181ADFA392AB,SA2736036036004474264055,,,
A515099A8A71C4870537CE219CF06E93,,,,
ACF8CF3DF4873DD5D4313CFED71E7A39,,,,
AC62C5E9185D3A9918CFC09741E4F510,SA4015134018964063564035,,,
A55684A78302AB9B9AE29F0FEDC8F84A,,,,
AC630E0C0D15F08826F83DCEEF5E5D64,SA9560100001681501259001,,,
ACEA7AE1DBDB6967AEBCD476627E97AF,,,,
ACC93805D907C75081B4F8C9F7D72E72,SA3280202889862222121012,,,
AC8111BEE2D31C7F9DBE354BED177AD7,,,,
AC9CABCDAE48E7666BA36A7E1C36B435,,,,
A56B7610B1F5B2796FC954534463CF21,,,,
ACEAE94DE3D166A471A1CB481244CCE3,SA4560100000782237181001,,,
ACADA6DB2C279E50B7F11901B0201399,,,,
ACB41FEC1CC833421A2E464A9D71F3CC,,,,
AC8CCA4EF0481764F61B9DA841B887D3,SA3080000475608016061059,,,
3A67627860650376A1B1,,,,
3A867BB1857882742B7B,SA0680000111608011111545,,,
3A669BB96CAE3E81034B,SA7615000007778390760007,,,
AC273B408208086AED4DD784BA568A04,SA4015134018964063564035,,,
A514CF9956353DFB85F413E00AA2C27D,SA5015000007778390850006,,,
A53A9D6FCB8A60BFEEE73E50DA90F7D1,,,,
A51C76BCDA938090BE4FCF0B471B4A15,,,,
A5A5ED92450C966FB137C9EBC0FC15EF,,,,
3A191BE4E4F6169B4BDC,SA3280208278934222121012,,,
A524CE4CAE4B439A1E1B41690A9B872A,SA1236036036036306408423,,,
A50337B5AB2E70A63F25F1EE8B7FA8D2,,,,
A5870BAB55DA4E5B76B438E2B33EEC59,SA6315000007778390700004,,,
A597E13CFEE444EA6D07525DBEF89D1D,SA5330100974017233736252,,,
A509BCEB806027B55BD10CF630AB79E4,,,,
A54EEF99CA9881C208441D4CD3871DC9,SA1810000024800000635210,,,
A5D444D5459181DCB6382BC9E56C4D61,,,,
3A79DC596A15A7B82B80,SA4310000000100000486809,,,
A56F77D65E19C4FABC9C08E96DE555F9,,,,
A54BB9F3563748D7412821DC3805FC4F,SA2030400108094557560019,,,
A5D6BEE9AACC0099BC35D89BCC7DD3B1,SA9715000007778432160005,,,
AC5D8EE841E9D4832D8610880D47C0F3,,,,
3A232A6BC03DAC7F534A,,,,
AC66240EAF92044EAE5196217C86D2A6,SA4310000000100000486809,,,
A5F5A59591725719B915534A3353EA0F,,,,
A56E4E2592A7D3B19B8C29B3D942D7D2,SA5530100974017233592074,,,
A518E2F2211E664F36A9C0137D7AA2B2,,,,
A502622E8A3D410C12362DC84618B749,,,,
A58AEEF5840F5F705E58DB844F24DF7C,SA1815000007778409810008,,,
AC116B9CE75D2A2673258CBA6074DC11,,,,
AC11E32DE96D902B658504DC32EA49A3,,,,
A5CBF4031BEB76703EB6B40AACC8DE60,SA5710000062300172271805,,,
A5B0A57373E69E97D4B0175D7C55C479,,,,
A5CA08D3106FAE62EBBD45C8C6F7431E,,,,
A53412BF06BBE0280ED1F8E9657695B9,,,,
A5140886EBD92020F205D6F64FD43BB4,,,,
A5C2EA9DE5D97CE5923C930B103B0653,,,,
A580FA8967CEB663C1A121A624BF57DD,,,,
A5266335E6484371012DACB33BE0DACB,,,,
A56C7B4F99E7BDBEB8C74DD854A0C888,SA4530100991102669178945,,,
A5CB46C34DFE53CD56BEA4FD9318D128,,,,
3A33C8118148D6156737,,,,
3AC9DC2BD92FA92B2A6D,,,,
3A86DD8684054A7B5990,SA7060100030682201598001,,,
A5D56CAF55F4CD5E33F56B9FD5F816C7,,,,
3A188E5899CC695DE3C5,,,,
A5D471C24EE46D7EEDD69B144B8DBAC0,SA4793000016791136619000,,,
A511D81F405C10C4C860A55ECAF85A31,,,,
A51F6A43AE1F1398389BC10D922BF2B0,,,,
A5D631E68CA0EBAD1E4392E351D90C74,SA1515000007778418600008,,,
3AF9837FB8373409399E,,,,
AC56BBF21189FB7805BFA247AF779D5E,,,,
AC5E0E51DEE61BD5139B8427B43D8FDD,SA3305000010011798056552,,,
AC454420062F565A2277AB2C1FF22CD6,,,,
AC632D830547D56B5B89106DDFB3549D,SA4010000002600000869500,,,
AC35F5EFC9995EC8223C5CEE8F39CCAA,,,,
AC473F701AA0753E5AFCC546E0EE0886,SA1715000007778416190007,,,
AC422072E571BECA4C24A25D75898AE6,SA9715000007778418470007,,,
ACFED2741CB2E1114C28D66B0AD0A74A,,,,
A582B7E87155CC5B681DB196DF56C67B,,,,
3A94A4EAE9C50353D64C,,,,
A561E74372EDEFE118DA9D7A4456DAF3,,,,
A5CAD09F4E76133137DB64CFD1C7E4AA,SA7615000007778390760007|SA5015000007778390850006|SA6315000007778390700004|SA9715000007778432160005|SA1815000007778409810008|SA1515000007778418600008|SA1715000007778416190007|SA9715000007778418470007,,,
ACE13637001F63206906088DBCA437A4,SA8005000068207040720000,,,
AC413FB62F5CA4415E9FFF7C3481BEE6,SA9210000024800000636206,,,
AC5035BA0FD29326181689ADFB2D5EEE,,,,
AC9FED3EBAD4C5E6B01B39413543265F,,,,
A5CC2D7CF5B721667FF0C32B86BF9998,,,,
A57E037252350DE5E2496EC6B5C1A6BC,,,,
A530FADAFE43CFBFA6CABBF4B768DACE,SA9336036036034348409779,,,
A55E45CEA4688039324C86DCC5B01A6A,SA5710000062300172271805,,,
A53C820FBA82DD455833D6D8BD36E433,SA3305000010011798056552,,,
AC07751EF8FD4083DD15EF8EB40E46E4,SA7980000447608016290497,,,
AC79353D673347ECAAADB5ACF42D9F6A,,,,
AC9E79348AF96ABFA35E3785F13CBDB4,SA2905000068207037084000,,,
ACEF72CF0AD6A8C8BAB4B329FBE299A4,SA2045000000355315607001,,,
A581DF7EDEB867C33CC15D7970F303EA,,,,
3A6E79DB11DCACAA9A86,,,,
3AB814FE576E5224C74A,SA1680000640608018302782,,,
3AF7161A4590F3735177,SA8736036036056947959446,,,
3AEA4C4EB4666B3CD902,SA2910000046700000091105,,,
3A30FF3DFC4DEB9C0FD1,,,,
3A5A038B9AEF16AC9D8C,,,,
3A73C9C657482B75FC75,SA7780000316608016443359,,,
3ADBB20A0EDE59E2A69D,SA3310000025700001653201,,,
A556500ABDCC1C707C5AC8C939282E5A,,,,
AC02B41FDFD0E8AECC6E8562FEB4B252,SA2905000068207037084000,,,
A5D585AE9697ED2559D0F7823581A405,,,,
AC6F550982221842C41E23CAC833CE8A,SA7780000316608016443359,,,
3AE83921B2D925927BC0,SA3810000025700001656603,,,
3A6FDDCE0C9560D41588,,,,
3A626481D2A3FA16DF32,,,,
3AF75F47A2D8BED48DF5,SA9310000001400034799109,,,
3A0394A7E55424382A4D,,,,
3AE180A70997AB8A18AA,,,,
A553841674D24C1A18F93EA61F60CB4F,,,,
3AF407D1CD4B67377EF0,,,,
ACCE2C811F003DD842133B63AA4DB151,SA7980000447608016290497,,,
3A421231DF0A527A81CB,SA1580000305608016262471,,,
AC142B16015482A59A8745D6270CF50A,,,,
AC013A5119CCC8C4846AF97C18B22565,SA9010000025700001648004,,,
ACAD952F0137756E22DCE5E41EC1D1F3,,,,
AC135C6D665EABAEF9BBB4779E1785AB,,,,
3A7655844B4DFBDB41C5,,,,
ACB78663A428174FAA60C3BE7BDDD017,,,,
AC832E97F313E1884142BA834C41D687,,,,
3A22845CAA3360A1AED3,,,,
AC23D1C0EEDC7F8883BCEE62285F05A1,SA9310000001400034799109,,,
ACD1EF1A3CDD12772E77D9D955084C8E,,,,
3AA6161F932D69BC8F65,SA0805000010011765936519,,,
A51E9AF4A7CBEF69E290F3B122F91FE5,,,,
AC35F8A18212EAA7FC51A84B51F478C5,,,,
3A3C2214EA2095B7D832,SA7715000007778442910002,,,
AC5BA803EE5C591CB011C8ADFF51B405,,,,
3A6D06524F0475F64CE4,,,,
ACB0C3FE9695EE1D957E104F8578409C,SA0380208281828222121011,,,
AC1C026989BC8A329FD4B81AFA29AFD5,,,,
3ABBCB6C6AF88A86AA93,SA7810000035800000681304,,,
3A02A5F42679C99D7AAA,,,,
A56EC67C84FF43BB2D33E3992B5200E8,SA8380000618608016184875,,,
3A35FE0C49256E5CCE98,,,,
A5BA35C4452CC93D23AEA6B4C5A0E50E,SA9610000025700001657305,,,
A52B545158F2F78C3F56AA531F11E097,SA3405000068206780516000,,,
A503FA11C105A620FA305C6C6FF9F588,,,,
A58C14431EFCB03A3EC4A666B1275206,,,,
A5260979C235333E7CDF84C74856D14F,SA0310000040300000505307,,,
A5166E2B41AE0C621361592E6DE778CC,,,,
3A9C2C8D7B8CE3D7AC53,,,,
AC35642FBC2B671CD770B4BEECA85E33,,,,
3A2646EECE8989647E0C,,,,
A537F646358C9E2A203114C4F747112E,,,,
AC2A6F9937F3D2F567A3624DB7E3323E,SA5530100974017233592074,,,
3AEA5A5A87D9E7460D57,,,,
A56011222A77FFB6A0096087CF4218E6,SA7220000005113915849940,,,
AC9E562AE79B212943F83CC381902336,,,,
3A57D2B1AB7211A756A4,SA0345000000260377973001,,,
A5BF5FCBEC6FADB4CFB7A0F854D14C07,SA0830400108038535780013,,,
A5FA792ABD60526AA19B4505584D1843,SA9505000068207037413000,,,
A503E1D2D3907DFDE5CD1350175624D4,,,,
A522ACEB186F64904350280E7DAEB465,,,,
A5158A0A8DA67009AC4DF1A8F0EBE4E5,,,,
A50FAE81729A0D3B722809911C19AF75,,,,
A56413FC17B6E109F2FF04FB249F9120,,,,
A5106CF5C4ADDE8DF3B13123B823331E,,,,
3A052B95AE4BCC31F680,,,,
A56E3816706BAF40F88CC82BD55CF97A,,,,
ACA4458E9B566E0752BA55D06DE01771,SA4436036036020653466631,,,
ACAE97DBF6DC7EE771AC3E65C50B35DD,SA5280000133608016069809,,,
AC4F17B02B986C43445D3C4964573C6F,,,,
AC7D598DC775F87891EFFA72BF590F80,SA4380000858608018586664,,,
A56B7EC6B632BD4B871B9E36B4E19E13,,,,
3A115885108C20D581C3,SA7810000035800000681304,,,
3A33E254682BFE72ACA8,,,,
ACFED5B6AAF4F9F760542E910DD4CEC7,,,,
AC5A70AA8C41A05FFD3D703CB9BDBC1F,,,,
A5FCBA007F243DAD9EC30919D20B2F80,,,,
A522B4DAA17C399B8CDF1A28538DF2F0,,,,
ACED3E73CBD98A81ACDF7CDD6EB2B327,SA1580000980608017261383,,,
A5078B966659A1866757C6DB1D007F5D,SA1480000420608016044309,,,
A589DE0A732987DDC5102335C8645567,SA1480000420608016044309,,,
ACDB5E8B3371C5B189AC793CA98D4A92,SA2460100001082238910001,,,
ACF84DE9325F9A5EA27B88AC63631D8C,,,,
ACBF173353CA37CBEAA83CDD06C1263E,SA3810000025700001656603,,,
AC27BFC9710CE65D036BAF0250187BDC,,,,
ACFE0019354B1C8E1269EC9BBA0A2CF9,SA4560100000782237181001,,,
ACE8983A8B8B5D18AF6A202F70FE18CB,,,,
AC00D784080820747620E928D8FCDC69,SA9505000068207037413000,,,
ACB0C6DC7CDF136813FDDC9C61FF79F5,,,,
A54BDAF60E12E5F222C4F27F7F10302F,SA9210000027600000657309,,,
3A253EF4844BB682C58A,SA1410000015400001157806,,,
3A3C7DBBDB0816B91B03,,,,
3AC687EFCE386A4F7F78,,,,
ACC8A96B589AC7BEB08C5FD118A7C888,,,,
AC61FCF51F3F601C70F77B3B3823C593,,,,
3A4005D580C2D8F1CE45,,,,
A555756669E3994A8D21EE41841717EB,,,,
A504795D2958A9B97D31E4A6CB0BD8AB,SA8515134018962656502080,,,
ACBC4CFA5E737DE22158C1F1DDC10340,,,,
A531BCF0FDF72EECF464651668D1725C,,,,
A578D7189DC2CCFC518436EE9B587C23,SA7315000007778442770006,,,
A5309C2F05F5084779429C147E17252B,SA9236036036014474512805,,,
A5DCF97BBEE0D94D294F562F10F55E5C,,,,
3AFE47F98FF211346DC8,SA9210000027600000657309,,,
3AE3A0832CDC3B14B850,,,,
A53375F2496D5A4381A22A2C50426A27,,,,
3AFC1E3FD0A3D345564E,SA4480000206608010364158,,,
3ACC673041DC84EF27E0,,,,
3AF44E21986C30B16C32,,2556585863,,
3A2997EF54E70F91FA6D,SA1780000867608013607866,,,
3A77FE091679A9CDD97E,SA1410000015400001157806,2556585863,,
3AE08235431DB61CF490,,,,
3ABE82CFD02AEF742F34,SA9236036036014474512805,,,
3A3D5DD05197F42A0B86,SA9236036036014474512805,,,
3ABF977EB49AF017D39F,SA0815000007778443210004,,,
3A0F31E4798D9DCC7F6F,SA4960100000682239510001,,,
A59417CE3BD1FCB772E875365D03997D,SA4960100000682239510001,,,
3A0D1553AF328DDC8A94,SA4960100000682239510001,,,
AC8172D35A3E39ECD4A0DBFC5F8B3533,,,,
AC3183012E14CD9A66140C6AC89B8908,SA2510000074400000186307,,,
AC6776680ADCD06A5CFE3C0003613247,,,,
ACB9F8D8BCCBBA273E884234C84B3B3A,SA3215000007778209070002,,,
AC9D0BD9507BAB23E7EF2A3A7BB4C510,,,,
AC97344B5803F4B32F779211144976DC,,,,
A50038DCB440C99ABB7F91BB5810FDC7,,1094791322,,
A58E8D994A603AEC75B8243B3BA20802,,,,
A57774E126C80581132082D8619FC31F,,,,
A53D3D9F580523CF462EB105E55490A7,,,,
3AF0604F67CBFC478E9F,,,,
AC360230574CA9E8A1418E1A4D299D16,,,,
AC3350BF66BD79A136D3263773CB0824,,,,
A522E2B81F58CC542EE889530F3E6C00,,,,
A53AA6ACEB1C528ECBCE699CA24E1394,,,,
3A22521BEC24B69AF64B,,,,
AC05CE76CFE2A56366934C31672C7A12,SA5230100974017233688061,,,
AC43284FFDBDA0C52D5B0C5B458EDF4E,,,,
3A73808BFA0973963125,SA2960100001182222433001,,,
3A7851BE70497A03C642,SA6280000168608016157313,,,
3A4F912E99A9DE178FEF,,,,
ACF9FE9B33B9668FF25B2E2DF5835710,,,,
A5BAA44C7CE43E8559EB9C406E4279D9,SA6378000000001007670784,,,
A5E8D1BE156A869B25F1593081242D9D,SA5615000007778463160003,,,
AC8F26DCFFD31E5AD78C8AD0D21EB212,,,,
A543F1957777F99310A712F8487D3BBB,SA6815000007778442760008,,,
A56562415B2114685DEC6B9F4CD1AFA9,SA6815000007778442760008,,,
A5FDE55DEEA50B7CDB2042757DFDA08E,,,,
A55ED5D476E847763DA78215B4A7F7D9,SA8080000482608016168061,,,
A5AF226660C86C2A091FE852F59E8AC5,SA2960100001182222433001,,,
A5C8EDC353672E07F5AB52B4F5719259,,,,
A596F49228C4F6311E7B5474620CB9E6,,,,
A53BAF07F59E1DDA3001564D095D79FE,,,,
ACADF15AD35009400037E0CA92FCDB64,,,,
A5B3ECCDFBABA4E6FAE121D7EA77BD94,SA8093000050805435028000,,,
ACD74202FE4FB90E80D8656EC9B51656,,,,
A5FEAB4F73BEB68C27517DDA1F045F90,SA1515000426720556260017,,,
A522F2FEAEEBB81C9C38DFF9636641D5,SA2910000024800000638601,,,
A599D1FE39ED3B9AE662006CE740BED3,SA6136036036098224002575,,,
A5ABC224248A547ABDBF471A40CED1B4,,,,
A5592F6DC906022A6EB285B51B866A80,SA3910000041100000398404,,,
3A45B767BDBC5BC3A761,,,,
A5DA01D05E5473D8AE65BEE6E4EE051D,SA3780000857608017402161,,,
A54155055AF5667E5D515CB50457A86A,,,,
A5B4D5916326C1B36A3FA622D7831885,SA6036036036025649467057,,,
A5C05C76FDD3348C87A8DD250DAAF51E,,,,
A5B8B3B34123C1B460F87829AD497963,SA5710000025700001654709,,,
A57055FB4714EA932FA4FFE372DDA12B,,,,
AC9C2450E3C386B0809A9C108CF2D26D,,,,
A51E1ED176A90B7952683C6AC6111715,SA7530100991109614466287,,,
A51090D524C670A66FD6E460551394D8,,,,
AC539D15D6217C18114E01BE9C0DF6EA,,,,
3A5D5587036FAC588518,,,,
3A89617077F192F7E9A8,SA7530100991109614466287,,,
AC42DD63CDBCAA09E12DAB8FF45E71CC,SA7078764644480706434848,,,
ACE1D7FC82512C9F01615F2E66976BD3,,,,
3AA7841600743D732767,SA2910000024800000638601,,,
AC778CECB3F2CC895FA1A6E9CB4DE645,,,,
ACF502ABF052DF5E31B8AB9FC25C80F0,SA5780208282250222121017,,,
A5298DFA14FE8CF42B9FC2A266EA055D,,,,
A5266D9B6B6A50427420C0D49226B7BB,SA8115000007778467180009,,,
ACB65E4E43FAD8E80A07EB195B33D3D3,,,,
3A55EACEBD9C321C5064,SA9805000068207047247000,,,
3AD9BE3182FB487D0750,,,,
ACA5E26163611D823BB7E05AF170E711,SA7078764644480706434848,,,
AC7BDC6F55AE4862C815DA1F83DCB367,SA9805000068207047247000,,,
3AC163CBC6FBE42DC1D4,SA3860100001082237660001,,,
3A80370EE106FDB7E60D,,,,
ACCBF7F8697DA6F8A22C266B5A37775E,,,,
3A494DA685EC1D0364F2,,,,
AC7792767143D2481DEA78F7D664C28C,,,,
A558C44A5BD0664636C3CD4118CB7A7E,SA9036036036046243854289,,,
3A59C643C45F872D6874,,,,
3A75B90FE4BAB80474FD,,,,
3AFAC19AA834EA51811A,SA5605000068206751655000,,,
3AF95B0B693509F2EDB7,SA7578000000001028910367,,,
3A378A16A714D243B359,,,,
A5064DB672A3FD2107091E8DB49575D8,,,,
AC3B6E5C9AFC669571A3F223446C1371,,,,
AC4834E522DB615524770CED7B5C7088,,,,
AC6C97447B777126ECAC339819AAE663,SA8736036036088543264561,,,
A5361C1EB642098C47E042CC98AA25FB,,,,
ACC687429F41B2F63541A810CD9F67F6,,,,
A59AC7227CBB6BDB5F16458A8A0D8B37,,,,
A5722B4900C9A603918A54514E4B316F,,,,
A56A057A5DFAD742024944EB2A499E99,,,,
A5FFE5A3D41AE21E472D38DF5F9B165D,,,,
A5739E9F927B121BB818CACC2F2C0EAA,SA8015000792540044050001,,,
A5C8E12EA2525D5ABDEC08BB7AEB4F91,,,,
3A62D8D6BBA1B18F6FD1,,,,
3A48683EB6A36933076D,,,,
A529FE595489108C3EE230B5D1BC22B5,SA6430400108038556110011,,,
3A04A1F796FD4AFFBDB0,SA8610000027400000697003,,,
3AE2CFA2FF015B5D4495,,,,
A54635918778D3419A8130A450CD6C51,SA2430100991107116347053,,,
A5207CE140CAC2F2E405D830DAD45133,,,,
A512EFE5B1D558CC7C302AD0477222E1,,,,
3AD3F4D2ECF9FC634952,,,,
3A2C3F1EB3558524833E,SA3736031016009147534495,,,
AC7C904DFF0AFD2965AF6EC77EFC2C66,,,,
3AF3AA21366ED1FE9F1C,SA3178000000001113845232,,,
3A492C2037EA37ABDC94,,,,
AC624E45A38A474EFD65EA320CE55F6E,,,,
AC7A64774761FB1BC03C539E3610CF41,SA8345000000028390300001,,,
3A7C5673BA6B0DD7B1C5,SA1580000152608012005613,,,
AC990C62FD8E486EA1E834BE80082995,SA9205000010011796395529,,,
3A2BD1AFADE02C0E6CF1,SA2830400197037713690018,,,
A5E2FDD51D2CBABA42672E63AD46381A,SA8610000027400000697003,,,
A534C6E4FD6E80F0A19F1F1042FF863D,,,,
A5CFADB3DE36059782B9E536E0151D1B,,,,
3A4917D831563D7CD79D,SA6815000007778467120006,,,
3A77B35C20FC7AB1DE2E,,,,
AC06645ED7742DCA77EC4755F3901C5D,SA7980000867608013470950,,,
3A1C8290A10DD48C2747,SA2080000856608016596253,,,
3AE1E341047ACAB2E1FF,,,,
3A8AF92069EF453E2C6C,,,,
3A021E920A1B7BE19DB9,SA8705000068205989391000,,,
A5C5D3CB08A41795461858BAE13EBCC0,,,,
3AE918030941AEFB9009,,,,
3A5FAECEE0964E60CC69,SA4080000133608010898567,,,
3A9981A4FFB7E0CB1878,SA4645000000018353037002,,,
A58F257D74881157324B0F4FE8522100,,,,
AC7A7BAD2868A04DB3B0813573493D25,SA4080000133608010898567,,,
ACE352A48FD19149BB5A6973B26B400F,,,,
AC13D7ED53EDF6694BCCFD45A78A2B3A,SA7030100974017234742418,,,
AC20A78A243D4A8103059A7D695C045F,,,,
A507654D2D6729D84008DC72A600FABF,,,,
AC395CE9E270A7421B9453A786C15643,SA4080203135091222121015,,,
A587372D6D20CADAD25F50EAEA7FAC57,SA4510000062300172004107,,,
AC170C60CC17578D5EB18ECC93518399,SA1436036036014124749960,,,
A5EE2725D1ECAA4B5FAFD66B1BCBF7DB,,,,
3AF436AEDCBBF007527A,,,,
A5376A4579A808E60B4E1668AA1B4872,,,,
A52EFA04440ED172913CB39752D54413,SA2680000866608015209515,,,
AC40561CA197B44705D992AFA0D7BBA3,,,,
3A91BB74E9FA642DDCA6,,,,
3A029A49B20FA650F04E,SA1436036036014124749960,,,
3AA0E23B2CB052FA387E,SA6815000007778467120006,,,
3A292082E82F5DCC055B,SA4510000062300172004107,,,
3AF5725EE57B1B636FA1,,,,
AC7FF56876084DC23B2227104DBD2116,SA4080000133608010898567,,,
3AA0E938A832C455B383,,,,
3AF61F98DC886B22EFAA,,,,
A5407F2207B26CA94C89E3010D39BC09,SA4615000007778467350002,,,
3AABA0910FB9C328F26B,,,,
AC5245C1F92B7D417E0EB8D315C67446,SA9336036036083405121879,,,
AC1A72E5EBF969A51DA65C3E2809D2DC,,,,
AC69945F21E105A6F738EC8A2DB887FE,,,,
3A50621A46B2102CFBB1,,,,
3A8F18CB36A667FB181C,,,,
3AA8F7BD410CEE5C6F47,,,,
3AB2A168E047E1A378AF,,,,
3AA24570F03239A7957E,,,,
A52CE183A4862A4E1CB25FD277F367A2,,,,
3A19B504DF86340A52B0,,,,
ACD7628CFAE13CED2732E517C9C88FD7,SA3815000007778467070009,,,
ACE613238ED6A7565037CEAFB367A357,,,,
3A770A5B873AB2CD6FDD,,,,
AC1221CB5467DACD6E8FBDD9B7C2D10C,,,,
3A4E7E27310E26E90D6B,SA4615000007778467350001,,,
3A22ABD6B32EE720CCDD,,,,
3ADA3A987C6394A0105A,,,,
AC0BAB7994B2538A461628350BA97EBF,,,,
3A42880AF5A7B1500C19,,,,
3ADC1ADC4888D2B0B49C,,,,
3AE02D6E3A2F8726577E,,,,
3A1C3C0882E46FB50C75,,,,
ACF81C385A49A4CE707F2EB81A250ED8,,,,
3A9C2E31B4A4A574ABC7,,,,
3A3997D2069244B1B3F5,,,,
3AD7F8983583C900E7B2,,,,
ACED4BC86C5144297E39F007724633E0,SA4510000062300172004107,,,
ACF816F4961586B38F9942091864F62A,,,,
ACC76F777E8A6E2CF1DEE04BF78E3B16,SA0405000010011802274537,,,
AC7F1239D4C5394AD7F6D9711A09F83D,,,,
A57102790E37A6295F858593226504C0,,,,
ACC32A8CF28E4995BCB62742ED51A085,,,,
ACCBDE2A355357B02B60C97C1B518F6F,SA7330100974017166969240,,,
ACFAAF028EC76063B081181AAAB511D0,SA0745000000028389880001,,,
AC3E1EF331F541799C734028ECA38EC6,SA4280000856608113733791,,,
3AC8107AB42FF836C0D5,,,,
ACA25C0C1186A9775EFCB8AC4673459E,SA9045000000856065164001,,,
AC1933386894D81AF2E6134296DED629,,,,
3AEB0862CC886D03E8B7,SA4480000866608019643255,,,
3A0B89AB0E719BCA6041,,,,
ACBE37D8EB7FF865EE10FAEB18AF1E6C,SA6910000032000001139108,,,
AC740953E74FB975C229E1CE1A8CBDA0,,,,
ACD3DE04A61767BAB7B0270242701EF9,SA6236036036030640313058,,,
AC9C2220A82CBC9F30E40B497B3A7F73,,,,
AC640CD936295AC8029E04658F4A0177,SA4080203135091222121015,,,
ACF290674CA353D8B3571EC2698A3D09,SA9805000068207020281000,,,
ACE63337EBF1149831AAD004A7C56081,,,,
A52B6C854EC587341AB87C982748C73B,SA7910000024800000637507,,,
A5B2D8F1F3D744E4F8E1709921D12C14,,,,
3AC31C30A77B43120626,,,,
A59A50393CA36DD28C6DBA233767D7FF,SA4860100000682239627001,,,
A59AC3AD042FB901CBE56F83A6A2FBD4,,,,
3A6FF88C927CF4F63EF0,,,,
3A1855A428714D503920,,,,
ACD8190954CE2A9507BDA9F21352A69B,SA9205000010011796395529,,,
AC6136F99007B46902DACD52E4D99D97,,,,
3A0A5F7FC4FB91286ADE,,,,
A574EB9F7BD8FEA4C4B48BEB533DB193,SA6236036036030640313058,,,
A51E4F09B909B7FA867D88547415F856,,,,
A56A6852ECFF1A0023BAE374824C62CB,,,,
A5CA2262481E59654721D7BF2728A8BD,,,,
A505203CF1C4FF2EF712990686E4EB78,SA1236036036019828855269,,,
A550A5A3021EBFAA2B5E114927D4DA2D,,,,
AC777154313FD04A701151B3D6CC87C1,,,,
ACDE369B4BC38E61E833385BE2BCB670,SA7880000867608010090421,,,
A5CA6425B110F4AE685DBF56C11668A9,,,,
A59F32EA2F8FD25507E57B4139031FEC,,,,
3A068BD81945F7AE7978,,,,
A583C8FB872F256C4644C9DF0B896DEF,,,,
A55EC60A93912F0FABBB78E04E0B13D8,,,,
AC2792AD752135C71ED84F16F324F8BB,,,,
AC593328205849A5F953ABC8938C1B7B,SA5530100991101522479685,,,
AC2144023FB286A03FD408FBA4C23E79,,,,
ACF2B5DC3504AFD262748889160C983A,,,,
AC1D35D43E1ECDCF167008C384539BAF,,,,
A54BD733B480156CED9E3DE0388FF42F,,,,
A58F72988FEC28296B0631F21A13D343,,,,
AC9878C16A8F6BE6C0BDC7FE37D97837,,,,
3A0652067940336F34BD,,,,
3ABEB022CBD7294D737F,SA9110000011100221415505,,,
AC8CAB43BD23BFE8C8D356F5DD962770,,,,
AC19880ACAF8AD8CD0E8A00BC1A80E17,,,,
A508989DD262D3D68BE636704D842199,,,,
A5665B52DF626FBEF3763263DB0BD2C0,,,,
A53ACCDBE201F5FCD4DFC6F7E8E163D4,,,,
3A902772D3E1FF7499B8,SA2405000010011798482544,,,
3AB94667131BC6951066,,,,
A53611CEE2C875B3FA3E2789F200C446,,,,
A57FE674EBBB13C2FEFD24AD63BFC49A,,,,
3AD0DC731B8210025C53,SA4510000062300172004107,,,
3A55C74E9385741C430A,,,,
A592ED04136223A476D8C3D92E3645A6,,,,
A560608359AF811D8DDBEAF63527178A,SA3578000000001273864217,,,
A55CECBA0F833963E7034905B85EBEAD,,,,
A510E466F7B001424E6D7DCC539CEE5D,SA6460100000782238450001,,,
A5C993C8ED2C2D98583020F38A5741CD,,,,
ACB47FB5E7292385B73A5C730F0CC49A,SA6205000010011802956567,,,
AC9BD13A8DC7E059D39295E9E4AD3454,,,,
3ABCD0F11450BCA8A46B,SA9815000007778487650001,,,
ACDF7DD7FF2E1FF2EB6D1BAB3FF47A0D,,,,
3A86A05935E1DF9148AE,SA4710000062300172714402,,,
3AFAA4D5DB6203CC721D,,,,
ACC438C2B2791999AC03AE8F829CF7BB,SA7815000007778479960007,,,
3A8932D022A1198E2233,SA6460100000782238450001,,,
3A71A5C8A50BB14CA59F,,,,
AC420E785905A739DC21512FEFDAE667,,,,
AC674C1290751098142E1B384CE8A481,SA6015000007778487110007,,,
AC5E5727D0B4598EB1B16E5D4B13AA03,,,,
A5849F4A4E1C660A24A2683B931E963B,SA6315000007778303180008,,,
3A21890F0F3A01ABEAA8,,,,
A5C58991473EE8ED8EF8694555E2E9A6,SA8615000007778337430003,,,
3AE781411CAB8D971D33,SA6036036036025649467057,,,
A5C53A6EEF6BA9D3B633F64A981C02DC,,,,
A55AC05DFA4CE42EAFE79FB98B2DB199,SA0510000025900000421504,,,
A50F29D0BDD43D9D2D351D1C4ADC3BDA,,,,
ACC07273F72FAE9D57627764D6202132,,,,
AC252727FC9F333C9110AD186E51C9B4,SA6036036036025649467057,,,
AC9B0988154698617A1D0D0E3CE38BFB,,,,
3ADD4BA8C2509CFEC0F2,,1092303823,,
ACA00AF82140B07CBCF350479A922E5E,SA8710000026600000949710,,,
AC4940C8D25B47D4D619928F20A6570D,,,,
A5E1296969F97816C298EE155BED4495,SA5793000073561024776000,,,
A537870A601EE61CCF5F0D2F995C4BE2,,,,
ACD1AB0E8DA83A4A307E7F2DA5CDED1C,SA4710000001400033672700,,,
AC06D10EE50EF861D7CA8DF8E8CF1EA4,,,,
A5AF5B4DBE64D1C59ABE4A425E25E623,,,,
A57A2264A51B720C600A9657DF20926E,,,,
ACCE4D700306B2F517704908D2A37349,,,,
A5294043A31CF49AD6DF048E1C28DA2F,,,,
A5090EA7305E405D1808E2335638124A,,,,
A5DFA2CFAD276FE5345BBADD37B25FE4,SA1830100991107072697355,,,
AC84E1C9D2E087F558DE980AE0734899,SA9636036036005360171476,,,
3A76908BC6B6173867D2,,,,
A5FA880B9F6CA0B6253A11D86BC8EE3D,SA4015000007778127750005,,,
A55C7175D0CC606755856A079EBF65CA,,,,
A5FDB812A1699DF1558788C830ECCFA2,SA1830100991107072697355,,,
A5DDEF2AD7EFE66D131B800B8E90CA77,SA8705000068205989391000,,,
A59BD8B2D1033D1FE91CC7D9B962157F,,,,
A54324DB0191E2923BA8489656CEFA93,,,,
3AA511BD9EE36EB12556,SA6180000379608016081500,,,
A5EE5C8C90C234090CD98C5F67BE383E,,,,
ACD0BCC53ED25D1E96562DCFEBF31A42,SA6610000011100518441304,,,
A5D0B04C12DDC176BECC4A3ED669D4E9,,,,
A54DC146539A4CA35AD0B874E877C8E5,SA8510000024800000640309,,,
A561A64AF571603EDFDA428A3CBB7885,,,,
A57403CFD2DE5652050E9EF996F25E90,SA9793000071403600125000,,,
A523D7BFF4BEC0993386723DFB1B6C3F,,,,
AC9123A4D9DCA15DE334AF1CDDBC2644,,,,
ACD13310668C84E9C302DA3EBCE45AD2,SA8710000026600000949710,,,
AC77288AED76E2B2B1AA586816722695,,,,
ACA41AEEC78B92087AE6BF7CDB79AAEE,SA3410000011100339611710,,,
ACBB674EE61F217425BC46F1C859B3C8,SA8830100991105210946189,,,
AC9CB4306F1973CDB064610B63712B28,,,,
3AD04E94AA765C1C4F75,,,,
AC0F95DF1AA74EDB3DF79EBBD3DF9E81,,,,
AC185C8D0DBD8BE36A4F5DADD5A3F7EC,SA3080000477608016037388,,,
AC198702E3CFB583D2C8953FDF16977F,SA5180000369608011004715,,,
3AE456515F95FF9903C8,,,,
AC2E83EC9813D99D20A93D434E125826,,,,
ACBC33849893907A7E94D3CE191A72E3,SA4510000025700001661909,,,
AC6D9061D360C804C05D607AB7049ACB,SA3210000034300001551909,,,
AC7F9D7F14BEA99B5B000237E292F8AE,,,,
ACF02BAD5634C6D04231B178CEE0B94A,,,,
AC36DC926B3C90AFAD391808E4AAD2EC,,,,
ACF0BA00203AFCB8A0596B9AE3E43AE9,SA7720000001056315539940,,,
AC29E49889C8F674E8DF9FFA34B8702C,SA4230100991109808603845,,,
AC5744C0DE48C6A9D57BC36ADDA06FEA,,,,
A59F4E4F9B499D067E26E4B56DE057E4,SA9260100000782240218001,,,
A5BB8CF97DFC26A86C763F7BAB11D9F0,SA8936036036051646735004,,,
A5D3B27A54ED9895BCB1D66924EB02BD,,,,
A55C37D7C5EB5DF04A90856F4FA36100,,,,
A584590C3B382DDCB96AE0F0DB4AF6D4,,,,
AC00E9103BC28D40FBB2B2D060A23299,,,,
A5A60C211420EFCE734D358D81CB9199,,,,
ACE58FD419AE2F458FBA6D301E2EF4F7,SA7380000101608010580734,,,
AC551E4D82E9B3ECC9F8BF872A11CD30,SA7510000024800000636609,,,
AC17283B1D98B739836BD26D3C47201C,,,,
AC070AAA26FA30583D77D78C66EF556F,,,,
AC8A32085A6C46559A4D0B1A4B2261AA,,,,
AC327F230D87ED6E34F1443611B86A71,SA0736036036003331099724,,,
AC18EC0CD15B2B9328A98327F4EEA457,,,,
AC7380E8E063329C9AAC044FEFDC4724,SA8705000068205989391000,,,
AC626CD6E323FA4D46BA751D4AE16A58,,,,
ACA0C6A647C3930F1EDA25C711148F87,,,,
AC3552C4635625463EF1DB51CF745436,SA7510000024800000636609,,,
AC54EC247EF21FB0E5CE02158568C4E9,SA4680000319608010613582,,,
3A0C3D0350916DCB0F6E,,,,
A50362DDAFA2BDF4D450B49172E80650,,,,
A5034638A734A37BC4E6D0A7F4DC00F5,,,,
ACE16E73D168BF95FD45CEA5AABD52C3,SA3415000007778494640003,,,
AC7D26FE4999E57B61FE0EA9A6F25D09,,,,
AC8758A0F10C3F314A3170FEADD42DFC,SA3010000026600000773905,,,
AC65BFDF0BE59504B7D73BC7389BFAE0,,,,
AC5B0E51A935207E9F8A366D60EDEA20,,,,
AC8CAB24717E6263D97A074E3F8A803F,SA4015134018966444474431,,,
AC4619128A3121858F174FE8077EC803,,,,
AC758FFAAC53DF621303DEB765C72B24,SA3415000007778494640003,,,
ACA28AE22D1EA0F1F23CA6A8ED473B7C,SA7010000048900000525205,,,
ACA9C8FA22C1CADE9936250B853A06F1,,,,
A5B7A239BAE023B9D868259D20F00838,,,,
AC6E9EEE2B6173962D97664FBDB5CFFF,SA4130100974017234815884,,,
A5172A182AB9EE5CC034345A347015DE,,,,
A53B59E1235687FA5140A02FD61EE7B1,,,,
AC86DBEC07547E342B096BAC335225B1,SA5705000068207053208000,,,
A52D93966FD042C46C2221E069077673,,,,
A5789FAEE875C5DEEB1EE327849F0C1D,,,,
A518F46979756C2CFEC3BD691417C5BC,,,,
A5C77CC8CE1B3F49FA40EFB83B833B20,SA8980208301636222121014,,,
A5BE56CBB2DF99C8D7E2BEA6484C007E,,,,
A5C782863524AE75E5234058E6B0C2F3,,,,
A52ACB9751B7B5C5EC94DAE555C42B67,,,,
A5CC40E377E8655E3101FB04F7DD0935,,,,
AC5288D907786E1FE7BC20D2ADB702B2,,,,
ACEFBBF6ED08E40246972C1F6B3DE1DF,SA4680000688608016081258,,,
AC75E932151D54E1540BBDA4232B0333,SA7578000000001063139242,,,
AC93EFC056CBFBC92D58B52BE98AC95E,,,,
3A63F5EE160D5D23249F,,,,
3A092290A4FEF63FD972,SA4915000007778495090007,,,
A5CF1E2E87C2109273788DF3511AD619,SA2715000007778466970006,,,
AC940E4B5B4BC18239760A88AD0569BC,SA2715000007778466970006,,,
A5EE90B208AC459D9B8B35A3990FAA9F,SA9215000007778495200007,,,
AC9B18D50F838A994B1AFDC98EB9CE16,SA4080000666608016319340,,,
AC4A638C99C3FF904610919D368A8646,SA4080000865608019880445,,,
A5E17489E9BA36BE555E2DA052F28054,,,,
A5EE62E7AE6BD05FE38FB71269BAB743,SA6030100991100828773619,,,
3A33D2780A8ED7D33C49,,1125011765,,
A54237EA80EE2CBD3984D528B837C031,,,,
A5FC66783C3702D1B4D3865E607E23F2,,,,
ACAD54DF67FD6FAA6489BBED375EC180,SA6680000867608013982665,,,
AC52F4ED8B6213E84E991FFB8BB1D689,SA6680000867608013982665,,,
ACB4A8D0EAFC83AA6B1206EFD6A5ECBA,SA6705000068205894149000,,,
AC3287521B4E90EFD826F2DF42C3F21A,,,,
AC194DBDEEED8AA3C63A6A2519FDBC0B,SA0310000024800000638002,,,
AC90513D56F9367ED8BCBBCDA0E32ECB,,,,
AC1FE032783962E76E6F32113C1AF551,,,,
AC3AAA7958DAD27F2E7BAA8EAEDAF3C1,SA0310000024800000638002,,,
A5B5AEC96BE171E3A775C54C8AAEAE94,,,,
A58E2756DDADB6064AA53C59935DDE8A,,,,
ACF601A3BA429FC658C11523349D21A6,SA1510000020500000818906,,,
ACBE9AC8EDCB9844973F99D2E02149B6,SA5880000183608010970142,,,
ACF2A06234A293C816367556D0562893,SA4680000319608010613582,,,
A54643DAC6101B5291DD84987A3C8C13,,,,
AC15702C7655E3695588775A3E5223DE,SA7410000070500000522501,,,
AC72C0D82874D06FB25AE10575DBC1EA,SA1830400108038582890017,,,
A51F4827BAC41072FF0D0AD3AA51E202,,,,
ACFCE320F720E4A3C7DA264B8691EE96,SA5880208300945222121010,,,
A5D5887957EB71E345B5DAD73B0F22A4,SA0730100991104336974834,,,
AC252C150D8D81980425FF948CFA9AB9,,,,
ACE151D32FED29A9087B8BE5D15F597E,SA3178000000001191385965,,,
AC992CD34F77507D12A4261A96881F1B,,,,
3AC15E584D4BEE7C78B8,SA6705000068205894149000,,,
AC8EF2DDCB142343C55574FE80108628,,,,
3AA8B53A01558E9C666E,SA6705000068205894149000,,,
ACE908BBDB22B115572D05DD0F598A6F,SA6780000110608016416882,,,
A577A8D558A71840CEA12818BA2D5917,SA4005000010011803383569,,,
AC192101183A39CC1487C405F96AA2A5,SA3115000007778518410004,,,
A5E96BB0D47DD94DBC97F66F75F9F06E,SA5860100001682173724001,,,
A58B677080BEFEDDA98F67E758421395,,,,
3A5E7F4153BEFB7D43BB,SA7705000068206611070000,,,
3AD8334EEA7C590601A3,,,,
A50E471E4324DA814C55E1E4D0BFB26A,SA3493000072102987778000,,,
A5BB2367C9506D9A2ED2E2FBF0F43701,,,,
AC47A94F95D02D7682D41EE48A3793C5,SA2936036036022994998886,,,
A55B7E81D80FEF1CCA209DDDEAE89266,,,,
3AAB3408D33DB37E0F2E,SA1030100991109403270909,,,
A5D3B16ADFE8FD39189EBB5D558025A4,,,,
3A75792DDD2A147845B1,SA9305000068206974985000,,,
A56087E5A78BCDA8C7B34E63B7530C1D,,,,
A5EAD72A40856EB767442487351C38E8,,,,
ACA2DB3B25667BA88F85BF74911AA3B0,SA3330100974017235081420,,,
AC62A2C5B6355982E2B38A0B52DBA453,,,,
ACA16EFF71EEA1A90DE5CA5189FC7E6D,SA1410000062300172504409,,,
AC04C0D88ABC13C0A2A961AB4F664863,,,,
AC1A9839931ABEDD625F52DDE2812200,,,,
AC2B1C015FDD7244574EAF6854109B9D,SA2720000251608010549778,,,
AC2B2B0BDC7F08EC62527A6AB6A022F5,,,,
A5CCB789344D41B89CB4F3F19106D422,,,,
A571E1BFC128BA78500F2AA2843C3B4B,,,,
A526A51F966C7F10380BD8F710F43495,,,,
3A9E80D3C00C70426D9D,,,,
A5E6AA2129392AAE1416A991598A2406,,,,
A5E6D1AE09EC764D10F8F55F08C44696,,,,134
A50F5810122DA1F45BB6724239E0EC5D,,,,
A5D7360C67DF5FA13AF9F1FCA45DA988,,,,
3A20E6E4C43F891B7FE1,,,,
3ACD911A1D7028F79CBA,SA0536036036082817244002,,,
A514E7FF7252DCE51089FB54D4E3C9B2,,,,
ACA52012E6C269EF04C306659DBEB734,SA7060100030682201598001,,,
AC3D1F7C99C74C437C87015D30D482C3,,,,
AC3E2699B2B8F5421B31D45DA7BA3035,SA2330100817101922791083,,,
A5694568AF0F22954B098CE1BF025DE3,,,,
AC7CF6F38B66C6BAF030690AD24B5AA6,SA1480000856608014772567,,,
AC126ADC0B0EB57D6C6823CC9C84930C,,,,
A5F8D9C724439896F4E59607AB38DEC7,,,,
3A182F4A53B148014A6F,SA2330100817101922791083,,,
A5BE36A094E901A76C15CFEA25249AF4,,,,
3A611869A9132FB5989C,,,,
A5AC245FACC3D7ECD39284A313C30E10,SA7430100991103971220287,,,
A5B01CC0353542B66F6F8797A3EE9833,,,,
3AC66140705A9D98983D,,,,
3ABCC327599C6C7A3457,,,,
A5F985748D7511B021C77BC59AACF8B4,,,,
AC622681F9FF88547C1615C5685DC7FC,SA4310000079537644693307,,,
A59038F95D74414F5EED656CF4CD38EA,SA7330100806624655646106,,,
3A233F63F3DF25850789,,,,
A52BC4EAAAFB7A9C2F4D46F19A53CD83,,,,
AC961A3E0D3ECA9584E0C0FEEE29B388,SA1715000007778494650009,,,
AC164422922DB5BF1D88C0FE87351B8D,,,,
A582F2925012200666A955A587FC2059,SA8610000062300172846202,,,
A59005EC04916A1CC0C3701BFDE3E16E,,,,
A5F6C3A2CFE9DC550B27ADFA7945DB7E,SA0280000259608016017558,,,
A5B358EB8E630A1A734DD94BD9A4DCD2,,,,
A5ECC60D04D78117C89572AADE36E9A0,,,,
A5174BBF603EA0D2F673799B7FC4373E,SA0730100991104336974834,,,
A518B6BA9FB06F372899135A39093C90,,,,
A5A2FDCA01C17E2A018E41D4FAD8A57D,,,,
A5F28E5CF4B4384874FDBD34BBC511E3,SA2130100991106534054749,,,
A50E4E3720899D584092E3AF305C2C1E,,,,
3A8E15B07F6D86918611,,,,
AC42F8C87058E0336A973E38B32ABFA6,,,,
A51C34F135732942559DB0702431737E,,,,
A57393B1C9BA289D1AFAED2C310F5772,,,,
A5E9B45075361DA93CCAF32FF3745543,,,,
3AD1BC84F07086FCBA7C,SA8530100817101752941900,,,
A59DE4E6032145579F64C6FABD99DF25,,,,
A500D4D3239AD160E74E597D82EC8999,SA9230100974017233881826,,,
3A7DDE682053D4193B14,SA8110000010700000071405,,,
3A627FC7B87D5D5FCA3D,,,,
3AE0E52D8AC48693F8FE,,,,
ACCD4290DF4E897E7D2CC73A5535E956,,,,
ACDB6A6E8BB9686DEA2D34F1A0C487C1,SA5480000316608010220738,,,
ACDE57DB848D8D9573C4AD8486DCF47C,SA8610000062300172846202,,,
AC8A7F96B826FE69988D936B88FE088B,,,,
A53008776147E814B8B2C21270CBE5CF,,,,
A5100C69F2A2F824FD393F80C570E086,SA7215000007778536450005,,,
A56B347FBE5CBD3893695E256B2F5AE5,,,,
A5D92AE8F997FE2067A1141E61438F21,,,,
A58538672F5CF5C11C9E706705A09892,,,,
A56F60A6EAD658F5314CEC394BD96EE3,,,,
A56601C799D7AF0E2E03058826E7A304,,,,
A51C07F1CE237A48996811F8F84730BA,,,,
A5AC022ABAF93133192EBFC7DE0A2CCC,SA4080000133608010898567,,,
ACD7CB27F8FDE5FCDD39D1254DEC9420,SA0980000867608011921277,,,
AC889669CC8A211D86F11CFE1AFEE521,SA9715000007778521620001,,,
AC1A3395CE0DFE75D6C99587A0711306,SA9780208281082222121015,,,
AC1B55DB1014E2AF0B450E7E9F077FF2,,,,
ACE6B07D378C6403E869DBAA2B604D70,SA1310000024800000638307,,,
A559D9BCE1B92D3372A85756FE06F4EB,SA8460100000681188591001,,,
A589B2C5C2957C57278848D75CA83E2A,,,,
A5D715FB4FD8FA4990EC616E958522D4,,,,
AC30CC4394183BB950536B91BAF95167,,,,
3A4509CBA38239B642BD,SA4230100974017219975448,,,
A592225DE9FD9AD297EB5BDF10F0FA18,SA3636036036068579500509,,,
ACF69C7E85A0C80416EBD5422F2325F6,SA2210000062300068480010,,,
AC8969F77588F296311A6F8636BF9A21,SA0815000007778537950001,,,
AC198352E6A329642EC6E3D517B02FC3,,,,
A59B79C6E2D1E869B6AE07DAB81DEF3B,,,,
AC32E1A88ADA057A11F08EE6CA035FD1,SA3636036036068579500509,,,
AC0297D30DA547DBBA74811830FE137D,SA1080000335608016125649,,,
AC073A270CCA502675CB36C5D58BAAA1,SA0310000021856881000100,,,
AC1DF6398B45A32DFF65128690B3B185,,,,
AC6F1FA412B166C9D08B5FD62C6B489E,,,,
3A03C1C183354B3C8E84,,,,
AC7E7204579017AC84BBFBE1BEE68D11,SA0310000021856881000100,,,
ACED8ABF409A90BBEF9A820044A6B70A,,,,
3AE2666E24B041F0DB4C,,,,
AC21181965627E94460545272CE0D5CC,,,,
A5762A46CE2BA8B72FDC054420769544,SA0660100000682241534001,,,
A594BA30074C1FBDF58A5D122AC669AF,,,,
3A5CBAE18457C29D7594,SA1080000459608016271351,,,
3ABBC561DFAB2C584866,,,,
3ACFBA317CB1279DBA3F,,,,
3A003E34AAC10314C01E,SA0815000007778543440007,,,
A53DEE05A48F3443C5E97A26D88E4F27,SA8830100991104256917627,,,
A5BCF62B01597E78ADB513A239143B03,,,,
A57947CB71301069D991C1617BB33401,SA2893000046787828667000,,,
A5666CAAAFCEDADC23515BC7B2C87BA3,,,,
ACBDAA2599C5B0B2CE26057FB868DC7F,,,,
3A29B26C7EA7CB53A69F,SA9478000000001272377697,,,
ACFAB3F6895944E1AE8586EDCDF0B852,,,,
A5908A0617B3B4391A0DDCEF727F4D89,,,,
3AB03B2CF0B80928A8D8,SA0805000010011765936519,,,
3AFFA6D4941F17CD52FE,SA3110000009200000517610,,,
3AFA623D09273B7213C8,,,,
ACD2213667C6C9453859DD5F537CB8F1,SA3110000009200000517610,,,
3A5BCB675E8893846FF0,SA3410000016900001279203,,,
3AA01FF40AA7B122DE09,,,,
AC08E2DE8651F14A2F0AA29967A159A8,SA8230100991100659981874,,,
A549B1FDA23F5BA7668EB3881F62FE5D,,,,
3A12BA5602484827E99E,,,,
3A51BE74B71804D3C41F,SA6430400108038364150018,,,
A56FA2027AC3B988CB1B9791A4D8518B,,,,
A5D1809122A06B8A51805681056E93BA,SA5230100974017234641474,,,
A5983C546ECC80FB842EAE510B174CAE,SA1478000000001274191291,,,
A581DD7F43D72C8F16911FC280C75CA8,,,,
AC620FC555B2D4C7FB8F8905C63AA883,SA2980000152608011144777,,,
AC204E2BA381F73FF8AC96377030837F,,,,
ACA43C51626A8ECE821E1212ACB54DBA,SA9115000007778543720007,,,
AC462D6F3A946527DACF73A7C3035625,,,,
A5DBF162DB8B88BA152C97427AB8F947,,,,
A5688219DFDD86A16BE38E72176416A6,,,,
A51B8786454DCB03DD47C8AF9603124B,,,,
A54A05F4474AE1EAB973CE03F1D2FFAF,,,,
A5A905CAE304FB36383EA5400C4C6AAE,,,,
ACFB2384552AF26248A44A763CB4815C,SA2380000867608013337225,,,
A54AE2C01025A75507CED65EF8D21DE7,,,,
A5625A8D216EED2516A70EA94652A252,SA1936036036017460933920,,,
AC95F48440AC4E8D4FA6943C767F237A,SA6010000062300172987902,,,
AC02FACB1BCEC42406BC9AD2D709AEA9,,,,
A5E91B702E83DFC876F3C3C91F3A1F2D,,,,
3AB362BE4BFC34F42D47,,,,
AC41707FBC0014F5E565FACF77C2B2E2,SA2910000010100005335203,,,
3AF9EA86AD620C768AC0,,,,
A5339FF8E3B43896B9A2232FC40686A8,,,,
A5757D721541D9DD3F70158EACCABF09,,,,
AC69DEDD454E9AFB1AFDF898D6BF0D56,SA3180000519608010017584,,,
3A25823C6E0647EED961,SA3180000519608010017584,,,
3A46632B86FA20FBF660,SA9180208313021222121015,,,
A54A1B3343D4C6732A7DDA422A4955AB,SA0360100000682236259001,,,
A59162EACADF56269B3F146DF5A3E288,,,,
AC996974EDF79125590760F0CC3084A1,,,,
AC4A2B69C4CC99389E1F28710BE79B86,,,,
A5A3F72480E7CF52990548FA81E85563,,,,
A5E23C5B8BC8DF7EF0E217BB8A6B7F22,,,,
3AEA75920653AF8298F0,,,,
A540CB527CEA24AE37AD4C9AE5575F57,,,,
AC414FB2D86FAD9D0F57A58368F9B15A,SA2310000010568169000109,,,
A55C7D073D9342524CC51C0DB5E2DDAB,,,,
AC3F045C5FC13EFCF3FDD4EEE37CF435,SA5380000216608016631830,,,
A50D5AB0E237477881B74A4771CA1E44,SA3880000408608010047064,,,
A50273872473222FA723816314F2EFB1,,,,
A561934B6375F58B83E29F6E1B87C149,SA2878000000001172628644,,,
A522414F3D11F5196898AD8F4B30C59B,,,,
3AF6604CB2D12174BB03,,,,
A5DE34AD650FD297EE562AA086EF977A,,,,
3AC2E1559C84E382A270,SA4205000068206580536000,,,
3AA2128431D9EDCCCFE3,,,,
3A1E064C8A6ECC52FAFD,,,,
ACA0B2069821898F6793E3E3D1FBD261,SA4580000450608012816655,,,
AC2290DC83F8020D1861212EE02A8837,,,,
A5E4A81FFB4AA0658D518010ABEF8B07,SA3810000097100001353206,,,
A555253441809A020DEB0644EF58595E,,,,
A5A0460A5A7D5833ADA8A6837642EF62,,,,
3A763F7C75C9FA7C421B,SA2136036036027325427357,,,
3A8EA79FEFF08D88CF38,SA8030100974017235900806,,,
A54F7CCE2481D2C0895214689AC6C6B1,SA1210000011100186358702,,,
A5329215C15EA8D5BEBE3B30418DCF8F,,,,
A5F5E5FF9E34FA4B9A9DE4FF52CFA43C,SA9236036036014474512805,,,
ACF45B9CD29BEB8ABDC3873EFD5567DD,SA3710000011100387683401,,,
ACC10ED6B7A20CCFBD548DC3356A9761,,,,
ACA066FB3AF11FCE4F1E04EC9710F6D2,SA9505000068204074687001,,,
ACDC1A3A220F26326BE6EE24AF8E6735,,,,
A5361B0E8203A8DCA985314C51C044F6,,,,
A512050CD3DEFF48246C90923165679C,,,,
AC0B0B09AB9205AC9D3AEB6F67E740B9,SA4280000866608018814717,,,
3AB730ED427178ABB7E0,SA6610000062300173084503,,,
3A8414641E48E7121670,,,,
A566658918C3FB09DD46AFE4A6700550,,,,
AC42B07AE4E44D5874105B249D864B88,SA9593000030776916535000,,,
AC0E900A005D880CD17CA79A51B3BEA5,,,,
A56152BAAB10E92D526CD4C21F3692BC,SA3730400108038569040015,,,
A57645BBBE324C15F35065E1D19F3A99,,,,
A58DF2FD948EC2125DA4CCFCEAAF2C11,,,,
A53891C1FE347ECBE143FD69C2C1F0AE,SA6580000857608017235496,,,
A5D7D20C46C2EA27FC749E2A3A227FA1,,,,
A5C106E1CB43D551696232D64BAF7581,,,,
A526F459D6F35B0C1EC68C1360CE6F9F,,,,
A53287CA591CB8AAC74DB86D01EA6C6C,,,,
A5088714612508029845878CE31CB5F9,SA1315000900146397970008,,,
A5853441AB3D482AF74225BB43268D96,,,,
A55F88B4BC148BEADDCED41778E9BC66,SA8515000007778544060003,,,
A5E3B8395F7D41B2093EB266D315EA0A,SA6710000004700001266900,,,
A50C30403AF5271C478E4E9CE7481C44,,,,
AC1B13343F33FBF2D01DD8D186BD89EB,SA5420000001254213459940,,,
3AA1A57C2922C002ED18,SA3730400108038569040015,,,
ACB1979B431288FD112BBC067F6A0FCF,,,,
A5B794639DE4D8BE7093B9DB72B95533,SA4636036036053072444300,,,
ACA3E7AD3BC5A00D70FFFD2E665DA554,SA6205000068207059704000,,,
AC4071016ACD04FF2F9C00A443AB4949,,,,
ACD41BA34E66E99B23A1BD135782BBC1,SA8660100000682242844001,,,
A5700998B24B63B571DEBA80FB5C126B,,,,
A5F66425D014CEF6B45160D32106FE0C,,,,
A5CADD1BD343C9B16952FA7F986B34D7,,,,
A52FA6B26ABE0467059361D43F10EF88,SA1978000000001222646371,,,
3AFAF1A200479E8A30BB,,,,
3A6A37BAD1D919ABE185,,,,
A542D488109DECE3DD1309E616D5B6D3,,,,
3AE2C28D0E8000CEF0B0,,,,
A5B1A03351F1ABDD152225EE52374551,,,,
A53D2B771FB112DE25026BCB27F8123D,,,,
A5B460D2CE09A8BECA832A0CE5704B74,,,,
ACAD3DFFD4EE146FB6B145767CF09F1B,SA8020000001803524909940,,,
ACD900BA9B81BF68463F5D958B6AAACE,,,,
A5F56A39D8CC6FC2415252C24A759A9B,,,,
AC53749F2762C08544E8E9BCB406673D,SA9630100991107933343971,,,
3A04547E9EB6A7265E87,SA6180000239608016875364,,,
3A0A12425903F5AD2E6A,SA0515000007778566780007,,,
ACB857DB274258C55BBFF4CE0A36EEBF,,,,
AC7D44ACD68718D5B30565B301144A4E,SA9636036036005360171476,,,
A52FAE93E45BB0D08DACA23374702F03,SA3610000045580174000104,,,
A51D1E0AD3504B9F9AF57DA3F5E7B0F9,,,,
A59BE4A5BD1EBD6D00ACFAA53E1A59B0,SA9890000000029901697637,,,
A530234FB75BB8018D0BC0994E114B30,,,,
A5D79A89DD343F97A3AFFD6104E2D871,SA2315000007778566640003,,,
3A3E78C5D039C54BDD0B,SA5180000688608010102670,,,
ACF998C93005A345D37930AED6F4314D,,,,
AC786136CED3BDF6BB85CCB436E7AA4A,,,,
A529E9CB74B70247D9221CF92DFBB455,SA1515000900146372930004,,,
A5308C0381F4FD4119BECF0BEEFCACE7,SA1315134018962271964433,,,
A5966BF521FF625A7D5F320946AE6808,,,,
A51D8BFD1BE60A544BD134B3237C16E0,,,,
A5E8771F0E512E679B33CA7CEA658ACD,SA0930100974017235962806,,,
ACA90B29BE9AEDD470D671E785837EDC,,,,
3A98AA60365B44F6B8F2,,,,
3AEA79FAC1007A5490E6,SA8736036036000136149338,,,
A582EB92A5BA88C94C258F856F6F7C2B,,,,
AC797018EAB7AF245F8BBA5D3938F626,,,,
A5D880F2AC5D4285FBB88DA9514568DA,,,,
3A5F9C30B482A92205F2,,,,
3AB2125F7E2491EE5AA8,SA6880000859608015758711,,,
3AA9C598E45296C70543,SA0630100991106790986970,,,
A5093399842E9E87976346C92AB1B36C,,,,
A5CA8CA0809605EDC85E47A18C13ED9C,SA2210000042200000487410,,,
A507CD7FD7ECE24B0DB679E5594FBF47,,,,
ACA7295B7A6C3228FD6CF5CE1D260A82,,,,
A5958308858634C6B3C1D87019130EA1,SA7910000059500004598804,,,
3A225F7EBC5CD26A8BDB,,,,
ACA24E47E5994BFFA4D1025D13D49CFC,SA7910000059500004598804,,,
3A2CDE7F3CF35054AED6,SA3015000007778566280007,,,
3ADA705A46D4B1AE90DB,,,,
3A9A094BDD6ECFF5AC8D,,,,
A580537DC0E1AE705F27AEA0A4687306,,,,
3A342A278D697AE42E90,SA5180000688608010102670,,,
3AB88001D82D67FFD9C3,SA3015000007778566280007,,,
A5E955AB9B8C0F87DDF030169756A879,,,,
A5574B51244EE0BC91DAC537A6230088,SA7580208316105222121013,,,
3A722B8DF73EA6FA0868,SA3180000688608016065426,,,
A5329CF80606B33AA49CEEA3DC679633,,,,
3ADF9F49BF276793E1BC,SA2378000000001246329528,,,
A560C8FFAFE3B6514850C6A4A9A03D85,SA7315000007778581590004,,,
3ABD1E244974A37CBC5D,,,,
A5708D66141B3CD307B958728C3BAC23,SA3836036036022371789438,,,
A5E1F270D832182A178EB67BEBD81108,,,,
A5141C119225550F132A609FCB885C98,,,,
A53974B10EB27DF997C2B244969E0689,SA8280000258608016017526,,,
A5F22A5564B1F2815845C22F64AD155B,,,,
3A0EC4B2A9A06D779DBB,SA0705000068204116023001,,,
3A790EE8B616A4A68976,,,,
AC7038FAC94682DF0E4518650336CD64,SA3793000014396913076000,,,
AC36844CCC8947C408C132CEA616C827,,,,
AC49D5F2155E33BEA2B9F15CC6D881EC,SA1015000007778587590006,,,
AC167B362068DFE7CD6F2B336C5A6BE7,,,,
3AF590D5F55CAE4070F2,SA1015000007778587590006,,,
A5BCF95DDF7492EC30A3DFC90C33CAAC,,,,
AC0DE418EFC91883B8D481C0407A06A0,SA4830100974017236008664,,,
A5DEA6951BB979FDE7F419B8CD7B8D9A,,,,
ACE23B56FE2A73962BD0D433B7612C51,SA7936036036013736231683,,,
AC868D5115341390C15F4731C3887041,,,,
A505028BF10906352E50B2CA729CE2B9,SA0880000109608016063265,,,
AC595814A32B0DAA22A889F820128F22,SA3280208253671222121019,,,
ACBE432D460FFDA988811FB662E1C4E4,,,,
AC98557E07F29522D114BECD235AD074,,,,
AC5E3633BDE8B2C0A744D15216155EE0,SA4810000005300001135001,,,
3AE4E1411CB91546EC97,,,,
3A7B5C1B1D5AD2898486,,1099824490,,
3A4A8BBA1C90792AA479,,,,
ACFCF85FEA7A2693FAE73FABA54F3450,,,,
A54214E3C1CE909FFAF9A33CEC78F355,,,,
A58C9497EBB45033B82B2B7086DE2856,SA3236036036066026057643,,,
A5A3E017982AD1B0D57AEC4E19A12B73,SA7780000573608010409040,,,
A5002A6EF3DCE64D9043EA2E1CDAC93B,,,,
A5B10191C6161015EF8C856D5DA8C79E,,,,
A525A8255742C2E608ED036577D4372A,,,,
A5F7C957966F8A18BE8FB29518A26105,,,,
3A0FFD991D00C8248D66,,,,
AC83534954266A66ABB352CCA86E07B4,,,,
A5BBF374303097A01C81E5541D037B22,SA5030100974017227937258,,,
A5189B6D53FD71A2733F54A35C36E390,SA8530100974017224982202,,,
A53E19089829F6AF12C567D8433E9434,SA7415000007777769680004,,,
A5C4416D51D1C6EDC21B27CD35FEEC76,,,,
A5A17EE4ECC3ABD79B6DD97029112FCF,,,,
A50DBCC284103DD9B02F5952042D9EF2,,,,
A508A96D346102EAD7D36793564D10B6,,,,
A52FA659D9AB0E2BFAD0AB151FCB4F97,,,,
3AFDFDB47E5ECC843217,SA2280000316608016406034,,,
A55E96CE396CE5CDB4768331C9EFF990,,,,
ACF65BA8CD0447EAEF73011F88A14783,,,,
A5A6AB18F47BBCF2993E093FE0FD76F5,SA5560100001682228298001,,,
A57101012E1C19F5D679D1495878B0D9,,,,
AC00A07FE486EC7933EAEAA6958E9903,SA8515000007778588350009,,,
AC9C6107CEEF2BBD7B0D3437D708D20C,,,,
3A748E1A2084B3652A28,,,,
AC37F51A09FEE75F8D8C2921715DE2BF,SA8960100000782242994001,,,
AC0CC3539988889AAA17DEA234156CDE,,,,
AC84B6B59AA1FDEFE6AE50ADE50855BD,,,,
ACEE18C136D85C5948E89EFAB53CF13C,,,,
AC4EAC28586EAA55A51DBF9C31E43C42,SA2893000046787828667000,,,
AC0CC00621767F97C585BC2F851BA8A5,,,,
AC6E76A7DFE4E534A8ED80337AE5040A,,,,
AC4AE1FB40B638721AAC53E1A66E741F,,,,
AC9BA8C6137C077B00104A92805D58CD,,,,
ACF3D0D0BE7B357B200677EC6DE72FA9,SA2436036036042170327576,,,
AC04D121BDB5412F3496D3B2E39F0658,,,,
A5B8D51A5B7394608BDE7D2B82DD43CE,SA0736031016058052336793,,,
A5A21E464B5B862CCDCB93B2FF57CE4E,,,,
A536DF8B3B5E6E40CC1390D30F84EFDF,,,,
A56DC88DDE53B0E909A15EFAAE411B1E,SA6815000007778604320007,,,
A58198ED00FA93FAB22B637D5A6B0F6A,SA3330100806625007676316,,,
A5275FF9C200A204BA7B3041ACA7D69A,,,,
AC531621844E419A7499FFDE29634C79,SA2180000477608010805467,,,
A53345A017BC919CD00A74E401EA1BF3,SA1860100000682047087003,,,
A5CA9C1A4F2694A878858293872CA8CF,,,,
3AC7C591A60D3672CC3F,SA7930100991106814951737,,,
AC3DE4490471D3A0D6D34FEC8D881C18,SA7530100991103773129100,,,
ACEE0195922871C468944EEB42172C75,,,,
AC44FBC5B1D032D689E2641148C7521B,,,,
AC4CB5AD2809FAED57C705F9CF9EC36C,SA1330100974017236940494,,,
AC0431C7B9B4360DA24A6533FD43B8A3,SA8115134018967471768489,,,
AC2DD0DCBFF5DC947460D13C62B2BF66,,,,
ACEFC2B783D5C6F8E87F74745EBECD09,SA7736036036063764188426,,,
ACEDD67F13231B8F9320184893DC0834,,,,
ACBDED76A87172F6548242D24591B2AC,SA8380208234053222121014,,,
A53AC55624E18E868108853ACEEC4615,SA3710000011100387683401,,,
A5C0584BB8980F8917D7780D559CE544,,,,
A51F793EFE8320E48CD7D46C706F79DE,SA0630100974017236193041,,,
A571F9E646BAC1D74415805B7D728C40,SA2878000000001172628644,,,
A5D104529999025FB4A992DF6573CC62,,,,
ACE4A7C405FF399D3D323A878E6F7E79,SA3910000045700000161300,,,
AC0BBAADF0A033220D739CEF88F82F19,,,,
A519F5926DB5038EC0DEEDFB211C6A6C,,,,
A5B05A81D9098A07FB3B85F606FB7436,,,,
A5279B13AAF2C3CCEDFCE8BEE366EB5B,,,,
A5B695C696B393B8BA1D346E694B5918,SA8115134018967471768489,,,
A5EDEECE4EE0C6DECDD10AB71B666769,,,,
A5E20305CAFEB0302E7622DF83019CA0,SA9880000103608016229367,,,
A5306B52DE4EDA2BF6F9DC67AE46BB71,,,,
A50BA797ED4DE7DD81685E1665D65502,,,,
A5CFD680FAEBE87B25A36AA250EF1D8E,,,,
AC204453ABE590EB144825027EE2D59A,SA5180900140120992540010,,,
AC8A4D1F66086BC3355625D1CE78BDE0,SA2210000062300068480010,,,
ACA97EC9AF7044EE53CBF6EB87521DBE,,,,
AC1A242A936292D7C2B3D2D0030D401C,,,,
ACF011BDED0254087DB1CD5C27B81D37,SA5593000074751352362000,,,
AC5A99FB801CBB1012B3F1791BD48FFE,SA7910000059500004598802,,,
AC54BF010F3EE4191D054C6660AE1E91,,,,
A57B25F24C14F9B7CAC307B95855CF64,,,,
A5F4932F6EEF11826EB02F8DAE65E840,SA7910000059500004598804,,,
A5189A069D47D7B470F3320C4DC4135E,,,,
A579BCE0D1BFB030BACCDFE138BC9B09,,,,
AC55E62B332CE84E6C53CA4FF56FF632,SA9615000007778571970003,,,
A5BD900403B7B4A8A955B5817D03D69F,,,,
A5C11EC6D714B710B299D1DFEB8FF6D0,,,,
A5838EAFD4076BD376968B1C5F4CECEC,,,,
AC2B38BF51E83C67CA74CFA59F6B4582,SA6178000000001068020437,,,
AC732AA7D44D705EC23E7BD023F03306,SA9615000007778571970003,,,
ACD8E9CBF19A72E8E937D36FD7CE9D96,,,,
AC46EEBBDAA8901B4469402EA7AB8C8F,,,,
AC85EB19FA95CEFA338B23975D047D03,SA8530100817101752941900,,,
AC2D6A037978AA69BCDDBCEA674B1DC8,SA8530100817101752941900,,,
ACFF57FE3BC4FE98E136BCAB23B6416C,SA4330100991101457989451,,,
ACDFDC798FDFB3E17D69E959F178612C,,,,
AC28EA2004AE22DF2A379DA571347465,SA9210000079537644544500,,,
AC42968221A3522983DC94E04FECC071,,,,
A5FB0DC861235B3139B17127693FE53E,,,,
A50F25BD9BD862116FDB147B1548A6C2,SA6615000007778587760009,,,
A56AF6C1DA0B31F444C84DEA71DB6899,,,,
A5BC754DAEF139CE0E945D90530C2A8F,SA8480000539608015449085,,,
A5F803881579B5F0870D1DCF34804FCF,SA6680000350608016393163,,,
A50BAA8E102CD7C86391D2979B5456E2,,,,
A5943DE5E182807E8F7D5B2DA2972824,,,,
3A2CA8B58DF0BA338412,,,,
A501C558A2EEDB67555B7093A04B9FD2,SA0536036036071980367142,,,
A54FA76DE6D770BF5B9660D82E3416C9,SA9530400108038628990015,,,
3A7E9F37C45F7F935570,,,,
3A9ABA9B330652AEBD84,,,,
AC4C6DB9D94479E3B8477EF5FADF7363,,,,
A51A3F1B3FDA05408196D82D7458AD83,,,,
A56F4E71A75257F3D7528607075A4489,,,,
3AB08A72DDFA5A509461,,,,
3A0B09FF85641DD2EF66,SA9505000068202160489001,,,
3A2CBD79D2E952486752,,,,
A5DB2D7D6F0D286E851E93D62A7A1D85,SA5810000011100494425606,,,
A558D7449F219BF9683F2E0C12C6D3D9,,,,
A56CC6F55A3FABF8083A5C509A08ACDC,,,,
A52F0789EF1DCF74B03E647023979F57,,,,
A5444C12649E613AAE67A6C50C1B7630,,,,
A50B4AD392739390FFB5D3697A7394B1,,,,
A598CC320C15F7DBD45FA541FAB3B7C1,,,,
A56449C89DF061B00C7AFEE02F350645,,,,
A5F3EBC0BF8D4FC22EA033858B4EAB13,,,,
A547AEA38BA5988D0F438F10C1D54B59,,,,
A5ADE6725DE676C2077DFC324B23800F,SA1705012000000111126454,,,
A5C051BDDB5074C3363432E107CD298B,,,,
A5341168B8A50E223F65A9366DC576DF,SA5905012000000111119878,,,
A587345B4E3DC7807E412F3523DDBBB3,SA2205012000000111115306,,,
A547876C6B4327A2C084D0D20C1FDDDC,,,,
A52DE4EE050BF7FC804FB4B9B51EF878,SA2205012000000111115306,,,
A5C1166CE20F3935A1313DB5DB49A172,SA8705012000000111114718,,,
A54D062D4626CD6C58A89B175D64097F,SA6290000000029901086021,,,
A517A401B537CF6D135A832889A10D23,,,,
A5EC7AE518D095C3B30356295AE76696,SA2820000001153346589940,,,
A52562CB0FE02B41919C081AB38DF519,SA9645000000615121894001,,,
A54766C247A8D979CA0458CEFFB3EA5E,,,,
A5008465586AC86572B91F5E2A40CE78,,,,
3AF55C339D53C9455774,SA8736036036050076719618,,,
A5B275A2A68402D1DD005790CB2290DB,SA6536036036032348754410,,,
AC307A054674487600338E29D7A95A66,,,,
AC3A20D388D54500F1E8F984AA2C1563,SA2115134018963609174570,,,
AC211DDD4382CEDC3DB9C9860A5DF022,,,,
AC0E724AAA1C026451D7D52748A7C6F2,SA2210000062300068480010,,,
AC68F7BF2CE8FA8FBE094C54E35CBD63,SA0380000423608010805678,,,
A5DF848476A7FF84063C3FDFDDEDD34E,SA4915000007778495090007,,,
3A2009EAA079EAE313DB,,,,
A5F11006E1146FD27F33CC4DFBCC168D,SA2330100817101922791083,,,
A5CD504BA567448C07EAC929E4ADCF5E,,,,
3A1DE15352D09174CC8E,,,,
A5767CA437ACBCDDCC99BEC511133694,SA0336036036062371222325,,,
A5E6FB06FC9BD0A44BD9AAC37C0846BC,SA7310000025700001671008,,,
A540DFD042DD446D1667A846A62F1498,,,,
A5AFDADBA9074A7E002801E9ABA6918B,,,,
AC54B5388B7FB58F4EA50FE707EB32A1,SA8010000035800000078510,,,
A539FD69BBD195F7759AAEF77889D06C,SA1000976559988888545788,,,
AC96C184053369D74829A322DD1ACE65,SA2180000477608010805467,,,
ACE4CB7B5FA68437A1128CE551C387B7,SA7730400108087328940028,,,
AC61AA27A6BA43B1B69EA93DA84C5266,,,,
ACCF07C350DD31F5063744B26FE203E0,SA7430100974017236374080,,,
AC6BB84CF8E698585A103B04393E5A46,SA1315134018962271964433,,,
ACFBCA049AE7A2096A18F2E4E7F2B803,,,,
ACA3B234010C42482B1AD55547DB956C,,,,
A5E48273AB83155CF1D3260D1D430337,,,,
A558E7D1B66F7F37A2E3820820651A12,,,,
AC5276FABD1B64420BDA660E60EE5638,,,,
AC52C0EE7971CBC0D699F3EB1E658481,SA5760100003482235239001,,,
AC76C8A408D76E36F483E7DB72F7A973,,,,
3A89AFC18A78915FC149,,,,
3A1F9663C7E136947506,,,,
ACB70D95C5295A6202182FEB603D0F1B,SA0736036036086062695574,,,
A5749B2CDED6BADE2DEBE1AFBC27EDB2,,,,
ACC3033CAA3E6ED05063FF5B7899ACCA,,,,
AC505414EB3636A04C5FC311322A5FAC,,,,
A5C656D8FE364BC750F13C25D73FF454,,,,
AC1093CDE40C39A45E3220D060F60D8A,SA6780208306027222121011,,,
A52675A0D131ED51CC680E5DACB6754D,,,,
AC8E59909D5975947CDC02D396A58FC9,SA8110000024800000645910,,,
AC9364B92E77DABB14C85F03E24FD415,,,,
ACC8AD53752C39B1CDF6A48DA24A55BC,SA8130100974017237452400,,,
ACAA60433CAF8503FD6A2CAF85303DB4,SA3680000239608010709718,,,
ACAB1FA4DD2EA98D573BB56D65DC1DC1,,,,
AC7025D48237E6A8A697D6470700836C,SA3680000648608016229617,,,
ACD2B6CA5F6502E44EE9ED058DDDBBF2,SA8310000045300001645404,,,
AC5B93684A2185CB8BFD5F010CB88E31,,,,
A568BC0EFC2FF15024846482F73C678B,,,,
ACE48F1EB1B537A44E247694BADF8B5B,,,,
AC23C001E38383CDE9465F76058B80C9,,,,169
3A1A77C68D63585EF70B,SA3710000001100001384408,,,
3A0029A841B3B741A96B,,,,
AC218DABC25E10FC7622E96D18AAE2D1,SA3905000068206239932000,,,
ACA4E565BB16066EE7C1CB5D095F573D,SA5705000068205504354001,,,
AC46492E1986A816DDED1354A957B3E9,SA5110000043353924000109,,,
ACB9B20E63224100A579D9F72C757587,,,,
ACF9B8D1A176F54E44B2670635C93917,SA2915000007778608120005,,,
AC9E6E80909D3117FD6073F000A56240,,,,
A5ABA018799F424A7EA378ABA4A81E6E,,,,
AC5D42FB53003AC4358B93DED6F7E39D,SA2680208327089222121016,,,
A54E14BDD5A58103CCBEF115FD8F8B7E,,,,
A5899E3AEEB40A94037A842892837807,,,,
3A429B73AC17CA0A7A64,SA7205000068205307047001,,,
3A7CC0446EC7F9705E55,,,,
A50DD30EA58633233C03B1B4043727B1,,,,
3AF0BD5364135A600B66,SA4380000350608016309672,,,
A51A2E4BC2712B73203C23B1488028E5,,,,
A5FBB33E69EDE58CA7DDEDC8089DAFBF,,,,
3AD47AC6523D84D06E2E,SA3980000856608015984617,,,
3A0D538A139BFB4F9EFB,SA0615000007778607180004,,,
A54E1508CC74B3FD41BE15832C066003,SA7836036036009791665203,,,
A574320D22FA4393D01394744019AE50,SA0210000027400000701910,,,
A5FB942BB0E492E84D151D17DA3CA4CC,,,,
A5A039C400AB336F90B94CDE49F1B464,SA6078000000001170535778,,,
A5AC66FCC789FD0362A98FFAB7673E13,,,,
A562A35D729AC0607CF554AACD4A0149,,,,
ACD780F1E42B85998A7A1459F080F8D7,,,,
A5F055CC84CB50007A4D5407FBA8F9DA,SA3080203741877222121013,,,
ACB08EEB3C9500192CA4FAFE68D80B02,,,,
3AED0E2183F3E7FD0CC3,,,,
AC55D95760048174D9AE76746A813EF9,SA1710000062300171409904,,,
ACA840D2C9998B04282951686C41061B,SA7330100991104508947080,,,
ACC24F23FF06558387561A4FE1B155E7,,,,
ACC24E2C4DC6B55CDD8EB9591F12763C,,,,
AC4F21FFBEEB9EE7F6DC64F1BDF05EA6,SA7260100000682247877001,,,
AC5D9E36C86FE6EE9C93498BA540D227,,,,
A5363E4E1719742BA51E26276B33A085,SA0315000007778615650001,,,
ACC83186620EF1B640A9EF27346B6900,SA4310000079537644693307,,,
ACA6A0F5088E361A4B9B66AAB2E5C110,,,,
3A47EE860C55BF9E6AAE,SA9730100806625055576868,,,
A5C9469EF7CE5DAFFA13BC7DAEA5E02A,,,,
AC226773F2876D761851C1D66F7FB97F,SA7410000062300173170010,,,
ACF3758B58A67491459AA37CF88BC38D,,,,
A52A67F8167B549D0770E15B3E6DF1DB,SA9315000007778624300005,,,
A5DD50CAF2D84C7EA722B41A512CF7A7,,,,
A532CFC7B03FBA0AC942E13653D26B8A,,,,
AC265A69BEBC5FAD0CC4A94FD378548D,SA0336036036055119117914,,,
A59EB9AAE05DE9C28CCCC27E58D79382,,,,
A52E3D17FC67BAECF774D8A9BDDEEBE6,,,,
A50B44DA8212AEE9157297D03C501732,,,,
A5DA45576FEF6658BD79AD96C38FFE8C,SA5610000062300173116208,,,
A521485EDA71E084DBF92EA5D806C4ED,,,,
AC89873E4AE1594C9A14FCE62E9CED5C,,,,
ACE13B52A83947D475207460DCE592B8,,,,
AC720AFF01B1652C7468A0790AFB64A3,SA8510000018254106000106,,,
A585247F9C88E598DF42A597122B9AF6,,,,
A5626F6A2D8D3875D7D150718A84F4CE,SA2436036036045122935117,,,
AC36B94D65E9CFCFCE906B720F2B9F86,,,,
AC69C91ED4B62FFA1C75FC681779C8C2,SA8360100000782247188001,,,
3A940951F5A104628CBF,,,,
AC2FDFF6EE29298C7F1BF6BBE2CB4894,,,,
ACAAADE079F57C8BE9BC3828036B964D,,,,
AC8403E6C450B54E94F1AC4C5E07BB2F,,,,
A5A01E166C93432022DF68BC2393B851,,,,
3A409BD79A96439B2196,,,,
A53BB631274DB73DAB9122404D62DB86,SA8230100817101879103258,,,
A5A81D3C3989717ABC8805C8DEAADF21,,,,
A5BD2FC5FCFD08812214CAEA5BFACF58,SA4915000007778573990001,,,
AC5C293196DA5E9132F66C8626714314,SA8515134018968731507029,,,
ACCFA3AB5B6D750D14B69B8BC8D6267D,,,,
ACDC617D177948FCA37238794FD82B2E,SA5760100003482235239001,,,
AC0F38CF1AF2BC00812D290779965C4D,,,,
AC34A6CF22081016FBC86906F12D2C4D,SA2330100817101922791083,,,
3AA594EACD4EA91B8E1A,SA2330100817101922791083,,,
ACFEDF7FBA69A6F070E43E8734D200C0,SA1510000062300173493403,,,
AC2036B6B8982C712FF3BA28256F2BF7,,,,
AC90C1B587779BD698875F5F22254BCE,,,,
AC5CA2F6B5D2FD094218D65491C5AFF5,SA8010000062300173299106,,,
3A7609A7D5761D68DE7A,,,,
A5BAB9899EFFD0C48FE33D4F53466572,,,,
ACE4CFE02F3364939A6B33E27FC75283,SA0536036036012460550998,,,
AC28AC51948C38D461B07AD52451DBA4,SA5815000007778629960003,,,
ACB825D440CA84CFB127E087F3BDB573,,,,
A5C2222239B06559A12184F7B57D5D95,SA0530400108038647500011,,,
3ABCCE8A2CEBF33AFBEA,,,,
A5ED659137016BB2A8EA692AE81B3817,,,,
A5EF137F856F873FC878C050DF956A81,SA7930100974017238209036,,,
3AC9EF9C01E1561EC5EA,,,,
A57F5097AF980C9FDE7937C4F7B04797,,,,
A53604DD70ACA9919B8CEFBFF81F8E14,SA0530400108038647500501,,,
AC1049524AF4F27C49600C2E353540EA,SA9710000011100040542310,,,
AC668DE9DAF51A8A91C3C1A7C336DF9C,,,,
A501367644B8109AAB62CD9FB612D7CD,SA3120005298200000375751,,,
A5C23B2AA65A2795190874B09E76604B,,,,
A52E9445513B22B374ECCF721C9E7A23,,,,
ACDDE3EE426F1E23DC77953D2CE5E8A3,SA7780000210608010798797,,,
A5AD427CB05D23042923794032DEE686,SA0930100991107137666953,,,
A505D72A7893568649BB6FF6D0F05D83,,,,
A54E7C2CD37B8CADC6E67437C9709929,,,,
3A22913284FB82BCEEF9,SA0280000865608011412544,,,
3AE1936CCA48AAD7D329,,,,
3A332CFDE117CBE70B9B,,1101307518,,
3A4E28907CB86D667B09,,,,
3AC839B3AF63ADA07272,SA8080000865608013515070,,,
3A90C076685D9F3128E4,,,,
ACBE5B208876418CDC33E0C93498909A,SA3910000036900000463604,,,
A5E42E2AEB5837890A5F3292EDB48DC9,SA5515000007778630880005,,,
A5E7F24B29E5436542D86F9D226ED1B6,SA5315000007778630600002,,,
ACAA9608AE4880BC6AA41D8A00F364AA,SA9760100000682248347001,,,
A501133A5A3A0DCBC21DA064BB79A397,SA9110000062300173463808,,,
A53B365B3232B56F1EAB7254C9FFFFDB,,,,
A549820D9D09D5D3FED3C7AA3B217E5E,,,,
AC3BA626ED8E09FF2FD7160A8743984C,SA4036036036026550245695,,,
AC3E60F6A6910E2449B97E4351A27CF6,,,,
A5676BECC51D3E3FF88DCE25A3570620,,,,
A5C720139D2A3DE59ABF0D19A159FC1B,,,,
A546A32FCC1BA85142C136666CA689BB,SA8380208331093222121012,,,
AC9BB970A9FDE0A5B81C78E9F6617007,SA8580205753003222121016,,,
A5DD2B180ED68F3C6E3B5E4F29F49BC9,SA5180900140120992540010,,,
ACF5F37A20CE290D03835BDE42865844,SA5536036036097394493312,,,
AC2D4DADCC71728B646094E1A7911EBF,SA9205000068205327363000,,,
AC7CCBE539252C73CF11B2810DE4E06A,,,,
AC3F9A588F18F6BD51D44E67790FEEAF,SA0530100991103452400054,,,
A527FCF9C6B06B85C3A75EB268D481A5,SA1830100991101333937862,,,
A59185E94BE3C8789A680DB2375D479B,,,,
AC43B8D362A2B992577AA671D4DB4AC6,,,,
AC033DF1024F538145F9E40830615E3A,SA2480000478608016011838,,,
AC6B7EFC160FB5336879AEDB77FFA21F,SA9710000011100040542310,,,
ACEFB3499AE8FC47920998B5F3DCFA1F,SA1430100675020233580015,,,
AC17AABBAE392E2B2D358704666538B0,SA1830100991101333937862,,,
ACCB7F2D05ED012B90B8737808773953,,,,
A51FC2CC01B14DCE0EC8FDC035F78421,,,,
A5DC71C71EEFAADCE97CB3F466677166,,,,
A559AC8271892E3BF15B10E986A904A3,,,,
ACE9DB5D3C19C6CFA13850AF1B1351CD,SA8778000000001264034368,,,
AC12E5E1CBCC3D17C9406D7BFCE36836,SA3010000010100008519210,,,
A5F176F0314258A19AF8A6A8EC8C6C8B,,,,
AC47DEE9A1F82A20B3D922AB742DF126,SA1360100000782247812001,,,
ACCD9007BFDE6D042F6BE9F3272D2465,,,,
3AA7809CF483A4344036,,,,
A5F64CB0461A99CF67810C8B21DA02E6,,,,
A5D62485A732EBA00C41D4F55B03ED29,,,,
AC44E7FA025E499E42495E673B477530,,,,
AC1DBFD155F7B95E28BA782154741875,SA6393000075937062063000,,,
AC68754619692A3EF3265936C983E3F0,,,,
ACF0A1B4C5675AEC0E5FE5CE9104946E,SA8510000018254106000106,,,
A5BF1C98EF44E6DF91FBC969873E664B,,,,
A526EA5EF8EC492BB92EDC9D6C9B5513,,,,
ACCD1858A4FB5C7815833ACA9950A019,SA1430100991102181957136,,,
AC3B028AA1780A404E65DD6B3E97BABA,,,,
ACEE84D45E5612E40DCC0FE65EA26CE2,SA4380000111608016086882,,,
AC4CA1ADD876BF49CC2BD8AB6DC3803F,SA4380000111608016086882,,,
AC2B3FB8410DB3C9217F606A5D84C480,SA7530100991103773129100,,,
ACF69B2A0FABBF3DD394BBA903D8CAED,,,,
A5DBC9C35325CAD52C659FDBDE15923F,,,,
ACA5787B605F72F5708DD2C15CE23B8C,,,,
A5BCF002EC312E353716C331FE44725E,,,,
AC51B74E6668CD7DFD3DF43C9B6D7BCE,SA1536036036094336244858,,,
AC337B6AD2F374555EECF45F7D0ACF03,SA5230100974017214589246,,,
A53D7CBB00D412B60C54E2194FED8AF0,,,,
A5B0E8497822B99B3AD42076DF474B87,,,,
AC6984CF3D37E2846E7099B6DCAF7CD3,SA4080208332174222121019,,,
A5A8753E547BD822C9CF49BAAAA067D9,SA3880000859608018521132,,,
A5CC036AC9EC6A7A5664656321B2F203,,,,
3A3A6A995C6AAABC4D37,,,,
A5837FA88AB7B77692E90D4B95F1E10C,SA6715134018964464006903,,,
A51F16D9E01687C940E353ECCEAF477B,,,,
A5F60580F7EFF6031479A29DD02524BD,SA4210000032800000853501,,,
A597E1DADCF0E2D76E355E0A310AB490,,,,
A5BCBD7EED2E27E6122D77D60667A3C5,SA7720000001056315539940,,,
A59DE3E49F871F0F2904B76B3A92C3DB,,,,
AC7E776B2624E882B967415FF2FD7276,SA4210000032800000853501,,,
A5ADA7347F4B4D425C67A6F6FDD40A39,,,,
A5D43DF4FAAE3ACF575CD6C1E47EF68D,SA8080208332344222121018,,,
A538A7E1605FCD18A7611CBFA60F2B89,,,,
A5B32AB8669220E69D1A458DE3FC621E,SA1115000007778585520008,,,
ACEAC6964279A441A75D6031765F5537,SA6580000334608016034305,,,
A5414320278C6FDD6E135CD5FC858080,,,,
AC3EF0B7C72DFE77A2E48228596AF508,SA6810000011100235972903,,,
A5A41A2FDDDA85089020396A4B0EFD91,,,,
AC35D038BF307CE4D5AD4792F7F85C46,SA3610000062300173503404,,,
AC263DDD533CFA58D07308C693359287,,,,
3A45DEA7C29A2708CB09,,1115170878,,
AC4DB42C68813F46E8F041AB6C5EBBFA,,,,
3AAE6C5B374D00A11B54,,1115170878,,
3A7D4287797C7C63228A,,,,
3A8E7D4F5D8E5079CEB4,,,,
3A95E2CC5C26F2FFEDF9,,,,
3A41BCE8726A212423C8,,,,
AC2350649370BE8560401CFD172CA8A4,SA7180000146608010374820,,,
AC3333C8CDCA8462BA619DEDDA65A830,SA7180000146608010374820,,,
ACB251D46CF035A854DF01B50A4E6B82,SA2536036036015435297944,,,
ACB890045B5C43A8BEF6218480F52E5B,SA1736036036006213047726,,,
ACB02CA25E29667AE7B82C599B449A4B,SA7180000146608010374820,,,
A595B3D4D0AAEBEA51497A9324EBF435,,,,
A50C9F2AB44C741C7BF96199B701C743,SA4230100806624911531306,,,
A5DEAE70BBFEEA09DE5D96BD8BD685E8,,,,
A509CBD287EF8720355E9943A68413B6,SA4436036036074125280395,,,
A5989653F94D6E0C455101849BF7803F,SA4360100000982248408001,,,
A590D0EDFF8871DF7DC724A6416960DC,,,,
3AF5CF16F17DBCD6D64C,,,,
A5A459EBF8F8301AF5C075CDE46BF884,,,,
A5401678E44951F5CF961E19B4FB7638,SA6436036036060995980059,,,
3A9ECE0B4438A9316B41,,,,
A55074362B8C2CAED0F0C81FE90B5D83,SA5515000007778651470001,,,
A5B419577BEF83A15EA3C01DE0772FDA,SA6845000000027544857001,,,
A502AA5E685713C3BC32A730AA9B1B08,SA6845000000027544857001,,,
A5E1CBF1B56384877354BEA405F58129,,,,
A51CAEFA86E2675EFF9BFA49232B4DF8,,,,
AC7F33FB3CE4930AE6E8BB7C898C697D,SA3130100974017238231628,,,
A58BDA93FA11FB37A70C4E09CBB9D3EE,,,,
ACAC90C2A36D69B4E6DE2B57B54D5F2F,SA1430100991102181957136,,,
A53C7FAB21410D210917AFFBC215072E,,,,
A5C11C05C8B6B505BA4FC51F58900D30,,,,
A57597BF26731AFAF402BCC598A14E0E,,,,
A56D096499824E7BB98B40B20B06EA77,,,,
AC78300C6B8CCFFBB1AE521D0A06EDF1,SA5080000209608017481748,,,
A52EDA86DF19B35AE43C6C41B0E0073C,SA6930100974017238602260,,,
A52A16B8BBC19A481780F02CD1C1783B,,,,
ACFEEF393459EB6D371197F88864CC4D,,,,
ACE11B9A749AD1BCEA9590A7C44AA523,,,,
A5B700AA45BE2E77E02D06D4B73AE69F,SA7036036036089278747870,,,
AC64D13B01E381DC4D107A1EDFF0766F,SA1910000025900000426005,,,
ACF327C60D509CA4F78A79A86D6B37C4,,,,
A565CE9A82CD130BB3FFA3A2C1582C8C,,,,
A592EA53A1888416D74899CE421CCFEA,SA6760100021681991668001,,,
A5023D0A9AC944B407FE2DECC1F5DE5B,SA8310000005400000521908,,,
A58D290716ABDFD32ED8EF86FF51A8D2,,,,
A562DD038504531E72B06F4973CBB0A6,,,,
A52109428D52B5942B0F77E5C20CB9CF,SA9030400108038661640014,,,
A5E70FF152000940C4CFA09C3780644A,SA1180000636608018888661,,,
A526C55AB4DDCAEA0ECE2B58F2AEB144,SA8310000011100186283801,,,
A504C1BE342D87C9153D8FAFE81FBDAC,,,,
ACC889EA0D8E700CEF235D6F3F3CD4F2,,,,
A53EB43675642173C7B16BD46DDE503C,,,,
AC4B1C5D2D43812F943C8438ED037733,SA8105000010011798015530,,,
ACEDC238F6B92A2E3D2BCCD61291408E,,,,
A5F2FDC01E450F2AEC3F8201D7A4F352,,,,
AC84640E71EA003CD5FCF9717943DF38,,,,
AC18735373415AEA70A670256916030E,SA2280000177608016142645,,,
A5F1735ADEAD3CA2579CBCBB0408AE27,SA9715000007778653210007,,,
A51A0A8D0A3E10C00414F1EF4C3EAE8B,SA8278000000001250940234,,,
A5E927C41DD2FA16737B42C999B7839F,,,,
ACE9B950FE67FB817974340E4ADE9292,SA7910000026600000961203,,,
AC190DC5AC684C6A10FA4EBBE985C5A4,,,,
A57520A7104CA09633FA1F8B000B187D,,,,
ACBE6D8DEE8A414BFD5D989E672630DD,SA8460100000782249399001,,,
ACF1F82FB3ABBD139101AF5C789BD7A1,,,,
3A982A59934FB4C36F23,,,,
A53B9212B59B5AB1D7AB90ADF43C73B2,,,,
AC3F4097365F2BFFA51C3C04CE4E244B,SA3210000036089517000105,,,
AC379196708F18F88FD3763D5D672990,,,,
ACDEFCE20CEA324BBD5B51B6D03E5E16,SA2380000859608010822124,,,
ACE75135DEF7465640925066A63A79EE,,,,
A5A8CC5D9BE362741856A3B6F82A6343,,,,
3ACAFE191F39DAED9788,SA5180000865608015704979,,,
A5D745448A430FDB081C58C5841259D6,,,,
3A32F736CF62C4762C93,SA5730100991101052476334,,,
3A1F84FAB3BDE4541BA0,,,,
3A1E7C36BAC3214030C9,,,,
A541C9B11847023B2A4CEFDE204C9DB3,,,,
A52C4B84E9965C9378F235A4C78F677F,,,,
3A268341CDC349D3F4D6,SA5580208339153222121016,,,
A562E21D8C6FE90066CFC1B4450FB5FE,,,,
A56ABF89413A3B9498A7208C4B4637A9,SA4780000644608016439236,,,
A504CD00E919B125C7077B88D0A8AE7E,,,,
A545EF1487DF6297F43160DB976F9364,SA8415134018968664890842,,,
A55DDA71D3090BA1F2EFB9B66D5C5A90,,,,
A538874A4EEC397B255335C05F6DBF25,,,,
3AEEB165F5E9234C1EBC,SA3536036036027918094971,,,
3A7752414F739E632C0A,SA1430100675020233580015,,,
ACD7808C9ECAB81A1EF19A5D79B271CB,SA4820000009306710289940,,,
3A756B5BB9313972FA51,SA4010000001400026974200,,,
3ACA8BA7308621C1E8D4,,,,
A5C7E6C8AE742713619F8FF01CC0CD03,SA9480000857608019504774,,,
A573E3A49B957A5A3115E6C6F31D184F,,,,
A5C077BB3CAAD16C5901F0266216AFDC,,,,
A5B918641A6BF1BFA644A99CCB4A2052,,,,
A5B9086306A532043881A8C468F65065,,,,
A52CCC78318607F4A861D33E9D25278F,,,,
3A02817B6DC35937D2DC,SA1610000062300173647809,,,
3ACE82D4EA331EFB9C4F,,,,
AC69EFACCC48029DB072EE1512675892,,,,
A519FD8A68493804D2BD3C849E707251,SA0230400108038669650015,,,
AC53E11386F23866EA799EAE7A117197,SA1530100806625062272508,,,
ACB912E31886DFA3206F234A688F35BE,,,,
AC94B83F7F575712DFBFF7AA166ED33B,SA4820000009306710289940,,,
3AF2A96E02C4DF13246C,,,,
ACBC4DD53D8101D786C5476565B77102,SA8936036036044518202385,,,
AC01C10389D9DEB4ECF3B16C42DD0781,SA3878000000001124856837,,,
AC4C2D73C3F2B13CE3835A08F43B9C50,,,,
AC74151054CAEC0EE2E69A1DDE1EE083,,,,
AC99C4E0BC2E05D7E414F4BE0FB8ADD0,,,,
AC4B84BB231DC40DE06D12EC333551A7,SA7130400108038668810014,,,
A53DAC9D5C52BE9BB1B393FA5A1B9486,,,,
A5D96A55BE869595CA71D120F159EECD,SA1936036036037319781847,,,
3AFD2A82AEBE24156F40,,,,
A5B872E807B8CB6041BF7F80318A7780,,,,
A5A4AC53A1DD57CFC4420D622D64CDBE,SA0280208345198222121013,,,
A53CDB7A21FDEE12AC3A77B4CBFB65A1,,,,
A52FCF49960B65941215D6843C2C391B,SA9736036036062331773546,,,
ACFDC4A9892EF2C8620A3C8E11A642C2,SA7710000026600000768403,,,
ACABB308B65966B5E2C54CF783D3F86A,,,,
AC15F7A4B0F90041B96A56D8A37E725C,SA3530100806625050294394,,,
AC46C55B275B545ABEE5EED5643FF913,SA6010000024800000652108,,,
AC6E7FF469E831CEB546FF7837ED65EC,SA2780000109608010187730,,,
AC8BE6DDA02154983E77CA073A873C3D,SA6305000068205990107001,,,
AC685051879DDBCBF612EE29AF361339,,,,
A5260F66898FACDE96AD72E4461D3901,SA8530100817101752941900,,,
AC1117B5AEC4290EC209797FF408F2B4,,,,
ACE9EDCEC578123BFB6A77FD7D7447AB,SA4310000079537644693307,,,
ACB16AAE356229DBEF3154E8990E0974,,,,
ACB64342B40C83E25F48E076258F4868,SA4915000007778442930003,,,
AC2C28FB593A4C9D4120A02066BDC9CC,,,,
A55E0C55A6544A44A89BB05547EF8CFD,,,,
A5729C70CC78ED978780D75163928507,SA5536036036052264986262,,,
ACC07C44B4B91B97577331C1D7500047,,,,
3A2A622EB5B197EED5A9,SA7110000065500045117100,,,
3AA31FBD80DD6D66A010,,,,
AC536FAD9BB1FD64AA047330324297C0,SA3610000062300173445010,,,
AC3C0F35887B360F7089E80FA868F940,,,,
AC6AF7F1CAD70734AF99D24AE55D4B00,SA2480000858608013307975,,,
AC1CD7F689CBEC0610BA54FD2CC205AB,,,,
A5A686C1D2BEF379C8118E039FB6AEAF,SA8330100991109874004678,,,
A5CC0DB3789CFC68E7A1D989DA535D6D,,,,
A5F8F1D2901801856D1E38E499FB8E46,,,,
ACA9F0D55F61EFF1F56B44FEAFB41955,SA8260100000682250490001,,,
AC609DA9C2C0469769A51BE51BEA8EB9,,,,
AC1F5D5A562D7603F6E054F75D54AA48,SA1030100812200002273624,,,
AC7DF6739C1218F28F01C44AF3AD8B45,SA8180208321237222121017,,,
ACF5D95E556FC0EE870A0363D4CDACEE,,,,
ACEB1821CD445F8473EEF70FF354B0A5,SA1605000010011801124580,,,
AC6DE33736BE34A0B50CEC575F5D56C1,SA5310000011100241394600,,,
A5330B8C2B031B87707604140FA3B97A,,,,
A5CED98C25E466B666A7C0211D77FBCF,,,,
A531E19024E8C1F281568741645AE349,,,,
A591C97B33B97AB039B4EF8F2D2F95A3,SA3136036036025114995930,,,
A5D51017EA51A224111BDFD89267F767,,,,
AC1D75C4C78CD6F174D6E25A6DBFBC9B,SA2030100974017239624843,,,
AC7AC72BDB07A84DB58CEE1565C4F889,SA0680203390182222121012,,,
3A2912F042CCAB475AB4,SA3330100991107709492579,,,
A5AB8192473610CAA6CA360F2ADF4CD0,,,,
A5BBED0C8919D53625E75EEEDD12E171,SA3030100974017237611234,,,
ACC4F09C413FE784AA490E744E4AD1FA,SA3030100974017237611234,,,
AC53E7E5BF708D31F63992655D913D73,,,,
AC73795115BB618AD9004927AAACB41E,SA3515000555101729450002,,,
A5938C7959A3F767D553AC6F1A65B7F5,,,,
3A95AEFBA511F447EB12,,,,
A5FB41C91AFAB950435B81C53E738659,SA2030100974017239624843,,,
3A4E5D260722EE5EFC66,SA4010000076500001143807,,,
3AADDEC8DE55C3FA2D16,SA5180000865608015704979,,,
A5A03ED912B2BA27E3A64EC801A7E7A1,,,,
3ABAC0FBC9464C8CBFD1,SA8280000221608010810573,,,
A5AD3D1068A6B9BD577A9AE726017978,SA7305000068205831658000,,,
A563FDACDE1C36C653091CDEAF0B2253,,,,
A5A132E132730E33876CEA9A1AA684F4,SA8230100974017235393848,,,
AC8A5CA4BB43B6DD0F564A157F728CEC,SA3710000062300173696610,,,
A5FBF3EAFC76E39409175725A81F99C7,,,,
A55431E6C9C02372E0892E13E83C3F3A,,,,
A5F3F741370C3905D99C3775D8624275,,,,
A5D4AA2A202C50943F344F1B1FBCBB90,SA0336036036005719611209,,,
A51A9F3EBCE7C39B7251E325BB8ED70C,,,,
A5452028F74C99B2F142CA49DD821A7E,,,,
A536E14B0B4FEFBF6696BF089DB7E430,SA6836036036010506122763,,,
A5E835AF3807FFD43E877E3FEB7F946C,,,,
A58AC067204E748862F2DC3525DCB908,,,,
A50CA832168DE9E3D99E626C65611FC2,SA1080000858608011319048,,,
A50DE22D601C62369CBAEC91BDA88B4C,,,,
3AACA8780B316D33D57A,,,,
3AF128660CEBABE2D44F,SA7905000010011805708539,,,
ACD1D716C6E08CD87AAED77E22FED92F,SA7905000010011805708539,,,
AC953B5C83DE40DE29883B1515CF0A3D,SA7305000068205831658000,,,
ACFA083EFBD28741B0F58D5C08FB4443,SA4310000079537644693307,,,
ACDD554C620F04892FF73FC02791AD57,,,,
3AECC814BD2D17AFD2E9,SA7905000010011805708539,,,
AC2A8D79FCA9D49079923733EC2DF6F2,,,,
AC6D81D5A820CAB25980F87208B2AE8C,,,,
AC3460F82CC26C6BC848CF9A57BF3C16,SA9860100000782251641001,,,
AC2CF918C0BE76B48670F0226CEC3B18,SA5730400108038684930017,,,
A55BD533F33E2FB32E4093A6141C9CF4,,,,
AC2B2C462E37C488501BAE93A1DAD24C,,,,
ACC311DB27EFE69E49D7731496A67B53,SA9110000079537645805809,,,
ACE803F6E773B46778EFCA1F0A4ECAE2,,,,
AC3E05AE4008C78CE41291D8A2FAD291,SA2715134018969993065823,,,
ACEA275EF3ACD159662A747B3D3DD58B,,,,
ACDFCEA004373640703A0CC459B0B9B2,SA2380000111608016330033,,,
ACDFCCE59B1EDDFCEDD1D3A6205B7A1E,SA4380000526608016015013,,,
A57F24F51FC2FB7742E8ED4C1DB10679,SA6930100991105628762003,,,
A581417A011E5567BF9348B5B27D2608,,,,
ACB4786B5BF55D503914372413F09960,SA0230100974017239439412,,,
A5F5BA6B6DD9566B7E764CCBC8D4F73D,,,,
ACAD29268EF518CCF13847FD939E2947,SA9860100000682251431001,,,
A5A548A8E2CDCC85360A7F6E2DEAF942,,,,
A5B6A084C5185652F42BA663CF400A43,,,,
AC5D635D3D986EEEABF01BFC901B2072,,,,
AC7C675B3C07A60A599F6A0227F7338F,,,,
A52359E96FA93D31D30692D6DB068772,SA1736036036090925634224,,,
A5D2249DCFEFEE10AA18890C127C6F92,,,,
A551B735F599B62EF0340F7987B66636,,,,
ACD28FC80270D3025337B9C5A27F7952,SA7630100806625018285402,,,
3AA11D95F3A4FFF79266,,,,
3AE304BA22703EC1984D,,,,
AC1296F43EE2EF2999A34054E98705EE,SA1736036036090925634224,,,
A557378E5AAB4D299AA3C54BF54AF1AB,,,,
A5A5BDD7CBE3B4F1B63A5784207F8020,SA9515134018968943661757,,,
A52C7E2B4886D737E2B4579DE012623D,,,,
AC603BAFDF8AA0FFCA81618448823B1E,SA7630100806625018285402,,,
A5D1BF0436436EA3DD9DE6BCE8B3EA31,,,,
3A4783E5E7908E82838F,SA7630100806625018285402,,,
3AB67BF69DFC0F5B8FD5,SA6730100974017239662409,,,
3A4B6826EBA93ACDC062,SA3645000000028352094002,,,
A5410F18F132DCB03DEA2A46E5E9474B,SA4536036036001281270693,,,
A5B0923E32F95D4E736D94B6B87F9FAC,SA3160100011082249294001,,,
A5B6F4C7E1068E434A1FCC997CF70C83,SA1315000007778588390008,,,
A5C8FFC932B5FB269EFA3754EEBA5C83,,,,
A58E18D4F6B11EE01AA3415160BE91BE,,,,
AC457C543FC97E0709AED46F050D9C39,,,,
3AADB4F4A3268919B2EC,SA6730100974017239662409,,,
A519EE55CF50803AF3DBF31D25B600FF,SA1136036036044444585736,,,
ACDD2509CBB0A38294E2A6C5C3595F10,SA2730100974017239464667,,,
A5D6149F64FBA1D9114289D3836283F0,SA8810000015559178000110,,,
A5D15BE496EA0E3EB7899670E0E0BA18,,,,
A5B4CC59A41109325EE20C1DE87A3552,SA6030100991103970697224,,,
A56C536E0084405358A4B98BC7D86DB3,,,,
3AF3874F6B5CCF8271B5,,,,
ACD96F293D248ABBC1E740855C174B18,SA2905000010011806264570,,,
AC344D8949B48D8310B32D13931B9292,,,,
3AE8E5E5B450F15A9870,SA9280000229608010000334|SA1810000020719323000204|SA2005000068200779988000,,,
A5F8D8C954079C01056A99E7C39FE1C7,,,,
ACABA50848B86DE7D65C35C96D8348EF,SA9036036036024777493359,,,
ACC6DB9FB33A138B28F2D4339EF66475,,,,
AC382A852F043D04FFDC5A395B5356ED,,,,
AC6701C12245CD3397D5E009642A8483,SA2136036036045457626978,,,
AC7AC4E0E3237B9035749C1F16F05AFA,SA8260100001182251443001,,,
AC0ED0FC631084BF66B278FE1D5E6473,,,,
A5CBE54586467EF6BA4397A0CC3A8521,,,,
A50EDD9DA7A75970EFB306B4849A6A0F,,,,
A55BC64721AC1829E4DBCF247A7B0CAA,,,,
AC7C4619F5CE860FEE2061FD6E0904B2,SA6310000024800000653703,,,
A545BAA378D880030BF1290A41BDCB4C,,,,
A58C3004FF9B60F09029140A00EBBB40,,,,
AC5540E7AC0535925EC5ABDDFE4C5E2F,,,,
AC16278265145EC20F7600F2306C3A07,SA8036036036027073968248,,,
A5EA3BCED3DC5EF5896782C8C48F661B,,,,
AC6085F9BBCC6DEDFB7762F255F9D215,,,,
A55331177998081E8486BE152C4C02D1,,,,
ACC754238CECE7CB8671EAEB37BF24DA,SA5130100949000010696898,,,
AC35B91F6791A654A978E0F710B55515,SA3260100000682250908001,,,
ACC93896713814CBE8E0DD008A2268D8,,,,
AC4729359F11A97E738D81D822C3D703,SA3160100011082249294001,,,
ACC611B540F2A18E81423497751D9038,SA7510000011100180429607,,,
AC3A0F9C792C0D1A0043AAD306CF8848,,,,
A5CC5BDF089BA48CD1E6B3716A74B996,,,,
AC18556DBDA653F44BE5CA4B9538AE24,SA3260100000682250908001,,,
ACCB34881D1E4BBEBFC24D5E2E748856,,,,
3A3491607C2F959BD97F,,,,
3A1A8146D795374B3101,,,,
3AA09D6934F24C04493F,,,,
3ACAA143F7E8B5D0C6C9,,,,
3AEC14E26B196DB85173,SA5705000068207074160000,,,
ACCE43009D185B761E3B445B8FF3C724,,,,
ACEC251030BC1D2F171D91C4DBC0EF15,,,,
ACE9B4F39EE5839634E55EF16810080A,,,,
A5C0073F62CBB64B002DB04B062A084A,SA7310000062300029028707,,,
AC9840348AD523ECFB1A06384DDF3704,,,,
A5603741717C9099F3A3D1CD974DE6BB,,,,
A56E956846487877F2AAC0E06F64B98D,SA9615000007778701730007,,,
A5503E1501820B0668B2D66BC49BC401,SA6130100974017239475016,,,
A5F70C6EFAEB90FDE17681C1D6501AB7,SA3330100974017240198849,,,
A5CC7F456B6CE46C6498D4916371FD03,SA6130100974017239475016,,,
AC08820A03A39AFEF70F8EEE6A56AF24,SA5510000062300156691410,,,
A5FC5703779E1747B9A82C79BEFFF700,,,,
3A268268D0B8673A74B6,SA4610000007700000617810,,,
A5EBB3BBDA79DACA5053FE4FADB15C64,SA3210000024800000656201,,,
A537D603DCFCB0A11348F4CBD0636B5F,,,,
A54793728BD8D24188BDB433364B8F6A,SA9810000000500000123310,,,
A58A5D3DA899AB986D51D8D982EE56EE,,,,
ACE7B790903F4544201358B5D5D65A19,,,,
A52587DD3D6F749E961F0F5844966065,SA6080207873151222121014,,,
A54C9C0A5036EAA051170015BA46CB98,SA4336036036045416934015,,,
ACF7DB9771CCC46BAA532231F95AEAF8,SA3210000024800000656201,,,
A5D9C5AF59FAA293D9539F4073F773A1,,,,
A593D292CDC0F1CC451B2B9977911CEA,,,,
A5BCEB0BBEECC97C516CB2B6504EB3F3,SA3560100015682014143001,,,
A500A0DEE300F0635488783DF295AA51,,,,
AC224C77D5DD4E95A215581744654252,SA1020000002395985819940,,,
AC819B92E138A51D78D94B63A460A183,,,,
A5F707EC815342917BA497BD0AB92A7A,SA1760100000682250141001,,,
A55EA63C2FB6C005EE905577EB4F129E,,,,
ACFFD249852C0D828E91F88EF585A71B,SA5130100949000010696898,,,
A535969595FC68FE23E21B52BA4C634A,SA8836036036088039124988,,,
A581AB7CA485EB24AFCC4C802705FB4A,SA2210000011100421024705,,,
AC746D9426514167FD7D72B49C647852,SA3680000412608016410682,,,
A5976E7CD0FF82F2B1A7B551EBC3E9C3,,,,
A5916442853053E4EC0CE89A67152F53,SA6730400108038700680018,,,
A5E980FF577E4130B19B4B7EB2610BED,,,,
3ADC0401DA0E385CE63E,SA7080000652608016006869,,,
3A5A524FF86EBD77FEA5,,,,
A5851B722621C3EC0AA6E8868F94D5B0,SA2110000045448034000106,,,
A52B3C0072505A6AB5AE606FA14EE881,SA1736036036064723785286,,,
A58DB3FBCE2F697252760F03FC1372F5,SA5660100000682251883001,,,
A5F03153C2C058A1828505B2BA185046,,,,
3A8A07E9B8C0871DB147,SA7110000065500045117100,,,
A5C18329E6694613199976A113626488,SA1210000012448374000110,,,
A588240933A2D3FA0706FDB04E4CEB25,,,,
A5F85EE40F49283F55EAC0D2C664E5AF,SA4636036036041588504884,,,
3A3FAC4F5D774FA48BE8,,,,
3AEE6EC75AC64ECB75CA,,,,
A5D73D3700D57A725F31EE1B5EB1A17B,,,,
AC9F134A0D62ADC55CEBE4D7A0F70E99,,,,
A50D7F58BDDBE852DB1BC19CB631CBFE,SA3010000001800000184706,,,
ACF6AF43700602C647B86D6252B9D120,SA1210000012448374000110,,,
A56FAF7B531C51BB884EAA0367E48C9C,SA3210000024800000656201|SA2210000011100421024705|SA2110000045448034000106|SA1210000012448374000110|SA3010000001800000184706,,,
A59AA254AE6056A93E2F8F8FB7EA2BCF,,,,
A56EDBF152B0B4F255B5E5B8579F0F5D,SA6510000024800000655510,,,
A57A6B3C28002197F9C525FD5A7E2249,,,,
AC5865400C1B821768AC12B69A4D4919,SA1210000012448374000110,,,
A5BADC5205EADF2C16198B9499113673,SA8710000015300000810207,,,
A5DC9F4F1795FE1A1ACA5A9EFC65CB43,,,,
A51C9CB647915E987E3FA4583F91AF16,,,,
A53CEA06CCA3D07480C609434B8ED1C4,,,,
A5D8AABD696157A1A6F155058CE2C2D0,,,,
ACD95CE001E42FF6E3733594CA19A18D,SA3180000661608010063543,,,
A5AAA9B01CF7EC15AFF41FA577541AF1,SA0715134018961265465866,,,
A5610F3C45FB2345AF53FCB1D9A611A9,,,,
A563F43E2EFFDB6C2AB7C77CC1514E4E,,,,
AC93A9984989FB689E690C7BA88A63E1,,,,
A5F201DED52A819388204A32CAA07381,SA3180000661608010063543,,,
A54313A01E66B7FA06F56C3832178889,,,,
A573097CCAB8EA084EFDA5332F42C7E1,,,,
A552778DA7D247BA642AFDBE5C4472A5,,,,
A52882EA9BF7730628D30CBF1E1094F0,,,,
A561AC1B2C7A6B8B0FFD4EB915D8D7EC,,,,
ACEC4104AD72698C76E82EFBD4DD499C,SA6480000856608014022245,,,
3A17275EC19F0A534CD3,,,,
A54AEEE05C2BA29D61A914F35355366C,,,,
3AB9AB163F70097D290C,,,,
ACCDCF2A771FF3C55A32B5083D206E0E,,,,
AC0110EDECAD3D5BD002F8FD5C29ECCE,SA1215134018967380067774,,,
3A0E91B6AF4E583A7BAC,,,,
AC7BAD56FD851FBC4F4F3181E384E616,,,,
3A029DED412CD3854756,,,,
A55DEEC05306D3D6FD56170231E09CD4,SA3245000000029323144002,,,
A537438FB823B94496D932F8D4F5356F,,,,
A535BC7A195D63B323D86D39487885CD,SA7310000062300029028707,,,
AC65548D89C23C08E3F291E0D0C72375,,,,
A5030EE361998545355930C2C29A830D,,,,
ACFC0EF56A4D7AA34BFD49F4CCA65932,,,,
AC68A4C2108D4AE291272264FE8196E0,SA1060100000682252415001,,,
A54FF5C79FBBF296D7945FE0C1FC8DD4,SA8230100991103628583842,,,
AC0B5C716B5670122664AEC84F66A910,,,,
AC3353373EE857D4C5DBD6D1C06E6CCC,SA3836036036008717273553,,,
A5CC50D11BFC157FB6192F9C2FCB6FCE,,,,
AC9C57CF0F88A703EEEF7150F6B41660,,,,
3A2F2BD4DF8BF85498AA,SA2830100974016734927006,,,
ACB2C56EE53939BF0C4D455913F7422F,SA5510000062300173802404,,,
ACD7E80FD325EA1F3A6BE11D0704DC3F,,,,
3AB07B93A611AAA0DB50,SA4705000068206185355000,,,
3A23BA2FB2FA0DA57DC1,SA9630100974016882714206,,,
ACFBA5575EE8A7022242FB5566DF9815,SA2580208355171222121017,,,
ACCC147D0AC5AFE55ABB980C7DC23FE8,,,,
A5F9E9B1B8185D5FCF1613C3CABCEC8F,,,,
AC7EE245E7CDDE0EF4A18538AE032CA5,,,,
AC452B6F5CA4259B536366B58498E804,,,,
AC3EEBD1B10FD425BEF3AFA5770F4E81,,,,
ACA9E9040B490573FF5604273B1BFF6E,SA7760100000682252627001,,,
AC9993B4DD36E4A417947285E707600C,,,,
AC0935EE6A4A4FB950E2DD17E34DB4A6,,,,
ACEB4DE959D1F54A0141071546DB6B70,,,,
3AA4ED3B2F137AF4CBAD,,,,
ACC0E434F0FE09639346A52CE325D3A6,SA7936036036093898308979,,,
AC311F566C429D91CE9EEF18A7A0E71D,SA5410000062300173887103,,,
AC31FC931745E9ED3F51D1575B969261,,,,
3AD05A78FB72156EA5E1,,,,
A519FDABF49136CB28B115C514E3DD21,,,,
A54B93AFC3524A755D1998A107998374,,1111826044,,
A5719CF6CE6EB314CD079E9D67FE268B,,,,
AC1659DDD684220CD254DD1E64430C70,SA8736036036053055409004,,,
ACC5911C7AF9E7477A28F81C8280CA43,,,,
A5F5AE1EC6F33198A7457AA5B0BFA6FF,,,,
A5C431620063AE66A61C279406416B42,,,,
AC8C7B07A9AA14C0AE45CB507ACF9316,SA8980000866608012736627,,,
ACBD1722EB4597DC01DF46B54B48E909,,,,
AC9BFDD027B34C074C2C4E7694D15018,SA1593000099233234087000,,,
ACD0B5145762C20288994F0A66617F9C,,,,
AC01E1600211866F9F15A0733D75D962,,,,
ACA9076C2F6D4AACCAAEF2ECDCBCCECF,,,,
AC7AD6041F510928883848E7A4C85D56,SA2705000010011817643579,,,
AC3622B7E1F80CEF3A3309248657B4D8,,,,
A5BE8104F9B0EF256D0DA9653D569330,,,,
A57AE446310D7690FEF2EDE16237A534,,,,
3A685DF524D55ECE2DF5,,,,
ACFDFAA161690337B419AD4A41876C07,SA4580208301682222121018,,,
ACCA6DB59A34D44EF8DF8E19F1620947,,,,
AC4EDE7B3A5FE24D512A169795C1D132,SA4815000007778796670009,,,
AC056630C19747ECF6E34873D3BD9EDB,,,,
AC3877A503DD63F0FB69D89C552A669B,,,,
3A393E9DCF3585A0B4D8,SA9736036036062331773546,,,
3AB5BBBC8BD57EB073E2,,,,
3ABB4E88035F1CE5A7C6,,,,
AC667D0245E6BD902F4933C52BF70D08,,,,
AC9614F79B3ADD86DD64948B0A6ED6E0,SA6160100000682252753001,,,
A589C04556B856505AE49A46E242D861,SA9320000002903160299940,,,
AC1A5D78CDC2D9331714815394B8AB2E,,,,
ACA23A405823723CFD0453E1807EA957,SA1536036036032076194428,,,
A50DC84CDD3A1FE73978E4FD39BE7D92,,,,
ACD1766666CF71BB18192F9B41672BE1,,,,
3ADC05EFBB70CC8D7B02,,,,
AC17A3FD22FAFC900F0E2AFD1248468F,SA2436036036045122935117,,,
3AC358C8F5216B77F79E,,,,
AC693BE1D100525B33BAB972F0D6E8DD,SA8280000521608016043952,,,
AC515834889F078D59BDA3EFF17BD514,,,,
AC34F573F5A27E40A6028E51B5194F2D,,,,
AC149EE2C45B4126B6D912F9C7DEF8C1,SA8330100974017000884496,,,
A51FA2B95774390D87ADB8488139D61A,,,,
A5BCE218E8F36B85611A53E7CE0A085A,,,,
A533A531B7FA109312848BF1E01C875C,,,,
AC4615B33B2CE106D00154DF3503D173,SA3910000033200000867600,,,
A567F2BB321448F948963ECAC71E314D,,,,
AC0E707DC62801AC8C4554404A6BD1D1,SA8630100974017241341040,,,
3AC87F25DAE9BB01ACB7,SA4080000223608016057086,,,
A58859F0EAC69FF843080F7C40EEF98E,SA6730100974017241313834,,,
AC88D2D29D7C7C6F3CA60ECBB4E70E4A,,,,
3A8EA1A5CB5ACA8FDDAA,,,,
AC33BF3C92F8DE01626F592460B63B14,,,,
A5F7333D580AE7873B0D58743C1985B1,SA7636036036056135627809,,,
AC62D5966CA9B785E270341DA9256118,,,,
AC4D03273E7C9221C3761144CD71778B,,,,
A536C2ECBB35CA5644A7FB93070B7E6E,SA0910000004700001282203,,,
AC5F650BAD1EFBD5759F105B2C2ECFD4,,,,
ACC730D63CD859CB082A5CB8FBAF0AD6,,,,
A55F230F922B2820B2A3E4C767B5B0D2,,,,
A51D96C3642526092CB31E206A61DEB4,SA4880000856608012492358,,,
3A54B95CC05BFCD6A9DD,SA4410000065500042459301,,,
3AB5AEB83001088BA8A7,,,,
A5EEF429024F189EF1C7DF13FA1A3339,SA7510000062300173641800,,,
3A8A25DEB3EDC2818053,SA9380000857608168528899,,,
A5924297FA85EC57F17BA494BCA4CB5B,,,,
A522465D75EB3262A8DB51C435E06160,,,,
A537033BDA8428B27EE374E7A30A054A,,,,
A577DACA3B6E7D5FCCFCE37E0B387CC1,,,,
A52037BFBDBC08AF71DBA4282CBB603F,,,,
A5DB8E6629A9F446123563079D68BAB6,,,,
AC8B0B969FEEBBFAEC8101A348D11FFE,,,,
AC602AE27BF01EA210B538A7EB4E0751,,,,
AC2863AEC660501B58D226976B2783EC,,,,
A58AB1F8951BEE28D8B1D1C7DD64B1D8,,,,
A5E630F4654E10D5F73AD494424FA3F2,SA1145000000028392710001,,,
A5CE2D3FC552901F7AFE87752D3AB409,SA6980000533608016130110,,,
ACEF394556BFB7D3696F2F31782F2306,SA2530100974017240828038,,,
ACDDCE35195AA6221D9E6EF210724C7D,,,,
AC956F31D56876AD4F51751CF7FAFC59,SA5915134018961264146409,,,
AC3BF7A659ABB9F4662BB2BAE50CFD7B,,,,
3A77C28DFF1793BB8154,SA0530100974017241252870,,,
AC9EB16CA7329F297DB397AB0B2F3791,SA1330100974017240781694,,,
AC99A0FE4BC542F5F2A5CAB8F9BF1F7F,SA3205000068204140895000,,,
ACA23EEB630C7740937B6EB8B7DC2163,,,,
A542F84BA822997D7A550BD054DA4E66,,,,
A55F8BEC7DE9685CAD88145AF811D6E7,,,,
A5BA1E7CF9D3C463F8363EAB39BD154E,,,,
A5F212D61BD1F1A202118695900D038D,SA5410000062300173692909,,,
A5C33260531D3BA1BAEE206F09D3CF71,,,,
ACC35DA10A0B250015ABA2361E838080,SA9230100974017241240440,,,
A56F8091E959286BC6F9A97899BBE520,,,,
A554C47C5BD0F49C02D2C75EFBAEA556,,,,
A5FC7B4E50826847792B0BB8C3B0F5F9,,,,
A5B2EF1DA93131D683F947E7FE668536,SA9036036036013930658867,,,
A5B14F751282D59B62D44879D57F9E39,SA2905000010011806264570,,,
A5A3A199266288FA2EE46A628E4B2CD5,,,,
A58FDBDD285C264FE8A6E98FD6AB3013,SA3310000098400001069506,,,
A502884B79D3FB512352D56BE15F8811,,,,
AC9C1804C31A98A8510AD09F15030854,SA6130400108038686580012,,,
AC496F0440F0C197D04DE23454082834,SA4710000015500001755600,,,
AC9D13F727BB81B0120E88CA24EF0BD2,,,,
AC047BCFFC09349D9F9353E752E84D1C,SA1930400108089052830019,,,
A55EF21D0DAAAFC1CC31C1EA7FFC0579,SA5805000010011819312585,,,
A58C06668D472D6CF5194BB86BB552F7,SA9036036036013930658867,,,
AC9FADFD5FA67E92AE498B58586EA96D,SA7610000062300173880305,,,
ACABFE4CD1088C099C4E1AA3F824BEB7,,,,
A5BF8F50EFCE759F028329F9C1C48F88,SA1110000001300000872900,,,
A5E4D671188FC6F89FCA43232C2F8D01,SA8245000000028390805001,,,
A5DA8D767636257706C770728E632F0F,SA8593000068076916786000,,,
A55785B20AF056C9E9115C9A9E3B2230,,,,
ACC542D134ADA1F978ED4DC827F33C07,SA7510000062300163928802,,,
AC5349E9C61E1492542698E9F8253F5F,SA8780302050453272221210,,,
AC200828D919953DAB07F9B3D55FC6A2,,,,
A5AD8D7C61B91E9837B1D1CF3F98E9D5,SA2120005298200000377483,,,
AC4F3FE36F6CDC5CD4F88D680D620206,,,,
A58E7B57E4D8FA8CAF71D967D91282FA,,,,
ACF29DBC331D566731C6B459A9160FA3,,,,
A5814F26966086FA1D975F94AADD9695,,,,
AC632F162D309F1EDCAFDA88167D1A58,,,,
A519EA274BBA9FD86C937202A4CD0386,SA4230100974017241287609,,,
A52E6047B8011547031D707070A34161,,,,
3A5B3472984C4756602A,,,,
A572EE26862D8457F71558164B64A59D,SA0910000025700001690105,,,
A5EE6E788CDEC0ECE0D22F356E73E323,,,,
A599C89F33138D4C2DF3CB733018439B,SA6715134018968680297367,,,
A5D36F5377AB8A8E4015AEF98BA54595,,,,
ACA155E50D7E2D43B4D9E4C5ADB151BF,,,,
A5651F960DBBE2A4D3CA053D477BC02E,,,,
A5014F9B30FD7547658E4B1FE2E38346,,,,
3AA2FBB47C7828D1ECB8,SA0836036036019023281399,,,
A5FFD2D657EC3AB31BCB023074BF7C5C,,,,
A58447AD44D355E817F678CE7DE3BBD0,SA0680000867608014842777,,,
A5F5D826338CB8FA75E91D42D9F2E373,SA0536036036094048355149,,,
3AB4E30BA412F28F2C52,SA2980000189608016011648,,,
A5034F05776CFE2FE3399A24B3DD7ACF,SA0910000025700001690105,,,
A5DE44F9BDF9F75B8A1AB672091780EF,,,,
AC1109FD0C5DC658196AD8F160959D70,,,,
A50E35B9E9F191A6A245304CAE17B6A9,SA7410000016700001785609,,,
A5B290C32E5970DE167A6346BD1F342D,,,,
A52D63990A2B41A28B5D766538E55A52,,,,
A5A9A238614DBE66A6CB7C0FCDE738F5,,,,
3A3DFC8844336D02CA1D,,,,
A5AE01E71E959E7AF8111799E073D07C,,,,
A5DD131379404B9DB376E3BF160F5F43,SA2930400108037031200025,,,
3A18FF1FA9BDC0006A98,,,,
A53B2FB026BBD33F9BD99AAC41161496,,,,
A5FA2D12C75F6DF4C82F0C1E3AFC46B5,,,,
A55B741020AE3B200DFA6D0D688B958F,SA8180208340463222121016,,,
A5754D13C986D8DAE0FF4A313CA87AFB,,,,
A5993718836878FDDC1C9CE6F5C8B5B6,SA2545000000252367370001,,,
A550DD455F3D8763BF66BDFFFF626D04,,,,
ACE2D637F845FF581B5CB598F75713A0,,,,
ACBFD5B547E2D8D9110E413E048DCDA7,,,,
A5C62FF43231F2084F1E4609261763AA,,,,
A5DCE841F3BF5C7A997FF64C7B1B1DB4,,,,
3AACC75116B16DE4DE1A,SA5380000681608016082840,,,
A58ABA876093F4E73D3C41A20314AAD8,,,,
3AE5B5EC802EB034CE97,SA1180000636608018888661,,,
AC9FFE256EC876DF0FD2FC9E87E9F3D9,,,,
A506E7DF541372C5CFC5231B7FF776CC,,,,
AC182D9B6CA324B5E73A7F927879A64D,SA5630100974017240871809,,,
ACFE99D0A30B73DC6C2E10EF4B922B98,,,,
AC8541B5CAF0273B58B255BFF2AA28B5,SA8180208340463222121016,,,
ACE8FAFB9601A149608D4E3C1450D70C,,,,
AC5EC674620189436F8DA710FB72923B,SA2010000065500039000907,,,
AC22F374B4CF2B85DFB2913C98EB2526,,,,
A501D1E36C09D8DC7DD056ED327FFC2E,,,,
A5125D49430274AA597D8EAD744040E8,,,,
A5C4E664661EE3810B55A9633A6D7BDE,,,,
A5346C007B43C3EFA5BE1C83CB5162BD,SA7230100991103075881320,,,
A52FA742168A173AC7B5D7723F4C2C4F,,,,
AC93A5E8486AEB9D39E8BBA2A5626736,SA8836036036035970718185,,,
AC7A3D88037E06D51FDA64CE894B8435,,,,
AC3079732CE658FC6F6C0FC15CD90916,SA9030100974017241486468,,,
A54DFA1A01C50B540DAD49E9CF3A07CF,SA1730100803100455805019,,,
3A733162F90026583402,,,,134
3A4FACAA9AE8B868B42F,,,,134
ACEE556B6256FDEB6D2EEFC95C5863B2,SA8593000068076916786000,,,
AC4CCE1D0F72A7C33E91792D48CA3344,,,,
3AB230707F5EFD99DE19,,,,
A5788415BBF0F55818C57E30AE46F64A,SA9878000000001275829467,,,
A544E01B516B822AEFF5D256A7206797,,,,
AC2BE80800C08C2EEEFDC2F5FD3EAACB,SA5710000001900000343101,,,
A5B7DF6922C3CBDCCA081D7828B5740E,,,,
A5B282967259BFFEEB579E9BBB10201C,,,,
3A551251766319D10D69,,,,134
3A9BA1946E3F4E2EBADC,SA1110000004700001271400,,,
3ADC66FC11485C91A193,,,,
AC23F198035050B61D70A16A04389E53,SA2910000062300174083008,,,
3AE9A0179AA174FFFAA3,,,,
3A9877CDAC667778F110,SA8380000130608016655378,,,
A518A47768D9A54766B0D82B8355AF8A,SA7736036036083964825262,,,
A5A283FC8226BEC3E74E33B2206AE030,,,,
AC2DF37A6AA386257D2A253586BE57EB,SA4820000009306710289940,,,
A5B31D408254A299A378C29C3632B65D,SA1830100974017242019421,,,
A5BAE0A97B45D07235A8208E7A4F894C,,,,
A5A3F872B269AAD5FB30A843BCDBAB5A,,,,
A5F18C6C557569E051105BE6372BAC07,,,,
A5F1EB56378FFEB442D9068DA0568FDD,,,,
A5C9F504530BDDC0907231D85DDDC9B5,SA3578000000001107587108,,,
A5DF91AB593D5939FA457BF987D4F87F,,,,
A5EA89479563136ED5AC8C758B4FCD66,,1121372658,,
A5C9BFE3ECC5592B077D78A5C8D1BD18,SA2710000001400032604702,,,
A5A17CCE4F4F7FCC5F3E756AC58E553D,,,,
A5D2ADD80DF88480E9F390F026217A1A,SA9630100991104852761129,,,
A579E5FFFDC81C1EAAF3384572A61F15,,,,
A531456BCEB36602D70D0770C22FBFD7,,,,
A54E71A6C094D2F91B004FE0EA34FF76,SA4930100991101912850861,,,
A57995FD0A69544CD763AEF9322B2B26,,,,
A5FD0FBCADBC2B00205C357727A58FC2,SA7330100949000010079000,,,
A5D2E47EDA96B8D60C6C0E4EE4C8C924,,,,
A5FBB576666CB33F70B7391CBD9309C6,SA3330100991102287727534,,,
A51E6AD8080646EEDAB82BF909BD5201,,,,
A5F716285A41FC0B5D98A31BFDB6E1C6,SA2420000002291914239940,,,
A51493F842BE6D893F70F0A645B5918B,SA3378000000001272102248,,,
A55A304270D69DD75105195CB66C1782,,,,
A59C336E51B9DB4F383E03268FDE16DB,,,,
A5C3BF054BDF9BF62840C844EF1C6DAA,,,,
A500A93A618EF20343D68FE676D4C34A,,,,
A544DF28B3D340C00E34035C22726229,,,,
A5AD314301EDE3794970F00B4FDA47D6,SA2120000002394382189940,,,
A57146DCDD7B8FFDC3BDC1236F2A6486,,,,
A5F004E10200D496E293A70949CCA370,,,,
A5045BC955E95666E315CB703564B314,SA4530100991109504565245,,,
A59FC66FD63461B6A2507B8635E41954,,,,
ACDD5A057129C72E1979A7063B86FA4D,SA4910000005865175000107,,,
A5ECFA295D13CFDA744EC7FBC81B3909,,,,
3A60EFA6200CD933BC60,,,,
A50742D5F3F7B90360713FC8F9A10C48,,,,
3AE35EA3302E3AB37B33,SA2110000072300003338305,,,
3A18209A3257769FAA24,,,,
A513BFF9891B5D827B693764D11197DF,,,,
3A90905BDA10BC9F5D70,,,,
3ACB0330A66B57D472F2,,,,
ACDD47409AB4F7DB33C1509EE08BE35A,SA9136036036026554025837,,,
AC2F83540B60412D0ECCB6A38C35EDA8,,,,
A5B72F96139487D1C6EB604D0A8B1314,,,,
A51898A8D2F3478728F4822798522187,,,,
AC08387E4612557F660A19D7B48D5D70,SA2330100974017242232828,,,
AC180B62326B31D243B3DF4A4D4F1A10,SA4836036036042557660754,,,
AC848337AF301EBE34A98F7799ED5440,,,,
ACC8304D4C0236B81D41B3BA531A613F,SA2980000598608016338749,,,
ACBC3FB7E3CC02B79B1D9A9180DEA55B,SA5310000011100454907508,,,
A5056624A6AFCD56C32558B25ACDD5B6,,,,
A533A55EF968C67E33F1688EE963EB88,SA2836036036022427587704,,,
A500F7B3793395ADF127C0CF9A12E436,,,,
A500D9CDEA6C2F02B2C708A8388DA642,SA3280900188801992540018,,,
A55BCE497275EF51BEC4294AB3226CDB,,,,
A51DE20ECECEDA99D56DF6CF41D9DB0E,SA5110000024800000660903,,,
A52C8399F991962B575F2490675159C5,,,,
ACDFD5A941F1B53CDF9829BF437F75EF,SA1330100806624987768978,,,
A5BF37D242B76824E25BF005A96C121F,,,,
AC7326625FB4B443301410B9763CFCEC,SA8793000091515917788000,,,
ACE826414F473DDC1EB7D73F6DCC30AB,,,,
AC707AD50876E9D0CBDE1874CF81F862,SA7730400108038724840016,,,
A57462BB357E7E86234137C654A8761E,SA0515000900143179890004,,,
A551645B84B46BD75FA4B7F178B49427,,,,
3A91EBA7FC629FC4D061,SA2560100000682255510001,,,
3A0956EA96293F550CE9,,,,
3A20268614E980F3967A,,,,
3A434E0077644E23F658,SA6305000068207005558000,,,
3A382A3ACF716C6B73FA,SA2780208371563222121015,,,
A512215D65731BA0A637115C8F50277F,SA2420000002291914239940,,,
A539FD257FFED51F4588F1AA297632A1,,,,
3A8DFC62B6736FD7DB69,,,,
A5D4D2C659D17DE0B21ECABC762B9990,SA1345000000073384471001,,,
A5DCAE8FA8D954B1AA59260723E04A80,SA6880000996608011396658,,,
AC58923F1C0E9FBF8CFF74A25CE8792E,SA5110000032250352000108,,,
A587C47935FCDDF4E36143C7C3573F4C,,,,
A5D8EFBC075F7657ABAA0E99957E3BA8,SA2930400108095797690016,,,
ACDF0050E0BF05385659B02A95EA607D,,,,
A5CCC8DBF0EA1D9FB6A83C1B1EDA542E,SA1310000015500001759704,,,
A5B5FF8BAFA765ED32FF1BBAC5DE23A7,,,,
AC1A4FBDC38DBB62153CCA01D27BC63B,SA7810000005800000795809,,,
ACB76D3E98310D5672D41A29D71B6237,SA6430100974017242916425,,,
AC46AE8737F7E29F32D88A7588E0ADC7,,,,
AC2DD9F1A8B263F7097FD1949A046E70,SA4910000005865175000107,,,
A5C10FD1407FF33C87D7627012A118FD,,,,
A54D23007FC698FDCD1D10DC9390C80C,,,,
ACA5913C248DAC3ABF47E6F855D9C114,SA4480000337608010213563,,,
A54A085A51B2DA2BA2108859B20744E2,,,,
A5F1BC879183A8E5121DC8B99F58BFB1,SA1180208373115222121012,,,
A530426705ADB89644060E6C09CFA8F1,,,,
A5226316E8DCC341A4DF17E72DEDF9D0,SA5380000242608010114070,,,
AC9C7A7458EE79B7386B754138DD6924,,,,
A5AA02223BE65307B5A72FE924B56B26,SA1180208373115222121012,,,
3A9AC45A414788158845,,,,
A58886813A63B608BF0E0F27B39E3FBD,SA0210000065500017118807,,,
AC104CAE9C61C0C50B3DF4F1C35026C5,,,,
A5636CF6E25EFD1BA199F94DB0428CB4,,,,
3A0432D2468336618E04,,,,
A50613CB7179854DEA35A187BEF6F1A0,,,,
A52BAD624445F7C5AFA30240294F241A,,,,
AC35CE39DF14F9B50CD016D327BDC410,SA1830100974017242042216,,,
A582CB160CDB5A5726612C9A115DF211,,,,
A55C8D8856169790F6741627C233A69B,,,,
A5E47E64C1D08F5A261F19E122A9CF3F,,,,
A50CEFAB34C8D44A184C4E1498B6CA53,SA3310000024800000662100,,,
A5CA8F428544C7ABBD86817461A6520D,,,,
A53B09E14022E37008DB4FB23A9A8C2D,SA2930400108095797690016,,,
A5DAC567E867B8CD1A1CE6F21ABA6FE8,,,,
A5684D49FDBBEAC0225FCA715DDE17D7,SA0460100000682242738001,,,
A5301DE65BA166E1038E93E42961F730,,,,
A5C03D38C9139006B569BC9C89BF98AB,SA0515000900143179890004,,,
A5F1A8C231F7FDBF76BB9E9A5070F8F2,,,,
A5A412AA5EC58BC2134045A9DBFEBC37,,,,
A52E90C7FC9738597E9CD0BD27825D68,,,,
A56CB146EC084373B763C9A2BB85A32D,,,,
A5488BD5955E23BC72805D24822B950E,SA6305000068207005558000,,,
A5D3961DF78BC686CEEB07F8C7459518,SA8736036036063629286369,,,
A5496C1D56D26878CB70C74521F96E71,,,,
A5DC248A00B90B0B494C659D54E73F9A,SA6305000068207005558000,,,
A5DF3283204CAB6CF1B44342230652D7,,,,
A5DA2250B6FE71ABFC8AB2685D938E45,,,,
A57A842E62B0BD53A4D3487D6380B64A,,,,
A5FE57245262673E6E74CDC5115D882E,,,,
A5EEA12012D3A2557835EB77FDC4D868,,,,
A5ED783DF8F32765D714CC49FAE81D9F,,,,
A5771F22805E3D47ED2B07A5BDDE215E,,,,
A54379A8CBA68BBD5F28BF923FEFC79D,,,,
A50B78EEE0831CAC5A6F8CEEA51F3D7B,,,,
A56D2CF2ADF6E4FB318E3E389C5C6634,,,,
A52A3067A8014F53D6F638D353CEA13E,,,,
A5ED732E3BE43C67F3238D0F1E143985,SA3880000484608010002330,,,
A5CF0D6C25630EC08F3E1519219B97BE,,,,
A513E098C7418E84D91B57A874CF56A2,SA3880000484608010002330,,,
A5D42B61BDCE34C663895E432CA78AA3,,,,
3A17739D3D0303034BF5,SA0336036036004610388079,,,
AC479AE7A87B449179BCD9630E66C755,SA5480000219608016090984,,,
AC4CC0336173268C1AC0DDC7E3BA421C,SA2930400108095797690016,,,
AC721BF9A2E10CCA7EAF0BFEFAB898BE,SA7510000025700001695804,,,
ACA305F942F600C6ACD74F9ED7EF50B9,,,,
AC280BA55DBD3922E906B5D56E8B6B33,SA0936036036052178868162,,,
ACF471250C6EC691C2E049F3E30F93D4,SA3380000522608010104213,,,
AC7553A5E759AF43AED6099963F0F3CB,,,,
AC7EA64374B232BB16632AF9A7F202C2,,,,
A55E8A4A682386EF12B73ECE4D18DCF0,,,,
AC244D518EBE8C426825C6E2BFC4BA81,,,,
AC4EE1FB890E1B23FF1A20884408987B,,,,
AC658A6E5E4F6FA19C20B452CFF75CFD,SA4560100000682256371001,,,
ACA3379F48E450D866D5B19A13E7B02D,,,,
ACBEA92887C066B4403AFFB7A4823F37,SA7030100974017242580600,,,
ACC702906AFA23F8D3E2953DEEFFDAB5,SA6680000519608016079745,,,
A59D8901A12593748D246B59B4007ECD,SA3005000010011826619517,,,
A557CEBF8614A4DE58FF1A135896AE77,,,,
AC25D1A4F16624F6D247DEAF86D71B07,SA3310000011100247989505,,,
AC3F1724433AAC99E033A353F7B5F7AE,SA0336036036004610388079,,,
A519243AC81B5CAA097248EFDDE05A65,,,,
A59F0F75BEF99E2C2DB5F438C6E46417,SA7310000010700000341403,,,
A57928AC2F07328C4F53193032AFC45B,,,,
A50118C8E7CA71571C08FE3497DB24D5,,,,
A558B29BCC7B6E3C759A86DC3EFE8874,,,,
A530AC786C8FD253705080F79F5D5CCE,,,,
3A192E6126E29B71A982,,,,
A5732D22105D2CA3DA5867C254F798DD,SA8180208353404222121014,,,
A5F4AB09A61D38F75080E05B86995FA0,,,,
AC5CD16CF3F79176E7EEDE46ED9EA19F,SA6580000865608018474174,,,
ACA7735F355763981D7803E12A7E1057,SA9810000064100001456402,,,
AC877F43344F14626B83D3A8F4BB12D2,SA3080000856608012381908,,,
ACBE85ADDA4407ECA32D92A7B93C5796,,,,
A5B8EF29169C56EDED4F2336080D0C52,SA7030100974017243097222,,,
A5D361FCC864259098E32ABE02A55A90,SA3010000025900000432209,,,
A53C517B744461DDF0B33C480CBDBAB6,,,,
A5E2A5FC8F2F9CEF7C5208255997F8AF,SA9136036036012994690620,,,
3A84CE3A74D3A3F39D79,SA6615000007778841470008,,,
ACCE1DA33598957D680AC4219FE7F542,SA3330100974017242865282,,,
A5C0E8FA157FA99E6DD8A6D69A59C611,SA3015134018967333976930,,,
A5CC6872B8C8CF62689B27B1DA91203F,,,,
ACB836154E669162667146C9190E941B,SA9080000867608015293673,,,
A5571DC5E15203D84DF657742C10D687,SA9410000025700001697208,,,
A5FFC3DE53F19EEDC5AA5E2FDE3163D0,SA9130400108038737280014,,,
A509B0AD589A47DCCE102ED6231DC021,SA8110000011100500674805,,,
A5FF4CDB49C3814F37622FCA63C695B2,SA1880000310608016023256,,,
A5FC1678A581171D0E84E28E0DE327DB,SA4380000270608016176417,,,
A5380F135F5F56246EED76C43AC819AC,SA4530400108038765570019,,,
A573944BFC87F9FDA98A3E238277AE4C,SA9410000025700001697208,,,
A5CC9DE9CD24C1A044B101780A1A795F,,,,
A5CB750D1788AD2B11195B0534F6BE1E,SA7980208378120222121017,,,
3A3EF78F277C71631E43,SA9130400108038737280014,,,
3ACAAA5AF78E339B699B,SA8105000068207111025000,,,
3A5B7F77C10BB91212FA,,,,
ACD02438308A2B17A7C55E9C95945A40,SA1305000068206302920000,,,
A5BEAAC395C39B39C7C44BDCDFBCFC02,SA5380000329608010422933,,,
ACFD36A9D1133E182B06D3290C915CA0,,,,
ACA18B2CA17073E87D100F6C06CF2182,,,,
A5621B868D8AA2596DC5F95F709B72AC,,,,
A5FCEE4F530654697407C63BC72184AF,SA9230100991104863188410,,,
A546307433D259BA535132447B7D38D7,,,,
A5FC251C35FEAEA7D190E8A2AB2BB110,SA8936036036096302756439,,,
A5AF7D2BE34CCAF0AA8D82F825F98A11,SA4736036036021427663250,,,
ACF271A1BA84B3BBF243EAB2E4AC7C30,SA9720000002264274569940,,,
AC255B4C33E119D92848A009952CDE54,,,,
3A653972F582905B7997,,,,
4A1616C5473EC3A23449,,,,
3AB68A9974EDEBE2F8BE,,,,
A54161CE48ACE789EAA17FFF880E7AB5,SA5030400108038737020016,,,
A5592FED0B8EAEABF5C801548EB2571A,,,,
AC0A908CA58243C39C5908D0E706F7CA,,,,
A503705A092080FFA41285FCBB7C0077,SA8493000074205766261000,,,
A5A6D035C62FEB4FDE89FAC1CC0FE229,,,,
AC3705767A97C28C1F9E45132C5D5ED2,SA1280000273608010510279,,,
A575F3203CFFA306BF92A277C6EC4436,SA9480201098422222121011,,,
ACE606E608300CBB6DB00118FE48C3AA,,,,
AC07FE3A14BB7A67194E062BE3A703AC,,,,
A5098818710A66CB01C9A0DA5374CB05,,,,
3A8BF3751E89B717EE7B,,,,
ACD66E383A74038DBC82338C6BFB9D36,SA5180000534608010055759,,,
ACB4ED114A2343E33BD46CD459741787,SA7410000070500000522501,,,
A52CFB7FB88376CAA15EECB8D613AE97,,,,
A5F52CDC1ED1A6ED734822DA2726E175,,,,
A50560B9E1FAD758444B116EF38D49BC,,,,
ACAF3A1694796C7D17A0FFC2BF9BFCC6,SA5580000225608016159245,,,
AC4B176D6D785D584378F5995802FF25,,,,
A5ABF9800679CB6C57CDFC0D8242E9BC,,,,
A5DB6FBF8EEE1E3053409D8BE5B794A1,,,,
3A75C6775E27559C84E0,,,,
A5715AF2BA4C24B6168796D4A4471705,,,,
A5B2AA440852CEA7ADA98D6C073E63E6,SA2610000011100325406010,,,
3A698530625C00604710,SA6920000009324187329940,,,
3AE72048FC7994BA20FF,SA3580000312608016039631,,,
A59BF5830AA0F88E168A0D60552F0ACE,,,,
A5ED871B8137DE02169ADCADCC540632,,,,
A52EB61AD07744CD4762C92594B223EF,,,,
AC7C7CCF0034954569EEAD0778AE3D45,,,,
A56FB0F52D21061320EF738EC5F958CC,,,,
AC12F0879F7F9B44FAC28DE3EBB87742,SA5580000375608016222652,,,
AC8C35E1055061405F5B3745ECB0A6D5,,,,
A5DEA08F3E8E3215171BC8461D9DFC0F,SA6460100000782257656001,,,
AC6E4D6EB86D13465A90E09F6BD4D055,SA6460100000782257656001,,,
ACD1E44FFD8D90F958F27A27A4068BB6,,,,
AC5A6F4D8D67E1C6DB66C847844DE361,SA6510000030450903000104,,,
A5B3216065210222DC167236C65CB054,,,,
A54F411EBDCC237D931AD90116C388DE,,,,
A5E58FBA427B922A9B213C015D36A4D0,SA5810000000460000010180|SA2180000104608016089083,,,
A58E449082EAB58E467996940B3DE376,SA5230100974017234641474,,,
A5F6224077B9A324A4C2C162013B85CD,SA9680000210608010704365,,,
A582B94E606FBBB51725F38C638FEB57,SA2836036036042182975140,,,
A5EA3AC060C7D3F886A9DAF7A3B16CA5,SA3280000141608016123119,,,
A52E79600DE3BF5DAB439397DE914BB9,,,,
A5B5140668F4742C84842FDE7CD0F484,SA8910000004200001619609,,,
A54CEDA44B0802F206A20D687D3EADA9,,,,
ACEB0AE36491226F45A893D2C40C7CFC,,,,
A5D467BC73AA98A24DB8C4466A136CE4,,,,
AC4B3DECA1D7FB3F941EBD349DFA545C,,,,
A5A3ECF965810B537AE574A3388852A3,,,,
A5A3C95935BB3A16B4FC50B92778B425,SA4110000026400001178207,,,
ACBAE2719D33EC35B8672155CFFD8BE4,,,,
A59FEAD02417B9821C14314055D6B21E,SA5415134018963599537317,,,
A5500E84977CC882F38DF272155C0BAA,SA6780000372608010271054,,,
A51D1EBF4B11E0A0676283D79CAB3F95,,,,
A5E9ACAC31CC5888124A400EF2FADAF9,,,,
A5C8E9E069C945DFC94E9C43C85E8BBA,,,,
A51147A0E2AAD1D56B2AF35B2BB10312,,,,
A5580CA21CFBCD4D217197CA5B517FB9,,,,
3AC7DA7C2952D37F34ED,SA0336036036023447196379,,,
AC1E41A48649D3920004878BFD7FEFF0,SA9180208383112222121017,,,
3ADD85A7B232B56A5800,SA7436036036057662708739,,,
ACA702DA794B9ED974D25F2E8263BF66,SA4345000000028380624001,,,
AC63B9A75ADAFE0D487C08138EADC476,,,,
3AC4946C96DCA0264E28,,,,
3A73CF800D4CABC4666A,,,,
ACA5DE840BAA4EA37A982D23F1036E77,SA2830100974017243381024,,,
AC1DCD97D731DD4241702C418CD6AD3B,,,,
A5BD082438BB4440634EFA5280164332,SA3080208382608222121015,,,
AC34B7C1C557D23D619CD03F59C20058,,,,
A5250F4E603F62303FF55E39968F86CB,SA9136036036090680963972,,,
3AC2E3BAD55CADB724E5,,,,
AC78BDB571B204C196EEFA41C9C3EB64,SA3530100974017243423287,,,
A5CADBF9714F6A6EE70142FFE9729CD7,,,,
A554A4BD3A040E6ACB47BAD01ABD3BD9,SA2830100974017243381024,,,
A5C0AB74311F00DE6B11D24DC2FA6B0E,SA4236036036024992222541,,,
A5465ED0833B9DC91C63E191536C957D,SA5930100974017243039802,,,
A597A1C579632BAE86B283F81D05DAA1,SA2515134018969053976170,,,
A58A8B3ED5013B17ACF2CA012E87C5AC,,,,
A5118404350E7716AC72A7D1B65514AC,SA4910000074400000197709,,,
ACB73B25AB5D258E52799C6881EF36BC,SA7060100000782257342001,,,
ACADD626379126A0BD26665E8906B48C,SA2230100974017242440038,,,
ACE81CB9A71DC9184138A3D2FE78694E,,,,
A5C947808EAF76D62FAE6D2BBA862075,SA8810000010762916000110,,,
AC51291B4E066B44B272E94E075C81AC,SA1730100803100455805019,,,
AC181BEABC04C7812E64226B236C06E7,,,,
AC123E233D98F01971A9AC550FC86C6F,SA4910000074400000197709,,,
A5677DAEDEC61F31B1D5A31FB1F0083A,,,,
A59827D9C3677705DE33161DEDE88DAA,,,,
3ACC43E26B9C97815545,,,,
3AFAF162C3CA045A3803,SA4236036036024992222541,,,
AC6B4BB247FC1D1EAE597C2644DF9858,SA4530400108037850870010,,,
A51371BBB274429ECCFBCB6C27A8D868,,,,
A55B88467DD518C9A3A7D0853120822D,,,,
A56E5FF012F203897737B2BA4DEC0A46,,,,
A5653600A9B1FB047E616CDF979EE78D,,,,
A52B5DECDDC830225C2964DC71F2201E,,,,
3A056763FD217098C271,SA5780208376768222121015,,,
ACCF67AC18CA8E68D921FCFF20AC1F87,,,,
A57821B1CA3B346844F953914FE4276D,SA4730100991102942244482,,,
AC3CD3DB8D5020596E6E5327D453BDF0,SA4910000074400000197709,,,
A5B8AD71C41B69F3BC155E0B74EA3BE4,,,,
A5686B5CC5EA430FCD0F813D80AA5A2A,,,,
A5A1A9D7C17C3439DB7B883B7E5AFD15,,,,
A561A56AF0DBFD67BB17F2A77643E64D,,,,
A5F3B070F5FB99B8B10F8A100E96A829,,,,
3A0B90D53CA561C2D20F,,,,
A5A3D420C5C9502633D956CBC8FC3DF6,SA7710000044572033000100,,,
A5C91C48FCDEAC1B3B0BD2B9C4E8F5B9,SA3530100991102277644445,,,
A53BFC81097E5D3F0ED13438860F33C1,,,,
AC2084AA4450C37EE3604F690067203E,SA6480208386473222121010,,,
A5BA28461658095B24F26B7304209B6F,,,,
A5162A48625574D0EE4E6C5948AD554B,,,,
ACBEE78D9DCEE45C85AE9B4AB097D3A0,,,,
AC191D6EF0EB7C6A05876BC06322AA1A,SA9205000010011830345529,,,
AC2835C3617793D0D0067778EDF542BC,,,,
AC107D6036EDBA2B707C000B94EBD7C6,SA2280900145961992540012,,,
A5092B470BDCD40CF5ED97B962DCFFA3,SA4430100974017243835084,,,
AC42817DF62A23DC5D9890DBBEFAB089,,,,
3AFF4809DCEADB973FA3,SA3530100991100590057942,,,
3A34EC4EF57EAE215987,,,,
AC5DC1B9D53F742320A12A764958FB78,,,,
AC36A85CDCDA57697D322CC33B31BE6F,SA7030100974017242760826,,,
3A181F6337FA146DF997,SA7030100974017242760826,,,
3A353B37C64FF98F316D,SA7810000059500004609104,,,
3A6F16671A84B24836D4,,,,
ACBA997AC4E8D1C9EE62404CD6BA1335,,,,
ACFB18A37732C8EA38119722FD9414D0,SA3410000025700001701004,,,
ACD7FFE7C009548C124770C6B5A285B8,SA1330100974017243822062,,,
ACBBCD8F984685CC80D55DBC3ABA869D,SA9610000013900000270504,,,
3A24B9F75B7693EA51AD,SA3230100803100454894016,,,
3A928F51E86E24BA68B0,SA5980208386447222121014,,,
A50BBA2A472CBDF18CAC14722473779E,,,,
A5CF1A494F10C205AFD172851630F81B,SA8810000062300171671108,,,
A5B9D7CFF41EEA8302464C6C22596BF7,,,,
A5CD43C7EDABD1F34FB87A1E88AF27FB,,,,
ACED70B34322A727F056B890CFF2AB54,SA2280000416608010297115,,,
3A26FAF125C48D91607F,,,,
A575A4E5E0DA656BD4EA8FCD22C4C5EA,SA5880208385078222121018,,,
A54643A0159F375F75A625ACBE0FC5A4,,,,
A5593BA33FBA8AD052E89C98771CB2CE,,,,
AC6864025B91DCB7FC76E9635A12AC35,SA9205000010011830345529,,,
A537E231CDD7913898116DEB51BE2EC6,SA2336036036041224766453,,,
A5B782E22511B46EEAD1C2525A1DFBE4,SA4210000024800000666400,,,
A50775A12A7550857B185CCD54E8FFAE,,,,
A5BF3EF48EAD836802A8274BCB210E47,SA1645000000611206731001,,,
A5A4C5B7FA4A25289792930A314C7464,SA7810000059500004609104|SA9610000013900000270504|SA8810000062300171671108|SA4210000024800000666400,,,
A59FB289202A8179F9F72A56FF9BA55E,SA7380201351800222121010,,,
A5F3ED45DA8A2D85E738D7B3F5D80E55,SA6705000010011830235593,,,
A547D5C5BFBC8DEA74CD1CE065991BB0,SA2336036036041224766453,,,
AC61406A5A1CC5C680898FE05E0AA785,SA4210000024800000666400,,,
A52E002F7A0CFC1B125DCFD6666E38EA,,,,
A587C5A897219B3DB01036522EC83272,,,,
A522CDEDF8B7DECCF26CBEF29FF545B3,,,,
A58E80D70F348914D86773848ED5C8FB,SA5630100974017006787432,,,
A5B0B3F8AC8C3742769FC4E95643459F,,,,
A5C3073AC5C5BD400BF285A90FDC1EA6,SA6380000524608010152558,,,
A56984784AB5283148230B7E27034E0F,,,,
A5471F5F344AA2E78A44AE41B9BFD9E9,SA4710000062300174376109,,,
ACAE1385FBD407F3B9FB7DE61C559503,SA9615000007779062140006,,,
ACCEDF74EC438558905E04FA84C97C56,,,,
AC6C1867814CE0E77904D5FF8E3481F8,SA3030100974017243391076,,,
AC08D3F1898B4F776EA7194F17D0C257,,,,
AC2787A988332956BB9BC3D08AB7518A,SA5630100974017006787432,,,
ACAE97E18808CCE7C9572CC316900EAD,,,,
AC4C66865B577EC89F11D512B7BDB26C,SA6330400108038782240018,,,
AC10C3B4823D19C1B3F4198A156F7E6E,,,,
ACD020C327A49795A217CEE8546B3B1E,,,,
AC214E633F598ADB19941FD696A2CE06,,,,
ACD20F463A94BB8BFB613DF610602C27,,,,
A5D6628C6446E1E613D3F6A84CE4888B,,,,
AC9A6D93A75EEAB5C4A566D64A94F89B,SA9445000000352700462001,,,
3AB9B7E006C7A6606D20,,,,
A5C01A434D3456E2EEFD82EDAC21AFB1,SA5115134018969574528724,,,
A55C2007395890C15C43E3E615BEBF1B,,,,
A56D060BEAB8C8AB4B6F516BCFFF2680,,,,
ACD783D50718A84330897BBCD2708FCF,,,,
ACC1F797F9F2761C64AE4166508A0C73,,,,
AC1D780206B9318EC5A0BB717D4B1C4D,SA5060100000982259132001,,,
A5AC88FF86C0BCB0346FE16908DC481F,,,,
3AE1ADA8D606D63E276D,,,,
3AF4A205200F025E654C,,,,
AC91B1B7136F01C5256D70E05606F097,SA5115134018969574528724,,,
A572B19C429DA9FA9D19B3B7ACBEB5DA,SA2180208379934222121010,,,
A5C7879EA02B76DC1400E72DC898A3E8,SA6836036036086247273060,,,
3A3C5030160DA507FB4D,SA6610000011100414486501,,,
A5395324701FA5D688810786214ABC63,,,,
3ACD551CC726E5D62CC5,,,,
3AAEF3C12D7CB43D8479,,,,
3A0A5DD54A04AE7EDAAC,,,,
3A858132323CB4694EB8,SA6836036036086247273060,,,
3AA68E81DC6DC8E1F12C,,,,
3AE68A190729CC6C01A4,SA4415134018963393044382,,,
3A2709D95AE40AB5B0E2,,,,
A56544F0ACE49FEF30B7BCF5C8829DC8,SA6215134018968613068124,,,
ACEEC18111C5D7527CAC575D6F38DC17,SA4380000857608012674855,,,
A5B75DA180310E3E0DEF762EBB5B0602,,,,
A5C5275B5CFDAD0AF1545CF5A227ED37,SA6215134018968613068124,,,
3A894DF540F939703DB4,SA6215134018968613068124,,,
3AD629E6A0D7D9D2E54D,SA2480000539608015412141,,,
A505D0E936EC0696C1711A45CD9730DD,SA3410000025700001701004,,,
A5C0DAF5E1FE5E375B4CC3EDA117E90F,,,,
AC846CD3602D26B766C468A603AFA6FC,SA7380208385498222121018,,,
ACFF8D91949B5AC20AE75862F0670A13,,,,
ACB9AFEB16CFF816DCE7AE5643B46A47,SA2110000025700001702305,,,
ACB29756B5CF876DC65B01CDE5B60E55,,,,
ACE4575BCF380F4F1C8C22FCC11F9184,,,,
A593CC94C0A95E11C228E52D12FF8F7D,,,,
A5DEF9286BF22CAC16D0A91A2A266023,,,,
AC9D210D021F9B173D972A649A32B6F3,SA6660100000982252701001,,,
A55764B19988A1F23162627AE0B1C29F,,,,
A58439AB1488F9DCD085BE2749BFFEC0,SA6215134018968613058124,,,
A5527AB3F4F81C903820CAFC0074C373,,,,
3A0848E10B9648445F11,,,,
A5E3BA14E4F02FBFAAAC02878C0C31CC,,,,
A54816C4B05116A08A17CCB1DD7AF6C8,SA8780208391536222121017,,,
ACABD8F9357ECB87E9F7ED14C4CBB8FA,SA7630100947001300184284,,,
AC18FEBFF6D348BAD5430EFFE93227E2,SA7630100947001300184284,,,
AC01FA1EC2BA86A9AA2603699615E6E7,SA7663010099110625508990,,,
ACF4FD49742E77D3FA844D932AE19E1B,,,,
AC0BABE2A5FDCE6CBB3AF7280DACAA04,SA0660100000682257636001,,,
A50FD83CAC2254F5A0211387E61A9F24,,,,
A599FD3E56E11AAB6BFB04D9C2907D20,,,,
A5B8ADCF34DEDBD965927C6881EC2477,,,,
A5F3B7AA749631A694ABFFEE26225EF0,SA9536036036088571393059,,,
A530119E43B2ABBF93289630D76F8957,,,,
AC225FFB6A6CF6E46817BF50A529AB89,SA7180000467608016310399,,,
AC3671CBDAE21BE7531E2E62094ECEDD,SA7180000331608016506834,,,
AC2162FB8BC9523B166C37999C741B7A,,,,
A54C5F86BEC00E2BD569429E1E68167D,SA7580000644608016490239,,,
A5027BFA3AE4838EBF9DDF4A5496EA75,SA7680000865608017467989,,,
A50B5C90D4D3981B3D810B81B5350610,SA5210000013200000369301,,,
A5449576DA6C0371F27F844178F63000,SA1536036036003296891172,,,
A54B41C5C9D5498F3960946EC3E14958,SA4210000042254877000106,,,
A5A65E83C0D4808C58A6F9E3F704543B,SA0680000980608016619987,,,
A5346F869750B83AF506730EEDDCBB8D,SA1980000866608012112431,,,
A50FB8C9B7B19C8108A2D93814B15A0E,SA2880000163608010290354,,,
A5DEC67FFF90810A2BB67798BC783FCA,SA2080000197608016025184,,,
A5D12373BD370C45371FCB69FF0FCF01,SA1980000866608012112431,,,
A5127AE47DBDCE2992C3F2B1095DFE22,,,,
A5618B75C79BEE795FE1A51AFC22B27B,,,,
A550FE88B22B27E5CF54C275F7AD3714,SA9510000073200000570003,,,
A55BA3BDE59F7D1FF176AEDA15C972A3,,,,
A5CD0A7DE047B05A683C077CE1949228,,,,
A53061140BCA1998F88E849ABA01B9E1,,,,
3AD9FDDA8CA4DD32F859,,,,
AC2B4AF81299A0686937F58BA39D8A6A,SA7110000011100146158609,,,
AC25B103133FAF204FC4BFD4DFF7CC68,,,,
ACD0CCD9C9D08CDBE9FE0E1442F3C12B,SA9280000859608012843623,,,
AC9C71B5488BBEBC573828A132FC94F1,SA1460100000982257621001,,,
AC490324E0EF930962B91452A695EFCD,,,,
AC3C6AE1D9DB38ED906B0707B0E72513,,,,
3AA3D341E56EB9B883A8,,,,
A5D1BFD4A2DE3131539B6FC9C085EEFE,SA7805000010011831137592,,,
A55A1B3EF253C0AFD6E49ADE7F6D6BF6,SA6660100001682259894001,,,
A5CB6B2A8B581BE740AC636916A4D1D4,,1139235400,,
A59DDE9B0A1C6ACE82A05500D01F300F,,,,
AC7F0522C817FEE7C1E10EC3747C6E3E,SA3280000865608018748114,,,
AC0712E2F746A251C545918D2CF96E6C,SA0605000068206939574000,,,
3A2C7A7D75B9BBF31E8B,SA0605000068206939574000,,,
A52A855671E5D18F26B4FAEA3391728A,,,,
A5AC11BA955C0D5798CC46448BC77E41,,,,
A55AC7DEC223CF2BF8128A7AD3815F2F,,,,
ACD29E03FFC9011DB8D361C29C1BA06E,SA7380000856608013577629,,,
A52C345953BE87C91F8805C18B01AFCA,SA5780000566608016137503,,,
A5F1E03111BAAB7C0D611E5B5E650F70,SA5193000097182909932000,,,
A53C6C9C332BEF5235E55E8D6F538B34,,,,
A530DE0AC7D2BFA432E13E1296BF4EB6,SA5780000566608016137503,,,
A5CA3DFC5D970A508B44819033242236,,,,
ACBB22AB0C4CA9395E34F4726E4D868F,SA6505000068207081857000,,,
ACF439EEDBE8E98CEF798A6B249B6806,,,,
3A278B40B9020C0BDEF7,,,,
AC9102F3E5C33A7AABE3626588F0538B,,,,
AC02FEF5FD8EC35F4CF2FF81BE102B63,,,,
A5947E016E97B595ED08C3D2545B8A68,,,,
AC60CE57B49C1C3CF9903BDE3C2EB94A,SA2936036036032114583381,,,
A5EBF23EF2C912A047CFED168FC32B24,,,,
ACD1EE4F1D6D1DA5D56AB4BF860F4B2E,SA9510000025700001703301,,,
ACB8281BBCDCE99E486D8D4B370D3728,,,,
A5D32D393FDF3BA5F02408EFB0DE0B79,,,,
AC4CD5625E0388DE7977A03AB69ABDD7,SA2310000062300160150909,,,
ACB37FD67EA72372631BCF7997516C04,,,,
3A06A8D379F6E9BCFAC7,,,,
ACB6AA40138BFDD55C775F7B3286E641,SA7236036036046384787465,,,
A56E79DEF58C7B2851CC6D6BB1E74526,SA2310000062300160150901,,,
AC766A6B61A7F37D810F842E2614529E,SA1560100000682260269001,,,
ACBEF993F04D9137C082C85E0D6CB4A3,,,,
AC69B5FAADDAD322BBC0BE9752174C04,SA0336036036058772873271,,,
ACD98362E9BE7CD5BD90744C4F8DE41F,SA8930100991106783816691,,,
AC5D7299268D5DAA7B30260922F3D47D,,,,
ACB99AF13890A240C14CDE78DD632938,SA5210000025700001703105,,,
AC3172C9E9A9A8688086BBCFA6FBB813,,,,
3A8066DB6FEC99F3CAFF,SA7810000009051843000101,,,
3A4EB7C64A98119E5032,,,,
A593493C3267FB8E80DE7C854D0BC798,SA4130100991100502512424,,,
A5D6DBC3FD431605549CD7DF76C9D6DF,,,,
A51CD20CD2E3434168324BE4328B6128,SA2580000865608014408945,,,
A566303D97FAE05072CF5F814F81CB10,SA4780000859608013712389,,,
A5AC9AF9A8D577171525DC6E22688696,SA0336036036058772873271,,,
AC6E44F436FB9230624C94516E2B78B3,SA6430100974017244068494,,,
ACAC4016CFC1ED233B82A877BE7C366D,SA0336036036058772873271,,,
3A3A0215ACF86293700F,,,,
AC99A76B4CC43A2C7E9E884DF6C67932,,,,
AC3031FFFC551509934E613245B3B652,SA4910000001400035126306,,,
AC7CDEFD45733B1F139C7E291A7AA049,SA2015134018963119298301,,,
ACF64EB581449014A0149E64E93A9832,,,,
3AA0BC33DF55C762511D,,,,
A5329C1C0BDCB8592B20C60892552A4A,SA6430100974017244068494,,,
A552F2152DE6267032493D78AF775F4A,SA7310000065500046431705,,,
A50EBF648C31267B9C67C84A5685227A,,,,
AC3B2CB66BA5BE77842BEA4399A12D18,SA8615000007779101680005,,,
A51AB29F26BB1ADFC0E124B1AB323BC4,SA3330100974017244442890,,,
ACF371A4BC93036676F86234A096028F,,,,
AC076639A88C56CC45284F1DD0BA0D30,SA2280000372608016006504,,,
A50F1BCC83B61918F5A4303778A160B7,,,,
ACEF90FB43D28F0A6CCDB240D3C30ADD,SA8980000277608010997282,,,
ACDDA4E2C9BE1EB5C1D088BF50E889F1,SA8830100974017244291065,,,
3ABCE0EA7A91C56CB4EA,SA6430100974017244068494,,,
A59DEBBCE9272C949475293E75CE63DE,,,,
A5E8110A090B722A47A8AED925151579,,,,
AC952C0D3D56AAD03B97DF1DB77E914B,SA5836036036099067176293,,,
ACC42F0643C16FF45095918B78059A3E,SA6878000000001237667103,,,
AC63F7F0ABA0C41895AD132CEFCD261B,SA5545000000030334643001,,,
A57F6D585C5DA6A0B0688BA01352671A,,,,
A5477D0E04C8F1DCCBDDF4A3EE3E0270,,,,
A5B1C8E080A15CD5CFF503FD96B320BB,,,,
A57699A2A7DC30830E1C572CA45C6E4C,,,,
A5BEFCFB37F2ACEA934B46F26594496B,,,,
A5E72044C0FE2327500A92898AB75AF5,,,,
A5D89496A0373DBD0D12B1BBFDBB70FD,,,,
A52B96B006F7EAD3AC5430B2BD93548D,,,,
A595262504F06E9F62FCD449D39F6B54,,,,
A55A3F84A8A5D8EDB50CF1F5B8571B2B,,,,
A553FB52CD9D536CA4544905FC5077EF,,,,
A5CC7271A8DC4481922577E1AAE29E0F,SA1915134018967197546434,,,
A50500C2540B34CC787712B1ADDF38C3,,,,
ACA4CF3B27EF2CBC2A707D012D1EF9E0,SA9430100991105471299998,,,
AC89FC83D2716ACBC7D5DD9B98B28AD9,,,,
AC3FEEE41CADA2A2334E10D44F5C29D9,,,,
3A8BF2D392599F60764B,SA1915134018967197546434,,,
AC1E7A586DF291C3177CB861C8972F11,SA9705000010011832486520,,,
AC230231F9CBE9E46C5E9C6D05803C34,SA5680000412608016030373,,,
A5CCA545DB4524AE2ABF643458C4F412,SA5305012000000111675311,,,
A5E7EDB500E53BDAF9831663FB8A0DEE,,,,
A569EF2B987AAEFA51BECAF3D8E5EA80,,,,
AC5A1DF8F0B6BB1CEEAFCD5504F49878,,,,
A5D60687357DC5FBF9C8697B341F7416,SA9210000013900000298609,,,
A5CB76E5A3074AA23AC7D4796DCE0647,,,,
3A4F5063C00A77D34734,SA6910000033600000564206,,,
ACC3DF23EDBBA1538D49F5811BC279D2,SA9210000013900000298609,,,
3ADD82111B53F3F83E6F,,,,
A59C1999DD9E8D9C0832B3CB5B09846F,,,,
AC84CB89AEA4C4E6C833E179E48CB55B,SA0780000130608013716967,,,
A5DAF96BFE4CF0831E7868FE2D6409DD,,,,
A5F4C566A1CED8C0C1BBDB48F532B6FE,,,,
A5B987F913FADBAF60D494714F78486A,SA6515134018968323553519,,,
A52771CC4046127A914E30DE274AF41E,,,,
A5DCAA763FE9BAFCA21CF96756B69B53,SA2110000024800000669203,,,
A58E18BFFB52499C19EBABBBECE4CA40,,,,
AC498F3B0F6EDDF2BFEE9324B70A2471,SA9480000505608016082075,,,
AC254E194052C2438B32F75596D0515E,SA0630100974017244746404,,,
A5764108CCB7350CC2165DA4919697C1,,,,
AC509967EC50EC2B04AA83AE16ABF886,SA5660100015482221756001,,,
A57E79C08FD419C0D34818B9EF63EC9B,,,,
A598C19C557FBF074884137869AC370A,,,,
AC343D46FBFE679028DC249F29B3D140,SA7810000025900000435807,,,
ACAEA6F7CB7E1785D91BD4DD2A49CA02,SA3580208399509222121016,,,
AC5C2B95645457721419F9114E56E4C2,SA0630100974017244746463,,,
A5CF494CC73F5BB3042DD622D1938CFA,,,,
AC400484B415963B0183438E76418CD9,SA3180000225608016838871,,,
A5A1C40E3FAF9F8EB584EAD8F11A329B,,,,
AC4C2BB84D8510B406208E302E13F06D,,,,
AC086289D956BD6B7C169B883541CF01,,,,
ACBF24422033E5CB1609268E97F84F58,SA5110000011100402234507,,,
AC60B07C829AE5CF3C1996A569FE8B54,SA2560100000782261152001,,,
A5C2771F91CEE8ECD94AB5D28D4E23BD,,,,
A502134EA02190C1552F89581CE24222,,,,
ACB85015FA64869213725CA8AC9C1EAF,SA2560100000782261152001,,,
A5FB57A6FFCAB86C127B76876B4E211B,,,,
A53B3FEC67013CB8FC48E93467E5EFA5,,,,
AC52FD114978304D6857CA421A8D8701,SA2980000201608016585579,,,
A56C17213FF377A830B7DBDFD77A6265,,,,
A512DB9168FB0A5395CB0927D8937815,SA2260100030482235409001,,,
A5871AA8D4C9452B45843A891698054F,,,,
3AE738D59F25F0FCB1C4,,,,
AC08048B68ACA9C368250C210A8C2AA8,SA8230100974017245148265,,,
A5E59B12E9A5387AF387601612903F7E,,,,
A51CD728BD29F3D63E51ADE9A0845255,,,,
ACD3047C4B8CF982C3B193B90B2056B7,SA0380000316608010357456,,,
A510E448CBB63950E46DA4B6A7EAE3DF,,,,
A540EFE1ABD9083DF5E520D0171A8D31,,,,
A5F190CC16AAA1F66487F08E87BE3662,SA6793000065734086525000,,,
A5569B498F9F2C12E32442814CECDBF0,SA3078000000001234525278,,,
A5DD069C0FC4BE856196A1C4B48F6C28,,,,
A5627DBF118C65153786ECC050793A26,,,,
A5CA12F985C18783B69FB3FB67E8C135,SA3078000000001234525278,,,
A54055A93A7B136F84EBB448EF141CC9,,,,
A5F77BA1F5D6857FF060F49CBD8DC473,,,,
3A55A87AB88CF12715E9,,,,
3A64DC7F71AE52341EE8,,,,
3A3936023CCE02B5085C,,,,
A520451094BA6929A0755C2EA5B3DE70,,,,
A5C03AC9363AEBBB592E0C448441A370,,,,
A5B5ED75E55833435AEFF3993BA1362E,SA0380000316608010357456,,,
A53A37667C7929AAB15E46E9F50323F8,,,,
A5AAF708895024D3E7DA041629904595,SA7910000025700001703007,,,
A5491CB51ACB11324E0E5347CD0E8D52,,,,
A5AAEA3D0D5320CCB46FD2A528F1A831,SA7536036036048739355614,,,
AC5729B6A3D5CE5911FEEA8D5A32C53E,,,,
AC448610B88B33044768E8C65C0C76F3,SA9305000010011832561573,,,
AC2E2D77C9460CEBF8285733CE3B6951,,,,
3A7E116F0E84374F7C77,,,,
AC2469D890A447CA6335CD497BC35FE8,,,,
AC8F1E471240B57BF98A22D822BBB4DB,SA0815134018968615181747,,,
ACA6048153F0BFE42127CBBA08BE234C,,,,
AC83FBC7C72DAC3A422BFC5DC9F48E48,,,,
ACCC152AE9C6033623054C5F49476582,SA2830100974017244757066,,,
AC7893C9B912B3440ED34E34CD215097,SA2230100974017245098614,,,
A5EFA6E60BB0C98CDCC6642E30E16D93,,,,
A5781FAE520B934C57BE699D1D843C33,,,,
A5DD4863C2D988179F694B1495BFC251,,,,
AC00757310AB4BA5E63A974E202CD7B9,SA8280202170475222121018,,,
AC7A16728ACF1A81EC8FA6E7426E126B,SA7330100974017245372400,,,
A52B23672C5E847BF429C9B2F1117E79,,,,
A5E909C72DA41C9D4F76C20E3190DA1B,SA6330100974017245934404,,,
A55429758F6D8FCC60DB3D490AFC8917,,,,
A57B64EEE9BAC2CF8FC7FEFDAC3B1989,,,,
AC2122A17A93E091EA5F7E90FAC827B1,SA0330100974017245182861,,,
A5DBD787C90AC55A8CDF00FC2B5A0D95,,,,
AC18C8BE31724D939D612132CD7A8062,,,,
ACC6F358973B8946BE9C820D166FDFF3,,,,
ACE468EEBB690872ED49B1A835147B16,SA2130100974017245519418,,,
AC97B40A3322781BF07B175705AC1082,SA0215000007779130090004,,,
AC616E2DF24981DA2BB51E004E1992AB,,,,
AC2555F4E77FE5C58550B1E3E36475CC,SA9230100974017245157494,,,
AC9A19C7577A6393200B2F76EA23B16E,SA5110000011100444161302,,,
ACF5E15F878BB2E1683A3F779E8ECA23,SA7080000337608016172581,,,
A52EE412778BA46AE26C07C16902BDCF,SA0530100991105464725097,,,
A594A8FD8CA9F4FC6494013547DBA5D5,,,,
AC75DEFA84EB240D7A528AFE62FF5A73,SA2320000006216408159940,,,
ACAF8B9741E396928170BEED6CC7C64A,,,,
AC4713A0A7B27927FD166728F09D2108,,,,
AC8DF2B5BC2A90946692E2FA370CA659,SA9430100974017246148022,,,
ACBF5FECE1DEC214B05E527E470F299C,SA3080000477608016037388,,,
A557686B84749DBF1A71ADB9E50904C2,SA5560100000682260245001,,,
AC44AF1E843806DBEBE850A76915C2A1,SA4660100000782262381011,,,
AC9214FBBDD79B182AA7DA887750AA5E,SA1536036036047623231820,,,
ACD44E76BEA52CD6FF08156752E074DF,SA4580208404482222121019,,,
A570407F05D66FC7A9D37BBC792DCB91,SA0445000000030429559001,,,
ACE9EDD1F8A5F1BF90A60CB5B00342A9,,,,
A5881EDC58B05E2FFC801F06E2240C4C,SA3415134018963010675606,,,
A5DD7968241792B134417D7EB0CAADD0,,,,
AC2999572C602009D9A73D02330D7B7D,,,,
AC2F3EDCF2240180C8AB43AD8FBC4E19,SA6436036036028675750973,,,
AC538AF27C3BC1075D4DC28B5B50394C,,,,
A5BEC68A1C2DF47D59A703EDBC8803BE,,,,
3A43C5175416FD977740,,,,
A5B2C19E0C25B5E851B0DB425C8CBB3C,SA3180208288683222121013,,,
AC7BD8AF1CAA091A1A3E750BEA2E6A81,SA2910000011100337351700,,,
A5FE1B34708866372574FC8AD381834C,,,,
AC6229704BA4675012283EE28AC6FAF3,SA6715134018962582208746,,,
AC2083429AFC4CA2E16CF7CF020B76F0,,,,
A592F279E44FE8031794218583595689,,,,
ACB2A17D2A3A7F0E095B4B98F4FFF4EA,SA9480000235608010261995,,,
ACD5358050C47EA096BC306E3B8D438F,SA2980000376608010519664,,,
A52E930A66CDA404C15861DCEA12DDDD,,,,
A5C0E452EE72FC7337C124B3F47C0B81,,,,
A53EA8397B1FC665DB86FC4A9918CD2F,,,,
3AFB882C99B9706896A8,,,,
A5F33024E922BFBC110A8E7243C9CA7C,,,,
3A5B19F958DDA3933D40,SA9380000459608016218253,,,
3A0D16A53CB250F787CB,,,,
AC3BFCC522AAEB590B3BBA9C5DFFB588,SA3045000000027576560001,,,
3A5839E3370FFFB35869,,,,
AC1BCD7ED6EEEB204466CA5DEF4DDFD5,SA6780203200449222121015,,,
A59C6EA2C2760AAFD26C1C7854D9F461,,,,
3A0918785DF5F47DF936,,,,
AC7DB2ED34B02B9EAD54488E85F66174,,,,
3A58F16F268D584D2C69,,,,
AC54D0FBE71CE3886397FA75AE2EEEE0,SA4930100974017245765488,,,
A5549A93EBB488A9630F11D4EEA43820,,,,
AC5082FBCCF04E0ED401730C7AEC01E0,SA3030100974017245562809,,,
ACC9A8E131A85231A586D6677AAD5C23,SA8330100974017246167814,,,
A583B3F65AFECD2C2C495369BBBFDB8A,,,,
ACFE2ACB6392B5A1F4F8648A285D9129,SA7110000011100278760907,,,
A503EB0A24C44F5ED4CD2BDEB7F3C530,SA4405000068205022524001,,,
A5AA7334CA4BFC49D7B1E287656B03B2,SA6880000249608016035785,,,
AC714E2CB203B38DB48B7AD115813EDC,,,,
AC69AAF7EF4352C979F41B2FD8489AC6,SA1630100974017246015469,,,
ACC37619EB07659D3B6F5C7721BA65C5,SA6880000249608016035785,,,
AC6BFA2F972584745F91918A51D273EB,,,,
AC3A2A62002B1BA69B0FC42D8F3C269E,SA3680000213608016206941,,,
A56FB70E189648B2DE77E6CEBC6C8C4F,SA4080208408319222121019,,,
3AA76004F0540148DFBB,,,,
3AB7210D89B1F941206D,,,,
ACBAB7FC4B36ED7FC665AD43E5F92B85,SA0436036036081098683865,,,
A5D5959BE1CAF43CF25A327870BD6186,,,,
AC95E26AE88C59C5F9792D9D503A29B9,,,,
A5DA2C6406D22D132711AB08F77FAFB9,,,,
A55D5ACAA29B725805C082F36FCE9728,,,,
AC5C603718B9DF9B43B0E6AEB2039E73,SA5530100991107599954739,,,
ACFAB9EBB156DAD81548DC250DB6AD16,,,,
ACF207492C375B8CFF49F5A53E290F37,SA9215134018966506931601,,,
AC8F4C276E5A72936A4B53D5201322E7,,,,
A52F1FE276BDFDBC8FA8CCCB5719D653,,,,
A544E275A5395864299161248299D9F3,SA3680000213608016206941,,,
A51B2A89B585BA5EA6F41BE817E63E81,,,,
A555DD1ADFDE02609A52766E684ACB94,,,,
A5546F298312A0D721F1B9C368F239CA,SA1510000062300174618700,,,
A58ADAE33B9A236F6375EEEC5094CC98,,,,
A58339AB8E9CC51A2E98541A8F1A3045,,,,
AC21E79318466D6FF7631BFD17350FF4,SA8980000856608013889487,,,
A53E60053D73471B7C6A1B760E96FCDD,,,,
A59E687A07AC63F0E6BF5085750C026C,SA6330100991109463807752,,,
ACFBAFFA88324232C49A1104DDBB9DBA,SA2180000109608016144123,,,
3A1DF2CA7D4F749075AF,,,,
3A31F06EAAC64CE617E0,,,,
ACA9441604290B0DD1D183C2FE5F8A61,SA4310000079537644693307,,,
AC468FE4CCA62F5B96C156BF7F059ACC,,,,
A56337DC470E724F914FCDCC9F7D5F57,,,,
A5166F586CF55DA3C283145F852806CD,SA9210000079537644544500,,,
A5D58C6A6C25A9FA5861445EE51F5DA2,SA1930100974017245624020,,,
3AE1024C7CE22F0FD2B8,,,,
3A9BB0F5F5247B8DB470,SA3615134018969898293945,,,
AC838499F43D27D0E3202B0336FD9671,,,,
AC7CD8B804E99885E0B65FC7511E7901,SA1105000010011833694554,,,
AC44A25A3CC6055025B0344ED4ABD8EC,,,,
ACADFDA0E3163C0AE66C17D609C95E13,SA1980900225845992540010,,,
ACD75193116E1BDC6DDBED1D10A7F7E6,SA2480208405158222121014,,,
AC1997E4B52447F3796BA83B3C97103E,,,,
ACC79DF1386D9E02D0D9F256676DCC62,,,,
AC938452BFB4C59F8BE874931519E6A7,SA5510000045700000170906,,,
AC241C46EC68D32DBE63A2C0D68477F7,,,,
ACF1E6DEFA48191656BCC3B101791E53,,,,
A5A879CECA8009DC6E6A98DC55F260A3,,,,
AC04D873D16D499B7CBC7481D977298E,SA1130100974017245678872,,,
ACE79DA6EEC66ED91EBE9C7CE3AFAAEC,,,,
AC38E8D820342F3DF5DE16F1C757A02F,SA5110000062300169724208,,,
AC23AA89DC9F18FC635A63500672E5FD,,,,
AC5600B15330D196B125FAE4D57908EA,,,,
AC003713A2C88050DA1BBEAA6AC365FB,,,,
A5E746154785BCA875F21B78A7E02218,SA7720000001102104389940,,,
A58898C3AD5EA26013F739E939AD784D,SA7880000314608016296486,,,
A59C0CBC28B5F651E2CD1280DD53B9E7,SA3660100002782263968001,,,
A5B91D8864AC834A03FCBE01937A0C08,SA4560100000682264034001,,,
A587CA32E7EBEE427981F7261182039F,SA8780000263608016427108,,,
A560CC7B249AFB00AB7CD6F84519F721,,,,
A56F84CC75581CDCE84F83FB2C9019B0,,,,
A5FDA329FA5434294030257AA319CFFF,,,,
3A157E1DCD57B978005E,SA6410000035100000079706,,,
AC460A1937F9B99744A83F5A334D7917,SA3780000134508010237419,,,
A5AFB76B57ADB5A4A35601B7692BEFE9,,,,
3A3613816688D520CF35,,,,
A5530128C55238C15E0132DE9535169F,SA5480000423608016249855,,,
A5B431D18072065FA2FB3DA549996F39,,,,
A519E7552C32477155A5CA91F8CD5002,SA8310000001400034766406,,,
AC98E6D09AEF9C04D30BB8648DCCCC19,SA6980208408067222121014,,,
3A8E84CB085698FA4883,,,,
A597EFF1BE7E23F5FF334C0A8EF5A226,,,,
A5661A773E3F2826EA2C502BCC427AF7,SA2120000001702409409940,,,
A54CB8F26D0851954530FDE69C23E02C,SA8780000263608016427108,,,
A5441F981F08F8A9BAA5553660CF7140,SA8810000056900000313409,,,
ACC6DEBE16EB1E96AC2A2398B130FC71,SA2180000109608016144123,,,
3AA493BB71688FBA2E9B,,,,
AC2034E1A75222409C356976080B9656,SA5080000177608010554068,,,
AC36D8D30A84DB3DB3633E7A23B290CA,,,,
ACA385E00A2D74315A0A967AD4B95FAA,SA0480000662608019763037,,,
AC8528B9DA6208490C09F87DCBC84BDF,,,,
AC508C41C4BDE621309915A9C90F1EF5,,,,
AC056E140850BCCFA17F73F8F6C78313,SA7930100974017245843421,,,
A576A625F9698305EC249D9F531F1324,,,,
ACDC3E97AF4AD44C5B0AB5B71B835030,SA6320005298200000378182,,,
ACA2967F9683E1C0F20DE97D26E3BCDE,SA7010000004900000860600,,,
AC9832ECF04004AAD0300D126B69737F,,,,
AC5D4C90886B77DABDA2BDE2312D72E1,,,,
AC53DF17676488B15EF31FBC89C14F89,SA3193000042052446038000,,,
ACE5D7F2C354DE0B14C57193DA6AC2DF,,,,
ACE1B35AE4A4EF7BC7C9C25481DFECEC,SA4680208410199222121011,,,
AC58D23D28F1D11F8410328F5FA1445A,,,,
AC7AE2723A0A17C7FC39E801376D5B7E,SA4680206028167222121016,,,
AC934A3B6D1B8FE715C9D6E4EB0F5BBB,SA1980900225845992540010,,,
AC7BEAE23873BCD45FF00D81F6DFC21B,,,,
ACE0B1A939FB4CF54C87F5E5ACCE631D,SA9410000071400004692805,,,
AC5246008B81A973CD269DD707357DA0,,,,
A5AD1E2A84F7DB4E076338989ACC696E,,,,
AC5400DE0DF9270588DA866928BDA3EC,SA5636036036043110539755,,,
AC2718724B292344963FD06AD3224496,,,,
3AF9E2667738391F04BB,,,,
3A029C006CE8FC72A2E3,,,,
3ACAE433343A6170970E,,,,
ACE4EF258C84EDD8A5DF54581DB5411D,SA4815000007779196530005,,,
3A44A6064F8F5BC2CBA9,,,,
3AAD736EBF99A8136081,,,,
ACF377293661F8C58D2CA998A45789CB,SA7260100000682264076001,,,
ACF40421B052E964871A2627E360CD1E,,,,
AC8DBB9575EB7D81C5460B345C115913,SA5730100949000011240669,,,
A50612FB40EC2B2D2EA61A63FF47A3A6,,,,
A5237B5A0CB214B3E8C9EA8BAD8F525F,SA5136036036079704562741,,,
3AC1CE4B640AE7FDAB5A,,,,
AC2656B48C97D58B417C90FA425C23A5,SA4736036036082257943380,,,
AC225916B83F91201FD29D19FE62527E,,,,
A55BBFF05B932FD97C72FC34047E1CD9,SA1780000394608010145724,,,
A5F79C2A484C5E1D58384E796E7903E9,SA0330100991103833505718,,,
A5991AA8A5DFAB995BEBB7F354B6523C,,,,
A55F309B1ACEDBD84D85EFB1912448CB,,,,
A5ECCD2C532C43A1D063B77E7FCC17FE,SA2478000000001080498892,,,
A5A983B74653D966A19CF96063E3679B,,,,
A5FEB28FE942BDDB28CEA8DDFE0B2AAA,SA9580000138608016273067,,,
A5F70898E765C8099A0D032080BEF780,,,,
A5C8AB550ADEA442A533727D90C280B9,,,,
A501205C84C4B8BC03658003584C8D38,SA4380000539608017963869,,,
A5C9631F2C5403F5A8BD7360AF1A4599,SA9880000107608010753129,,,
AC444CD45D8E4215A5DC6AE27013353C,,,,
A5F63FE4216EB4B4AC6D2435893E4226,,,,
A5E958923A8F825D1DB6B5F54AE7884D,,,,
A5F8214DF5119A77300B9C5267CC5A93,,,,
A567FED844A47B4173CD40E17D567642,SA4680206028167222121016,,,
A591CAA2332D1A61F68808F468E310A9,,,,
A5BD0F8C6D2338163013B75AC95EEC6D,SA8380000177608016545649,,,
ACC6EFD1F5808B13B5DFCF8A787941E1,,,,
A572B7117AE813D35A2F2F5D934F6903,,,,
AC72AAB6BA4E9E5A683CAA5C4675DDB5,SA4110000011100336778602,,,
A569C7EBEFD07A7121DA29A957133070,,,,
A5286F0601B496A16BA9576857EBD3A5,SA8510000034200001323204,,,
A5278094CA225705D53C02DEE7E58981,,,,
A59E6D9C2F7DEC5F7C2B266D406CF640,,,,
A586E7A4A6A4DF33B03E46D0A24DD181,SA2530100974017246925458,,,
A53FD6F7DA71B9D3C96C63DFA8C8C6BF,,,,
AC794C753DB4DE679C61D64F93996678,SA9410000026600000974804,,,
ACC1037814CE5406E57D4BBB2958E1A2,,,,
ACB8F081531AF8478695496C7BFC3360,,,,
AC2DBA5C4B96183AB2C7BE9F969AC181,,,,
A549BC96CC8F33A85AFDB1A99BA97CF5,SA1260100001082264079001,,,
ACC0F34134443AAA002E149D805EA904,,,,
A54998C05253C65796D1E05CE27DC9C2,SA7336036036009800745366,,,
3AF4E40B27EA987F8E45,,,,
A557FE80ACC02643FACDFC989B0C8113,,,,
A5562DB760BC542B66CB98D2B1CAD791,,,,
A5F27011A8B382857AAB344EC177A2F2,,,,
A58FCBAED1C9A249A81320A260951A56,,,,
3A5213324835793F0530,SA8045000000221684103001,,,
AC074A5ED2369DDC96F0F1F1B0BB113D,SA6910000009353975000108,,,
AC6C482E41F10297C37202B123E78DBF,,,,
A5E0B7C50413724E5C0CE1A0B3301E3F,SA8280000380608012004453,,,
A5BAE5A19931EDDD79E16023FD2B9C93,SA2130100974017247126805,,,
A508224917525E149A30C84E4041602F,SA8980000857608012576639,,,
A56619FA2375137526111454E636A9B7,SA7680000856608019614855,,,
ACC1C2974F35D4C013E15882393B6C42,,,,
3A31E44CFEFD2E8A7CF7,SA2610000062300174857510,,,
3AFAAF3A1341BEF59F4C,,,,
3A992B98BA485348227B,SA3480000865608011879023,,,
AC490C5566F346C08F3B65C6A9CD533E,SA2315000007779248330007,,,
A554B50E17DEF6C87A7B2430DB4005C0,,,,
3AAA5D4395938FE98DF7,,,,
3AAB7CA481BB94D16531,,,,
3A915C29846F7E47D347,,,,
AC95E31750278ADD3393E825776C81B2,SA7330100974017247732022,,,
AC551E5C463DED301BC58B30C4E0B7E2,SA2230100974017247144829,,,
3AEC2E9020C770B85235,,,,
ACF1E658EFC5FE9BB4946402E6919E2F,,,,
A500C6C59DA039C563DA34F0A327C78C,,,,
ACBEFD83457302600752DC1A6182C5DD,,,,
3A2185B95F130040F3BB,,,,
3A32FB7DC9FA0516C24E,,,,
A5D6210029E458CB0E09F9ACACC3FAF5,SA2030100991106373308016,,,
A5C2F64EF482A726A8E3EF2EFD83CA76,,,,
A54AB15E57839C66BC44FBE650CB97C6,SA8280000380608012004453,,,
3AA6772E9FF1879BCC60,,,,
A550CE8FC41A96497079DEE281A47E32,,,,
A5AD7A46B11FE333F04441D827586C96,,,,
A5F6CB29D287B29AD021205D1278C93B,,,,
A565EB4DD9A580BA9172D91AD4B116BB,SA2120000001702409409940,,,
A5DE774735556B6EDAB49AFD87C37704,,,,
AC0C36BAE88172E50FA6399167459456,SA3080206018430222121010,,,
AC9E4563D5BBA2857089583BB0932F0A,,,,
A5E0AA1AC2327A44150C72EC947893C6,,,,
A53A9090E15AD8455D2033902EF3EFA0,,,,
3AC412FE2103A3870825,SA3480000865608011879023,,,
3ABE2C83B10FE56D86ED,SA0430100974017247782443,,,
3A621C854990866F61D1,SA4180000368608016083186,,,
AC32F20C2818A46881D6B8F25600504D,,,,
ACC9DD7A48749F31738603E8BC3A5320,,,,
A56294EC1CAC2565CCC5B24C38429439,,,,
ACDF7C58169509FB3D3BEC878CC8A1B8,SA7280000857608014594739,,,
A5A2F93BF04448ED58675AEC20D0B983,,,,
A5CF4E20D97929722E90F66135660039,,,,
A5796D4F26BD6378067483FF2D8DF958,SA2478000000001080498892,,,
A54522BA3BE6F036C1B31BBB0A9778E0,SA5480208424331222121014,,,
A5A4195146FE4925AA39C1F151F522D1,,,,
A55605DC07C9608BE26F30EEF7F94CAA,SA6336036036061092985315,,,
3A771D1E0CC6DC6A3EC9,,,,
A56F0932D5D6DDDD30A480A54E9F5928,,,,
A5D5ACDC55CDEC8E4413D8C1BDFD3F48,,,,
A534D4BCF8B503644732A1B798E1169C,SA3305000068206095467001,,,
A5947B020A092EB68DA6A002060B9F78,SA2815134018963777716891,,,
A5D6AC1A0C208275F3B96283AFD2540A,,,,
A5EA35906752BFCBEB0086E8F551D864,,,,
ACE7BE9648AB654503EF35CB4911DB07,SA2815134018963777716891|SA2915134018969601767981,,,
AC21E2296D975261EDD66018F57DF4FC,,,,
A545BFC609950B2D62518F25E32AF444,,,,
3AF5D9D3C78BA0FDE51E,,,,
3AA3D8DAFC32DC2CE106,SA6880206795568222121016,,,
AC4500E695D9DADF49F502521EDB75C2,,,,
ACFB025A0B05AAE407E9F4B425E75A63,SA1080208455149222121012,,,
3A9D21E16F82405DA971,SA6505000010011834223590,,,
3A68962E791B99F84124,,,,
3A3A78093074A68390FA,,,,
AC8AF53268219BD5098DAB8C8256D69F,SA8036036036083157267422,,,
AC4A5C08DB8579E4BD7E71DFEEF1C42E,,,,
ACC1FF16BE6AB6928E45CE1EFDAD5CEB,SA9830100974017247554062,,,
AC15D3EE5EFFECB65FB748EFF2ABD459,SA8980000996608010436562,,,
A50817DC2D44C572DBC7BFF9F0CFE966,,,,
AC275CDFDA1FE9C68B99BFFEF9ACE078,SA2980000183608010900727,,,
3A19EE25246D0EAF5000,SA4310000011100503746800,,,
A5644FB9D1591895A4598B7D63B61359,SA5330100974017247181422,,,
A568057ABD4867C6AC50ACE1860F85B5,,,,
A56780C6A785D64FCC5B3846ABAA291A,,,,
3AC4E9CBD0D065B6A9A1,SA0605000068204465201000,,,
A5223F2D21B708AAEE135FED20C2E454,,,,
A55634107980D1FCD0B6A08809C44799,,,,
A5D0F7CAAD664326DC66A1AED85B6E18,,,,
AC1DBDB8C74C6ACF6B589466BB67F9B3,SA3436036036080750337895,,,
AC1D73641CD9B1E0A3C4389E28C62F41,,,,
3A0791945B19C10FBBF8,SA0830100991102024569603,,,
A50EFA0ED876493FE947F3D4C6E1A105,,,,
3A69D5B791728ABAE251,,,,
AC7147D87E253C22E44E6414266A6B90,SA8505000010011835494512,,,
ACDC6A149D4BE4EB649D52E08022C3F5,,,,
AC662E3B2B600AF6A63A1726F2257CE1,,,,
A58A6958E6087700EC3216DB3B78EBA9,SA1730100803100455805019,,,
AC94C9A54F37D805FAB5460DC00A627F,SA9515134018965797658914,,,
ACA3CC033C030AB6A10011647173F610,,,,
3A5762A9ED6EB00B4473,SA7780053900608016242315,,,
3AC679393B7CBBAAAC89,SA9080000867608015861123,,,
3AA1175E2991E956B41A,SA9260100001182240379001,,,
A5B7258B1DD060493BDF44E6D9ED19A0,,,,
A5790F5F073413BE440FBC014BB94E39,SA7905000068205149919000,,,
A5E3DC9A4ADB2D7403BE79F20FBD463A,,,,
A5A6E3C19E9AC5FE74EF53B068F4E28D,,,,
A5A23D6365CCE45B31BA257898166B65,SA5736036036063598800391,,,
A50CA40F2604153CC85325E3388C188A,,,,
3A2FCD44737C4A571A3C,,,,
A561A3B398A1BC90F0A65B8399F8C61B,,,,
3A531C7756C3929C22FC,SA1980000510608016273586,,,
3A329B43C88A84BC27DD,SA4110000011100232888304,,,
A5AF57C25C8FA68D1DF15B01559E11AF,,,,
A54B7D8A14227EEA6DE0BD34FA654F75,,,,
A5A3FC7EA9A8CC616A0BD014A2CEF6D0,SA7610000025700001714507,,,
A5316C627D200530D9DA841354149EC5,,,,
3A773585ECBE130A0C05,SA2130100974017247126805,,,
A5C041F03731887F4DE8FAA9E71D9C2E,,,,
A55B686F8653FB151405C6CE7A100F44,SA9230100974017247665623,,,
3AA5AE6CF2B8F84D85A8,,,,
A501BE10F2BC22F5D7627E5BC347EFD5,SA1580000857608013689688,,,
A5B287AFB182BDADF3BC7C0B6495FA54,,,,
3A6D1295BB7654F5207E,,,,
3AC90877A2029E3A3759,,,,
A55F5784000346B3E216BBB1AC536191,SA2160100011082264626001,,,
A557E58715006C6706FAC4F1F6C8A0FE,SA7660100000682267585001,,,
ACD4028BF9D2457D2D9FA4580D445170,,,,
AC784874A55D11ED6460F3BB04031BB4,,,,
AC687C31E080568F44DF25936CC2DF1C,SA1930100974017247432876,,,
ACA0EF2DA365FFAC01B8B7DF0EF9EBAC,SA1930100974017247432876,,,
AC220CCE7DEE96E54ACF1B10515BA037,SA8260100000782267675001,,,
AC107D931F747A214A2C82C1BCA32FA9,,,,
ACF73FAC5B5BF89631BFD5D2781F73D7,SA0515000007779268200005,,,
ACD876016448FFCF32AA95A66A398DE5,,,,
AC88F41AB9BC68FE9939D5C8775C958D,SA3305000010011797086552,,,
ACB90D1360472FE9CB263430687DFD0F,,,,
ACBCDA98D0E2177F825DD08365AF4C58,SA0930100974017247874018,,,
A55FC2CC879B51EA820E4F15D36B07D7,SA9030100974017247488246,,,
ACB6CE664A30E4F05D2FB7678C4FAE02,SA5160100001682267566001,,,
ACDC42CCB8761188099C3530009628E2,,,,
AC5498AA9CB0CE69872ECA5042B87FAC,SA3930100974017246698420,,,
A5FFA20ADE283479F53D181696617993,,,,
A5108019B54FF5C105E5989E8F1402EE,SA0960100001682264041001,,,
A5C9F831E7CE2C45C9609476B94EC4BB,,,,
A500B81E4E0A5B6273961FFC2F331B5B,SA6080204087395222121016,,,
AC9CCD07249A91363AECF9D634792346,,,,
A5BC3069C2997F8E5826B23AAD5424EC,SA9305000010011835762573,,,
A5526BA8D0C528048A5F0616E52EBF68,,,,
AC69F34B834C8BFA42A4B577E06A85E6,,,,
AC3CD2068EC8E8D183ACFA3E80F6FB1A,,,,
A558E137DA86FFD8792161FFBCC6C641,,,,
A59752B6F4F8D608457D3BE3D27BE88F,SA4460100002182252266001,,,
3A39E6335D06564223FE,SA8310000011100251354505,,,
3AAF2970D6725D070D61,,,,
A5F219305DA989655919F18CD2C854E2,,,,
A582A7E434845E82F4A5A8230F00AE93,SA4210000062300174822205,,,
A5B8598C4B92D8A2D36630049048CA95,,,,
A59D83A7233AC808A417A9CF2EF8BF95,SA4220005298200000378366,,,
A5835593ABB1C1D91EDA57942F4A54BC,,,,
3A04378A486C8C41E3EC,SA4460100002182252266001,,,
A523B097B9ED193A4EAFBC8177842B79,,,,
A56F0F3BA691F6AE760020568B2C9CBB,,,,
A5894BDBCD3531924F6D2AD0B914FCFB,SA8336036036045527964248,,,
3A856B311686A25CEFFC,,,,
A5D461EF61EBCB9E547C41FBE865C4AB,SA7360100000682267742001,,,
A5B4BF5BAE21D473D044B3DE6E5B6A2C,SA8015000007779304310009,,,
A5F27DA2E35713A7AE2B09B34C8913D1,,,,
A5453CA28933CEEE354096FED6129A76,SA2815134018968437922811,,,
A5806044948974E7B0ADF4E6B67911E7,,,,
A551D74AEFA64C919E638AC74DD7AA5D,,,,
A5DFE3DF85F257F26AC43557CC966981,SA6936036036040881894390,,,
A5FFAAE9352D783CB788F9339393AF65,SA7615000900146531220005,,,
A5170916C2351DCB4FFCDD0606644C84,,,,
AC3AB8E163E5C82B303E3A20A304499D,SA0480000662608019765337,,,
AC97615B4B807917FA2929D41D320DF7,SA1780000176608016495671,,,
A56805AA113EAE3F79611F03A387E6BF,SA3720005298200000378553,,,
A59F8213181BD6BC7D6125D86F654999,SA8030100974017248502464,,,
ACC70CFB1B2195625E46545E612C71B6,SA5080000183608010410693,,,
A52EF9991DD0FAC865D14CBD151F2DB7,SA5945000000028396406001,,,
3A9BBF79D3580BE9E2D4,SA7010000011100204589002,,,
3AA84A2F7B46F86CAAB1,,,,
A59E85B2333A6A23E16878009979524F,SA2130100974017247126805,,,
A5DA51AFE79D15466DC6A4BB127BE80B,SA0880208520622222121019,,,
3A013A89E7E469A8EFB5,,,,
ACC07AA594753CD17B82EB6FE45C5B7C,,,,
A5CAFFC11482C5D7548F43DCBFD3D45F,SA5415000007779158260002,,,
A50F97CC415534C6FF48C4C83FBF9494,SA5945000000028396406001,,,
A525BA46FE01166061EF26F593711D08,SA2936036036088622977489,,,
A5745E57BF4D14061835948811223CE6,,,,
3AA2B8C8955F46C2B3B4,,,,
A5056395CFF35B46BC4B1155FD4C921C,SA1630100974017214218481,,,
AC17485286C2319C5B06954FA1628F87,,,,
AC41259D20AD20C5B1AF0E549F18C497,SA4305000068206949504000,,,
ACA1FDC55442F85A964321F0770728CB,SA2280000221608019602666,,,
A525DD1D7649D410E0441F543B75BC80,SA6320005298200000378570,,,
A51D842DF8B224B194ECDEB9D15DBE53,,,,
A53A80400EC6A69E6158D0AB10812F4A,SA1910000011100331961008,,,
A57620EEB0DA9E022CF01E2479044927,,,,
A52DE8B6ED29B49331FC1AF8DEDB57CA,SA9036036036007845386662,,,
A5738915E0EF3E1EDC7265C6FCD6546E,SA2510000049600000619100,,,
A556D4BA1099419D6A2664CBE41F32F1,,,,
3A4F02160A8C712FABCD,SA9010000011100403042203,,,
3A9687C6120C121854BA,,,,
3A998A402E855F614E24,SA5680200530216222121015,,,
A5AA714BC4891C5C774025A1D9ABDF65,,,,
A5B2D1DA8721DC3D422621103F2E5CB4,SA7280000857608014594739,,,
3AA49273B1ADA3424DBA,SA2210000062300175070400,,,
3A869CD6B697C22860E2,,,,
ACE0AD6DEF15180E9D15E6B29A0414B7,SA3930100974017246698420,,,
3AE548EB6CB215670F0C,SA3780000331608016008963,,,
AC73B2D51F36B4FDA075C7227DFD4FBB,SA4880000257608016004608,,,
AC432E10E43647F71B98EBF5CF8245BA,,,,
AC1441E539D90EFE939ACB6588B97DE0,SA8180000225608016546292,,,
AC6AA5E1DEF7FBB2A64BA469D1F7AEE3,SA1680000317608010346987,,,
ACEBF30A95848FEBAD7D4C25234821C2,SA2210000062300175070400,,,
A5FCF64248AD8A82C81B53BA334048F1,,,,
AC7D7F9635386E95ED59D5F78F5B0BE6,SA0980208389917222121013,,,
ACFBDBD0BEBE71FDCEB4E83E33DE8C96,,,,
3A84F03EA61F11A306C6,SA1610000062300173647809,,,
3A4F6BB26F5F6D3A9E78,SA1110000011100519130703,,,
3A464E1D34EFD1378D14,,,,
AC75AE7C158839B1417DDB9AE52A03D1,SA9045000000856065164001,,,
3A94F5A892A00B948083,SA1678000000001075629636,,,
3A966B0EC508C6D60613,,,,
A50079E03C7567C422F4CD538E63DEC2,SA9320005298200000378612,,,
A52349C43D3D48032A15DD9CCEF07F21,,,,
3A6EBF6D725B9CB6A38B,SA9320005298200000378612,,,
A5CE18F50FFC36DE123E054AA8F96AEF,SA7105000068207113165000,,,
A5D8114ACED5F454487D95D8BD14436F,,,,
A52856F4F4547648660A78AC96E4FE2B,,,,
A58AC18F3400280E58D419ED7CD65FB4,,,,
3A003DD56696AD92DBC6,,1123343194,,
3AC993CBD47C4705063A,,,,
3A9BEE80FCCD9E20B91E,SA8578000000001075637221,,,
3A9D75498351E868FADD,SA1130100974017248217265,,,
3AFF879F89DCEE1FF182,,,,
3A6529141E947E05E2B1,SA2130400108038704840012,,,
3AB92E5D92AAD977597A,,,,
3A473BABEA1B23ED7B9C,,,,
3A62FFC36E2DAF43BA8F,SA1636036036002384598006,,,
A5F8F7FC8D07405BA59367401CBFC315,,,,
3AEAA24719AAB61F322B,,,,
3A797DC13C5FF9E705F4,SA8905000068207157813000,,,
A5FAE6AF4F9C0826472DD9AD94F7E5B6,,,,
A5A83D30580E32711BF17E3245F16A2C,SA3780000331608016008963,,,
A537AFD379FCAD272433F1E28B8B0089,,,,134
3A2D8FA1833D3AE3B47A,,,,
3A2F7B9FD9E0C133DE85,,,,
3AFDFEE105432046A1A2,,1118282613,,
A5363541BD8A4507CE153B0DABA59ECE,,,,
3A28B2960773C474AAB9,,,,
A56C74F875464E53BE1BAD4C38764740,,,,
A58584C522DC14B74A4F6E1C7BD3EBDC,SA4660100000982267748001,,,
A537FF10BA5A514A7620C36980D785AF,,,,
3AD62F960F73197688D5,,,,
A5E24031C6A676F9F457937740BB705E,,,,
A582FC329643107D552D15D8D627BFE0,,,,
3A3B50094C393BABC21D,,,,
3AE24D9B4571BE99B9B4,,,,
3A1024F2603BF6A78570,,,,
3A9E9BD573FD01B26B2F,,,,
A59287A837A9681858413EF792CAFD11,SA7760100001082267726001,,,
A59EBE3CFD92B6F3B19D6D6D9738D02E,SA1030400108038520100024,,,
A5BEE3DBFD5E927F7F3DC058F9C9A133,SA1405012000000110989059,,,
A55D5DDBA136C2FACE08CCE78F775FE3,SA1193000062994287628000,,,
A56D65FE06BE4D787EA432506FFB9376,SA4160100000682269061001,,,
A53F0C302B6779C6C5D5F683423BAB46,SA3380220141109254545012,,,
A5F06A8420BF2357BB0105F1BFCEC353,,,,
A5B1A9AE445E33817D3FDC6F1DFE7456,,,,
A55C26A183FB39E69CE37CFDD7E53CC0,,,,
ACF411BBF5A6125CB2E6FDEA3F4F7C40,SA8630100974017248227846,,,
A55BBC7EC5AC295A3F48A741CDD7B3DC,,,,
A52FC996A2A66579D199655980B7ABF9,SA1730100974017248039065,,,
A5002DB1727EE5069B844CA7E200F839,SA5360100000982267705001,,,
AC4033F11E12E95DEDE70D7B232DFFA9,,,,
AC6A7C7B5C5988FF5CF9D4953282BD49,,,,
A57E1CD360CBBEEEA7E8360708C11B2C,,,,
A5EC34C090CC5D78D22D73BE14B82630,SA1405012000000110989059,,,
AC5BBABE271F175C6F0555B1AD53465B,SA5380000144608010665468,,,
A5B7699C8CAFD4046B46C793356BD734,SA4080000315608010168078,,,
A5A6FDC87C1EACB5E0A00DF3DCE54EE8,SA1405012000000110989059,,,
A5EE084B2639FCEB44A2B0D33A0E2543,,,,
A575069B9AE2649E4812C60333379592,,,,
AC7355AE79DB9A4294B7D8A1097D705A,SA7920005298200000378573,,,
AC38C53476EBD6131CB654B589D1237F,,,,
ACBA43521295CB968A9AF751A9B9FAF3,,,,
A531AF3E36BADDF22E404D655F503407,,,,
A5C6AE377503C6EB3128D477138DE924,,,,
3A6E66CF6EA05F7A20C8,SA8905000068201611353000,,,
3A1CFFAE4A0E5F1A9CDD,SA1080000640608016217487,,,
A57F3A8480953FC0579027810D585936,SA8560100000682268472001,,,
A5689439F31E21BA79F9AC7653E9C4C2,,,,
AC4C71E7DA52619FB728F5B2996C5B12,,,,
A5FE741B28BD95DB094DBBDEE2DF7C41,SA9530100974017247960643,,,
3AFF4FF622ADCEF59A80,,,,
3AA129D98B927B88D77D,SA5145000000023343254001,,,
A5AB9793DE0325B23E6926EA5661DB41,SA2620005298200000378654,,,
A5F5779DCF2C3B5CC8E7C434FF6C50C2,SA2620005298200000378654,,,
A5932F45D39C775D1EA1C25CF8DC3883,SA7536031016026369540431,,,
A5DBA3A752E77FA3F5026BF140904D11,SA2210000004200000952000,,,
A5385E29E213AA71BE7C8CA4AFC3F4BC,,,,
A5C8540C22C77492EDCC9E4DA42E77BF,,,,
3A5DCE40844CE62E07C2,SA8210000097100002235308,,,
A59F91EC68C501648F65C0D0DC852C8F,,,,
A5BF20F5B868B811FB2D2D05F26B39C3,,,,
A52197ED4101C0811FAEC63D632569E1,,,,
A5B46EB7F3A041A484D507DD28E99825,,,,
A52D8880E17601058938DCCDA0A28727,,,,
3ACCEA00F1E239BED2A0,SA5078000000001269210857,,,
ACBE3E6236A57937801DF907B8161999,SA9180000402608010079196,,,
AC76B5C4A144D8466681FA03993695DE,SA7090000000029901592702,,,
AC02310D8BEEFC457406E467055A73B3,SA4490000000029901748079,,,
ACB4D16A4D8F56204A20BB103D4BEC47,SA3480900190526992540017,,,
ACDF72FA143719DA9884492045228F1D,SA4730400108038908120019,,,
ACDDB28C5164256757A65F27CB733E1B,,,,
ACE10522AF05D652F02C12CB16608C60,,,,
AC1E4F837BE872AFD502D9446D6CCCE5,SA9015134018966973087641,,,
AC0DF909EF6454275D0AD154ABB2FBD0,,,,
A5F1A44D5738169E7D45BE4B3E78C82E,,,,
AC959B57711B453BC316596504DFB482,SA4560100000682244828001,,,
AC04275E06C1044EAD3A3B0CAFD59E2C,,,,
3AECF71EB5A536C16040,SA1910000011100051411109,,,
3A4723D8594D64D008A9,,,,
3A9A2BECF2FE8DEA1DE1,SA8210000025900000440100,,,
AC5CE893ABAA9D4EA67EF64A8843A497,SA1230400108038915940013,,,
ACA533E4289FFD20CCBDAEAA0FCE1550,SA5020000001103333919940,,,
AC219316F66C066C216F74E8521412DE,,,,
ACF018DE7F4FEDBE4DE5044E79C3DFB2,SA6405012000000111694222,,,
A5C8474A778B95601E8541400FD66F2C,,,,
A56E5C2A4B9B320CBA24A8ED088E9282,,,,
A544EF16B9B46740CF1C71CA723AABF7,,,,
AC6FE2DB8E03DCE9D0333D2E0048652A,,,,
AC2208621FA916181745AE6CCB54155F,SA4380000199608010585686,,,
A5F2699591B27BD0182F1B2950833664,SA5980000124608016079833,,,
A5CF67969AE2DD5043C4908BB73B3404,SA0680000199608010467042,,,
ACB9F6B6C4758B065B82FF1926F860D7,SA6436036036075886065357,,,
AC2916C0627211884EBC89DCECE488FE,,,,
A5402058E32008B5E875F8F8AE0ACE31,SA4815000007779344940005,,,
ACAE1B049E0719CDAE494682A91397AC,SA2410000068500001477302,,,
AC04DB446F731BD3A9E98419CF723CBD,,,,
AC122393E3552783B5AF0313EBA3E149,,,,
A5B76EB3BF472F94A69C57228166126E,SA1005000010011840499510,,,
3A296B8AA5523B4F5C2C,,,,
A5DFD6FC8146AAEB25B1FA74CBC2A3B8,,,,
A5C165BB1A55C3317319D93E58E19A53,SA2136036036023565059979,,,
A58F51135BE39B787908F31A4026036D,,,,
A5D6FAD288873EFA9ADC09D78252830C,SA5020000001103333919940,,,
A5A1B11340EDD8B21E3CD387BD8DA9C1,,,,
A598B4D5852E162177CF7D47A4E9701D,SA1905000010011841334518,,,
ACFA49E0B5445C47DCFC9B49B3622D3E,SA3310000062300174934402,,,
ACC35714481F82C9F5AFDA2B94853FB5,,,,
AC0DFA97B57D2050B90BAB366B6C5080,SA1530100991104197271992,,,
3A18EA086313EFE34DB6,,,,
3A590E6E650A4E49FABA,SA4815000007779344940005,,,
A5EAAB6A09E3BA082D35BD8A3884B7C7,,,,
A562CEDD3F3DC67F0F17CF3813ED4674,SA3305000010011839960552,,,
A57E5A266B24FDE0838F996F49F0F967,,,,
A53EF004504E74B57274D96D48BFD024,,,,
A5A53329E3F3DA759C0650E553D7A545,,,,
A527934B1AA6919345381A72576885B3,,,,
A54ED52FC67D7A959E3470C2A09E2DD0,SA6330100974017248947418,,,
A56C6744D1276A612B01E51ECFFB75F7,,,,
A57F5E049253070C47AB34C0E1FF8FAE,SA7130100991107774879110,,,
A50A78ED8D3546574D2ED17DCD75CE26,,,,
A5C458BF8308252910F0957C71676A80,SA0880208657974222121019,,,
A5BBA87CAEA0E40F8A842A7A43199CA9,SA5610000011100344190005,,,
A50948ED1813136FD8C369E74962746E,,,,
A58A621DFD68B60600E6477AEEE58423,SA6280208462365222121015,,,
A51EAEA375A53F10ECA5B229E9EF9C4B,,,,
A509189200E3681BAF2A4FC48438DFB7,,,,
3AC10354403FBF94BC90,SA8430100974017248280456,,,
3A1590E862410C526CAD,SA1430100974017248686012,,,
A5A0B9446CC0B8E2A26661BA899337BC,,,,
A5C2037EED4DC8B3C78EA1F879F923D8,SA6510000042100001208709,,,
A5A3E0E5676A0C94BA86DD6C1493B4FA,,,,
A5E8DBFAF7AB3ED96DA2E9EDA17CF165,,,,
3A0D295B6FA638DE5365,,,,
A5B9449EAFE9AAABB6238C0093083D96,SA6715134018967587089713,,,
A5B23041B88A01FF770BA019C1723C8A,,,,
A5D7CED32321AA7E1980F20BD0ACE7D7,SA2210000011100137700703,,,
A5B60BB4F0E1E1B5F98C8F20CBAA7257,,,,
3A70735E198E4A1A5AD4,SA5020005298200000378707,,,
3A2B7C3058DEF3045FA6,SA1005000010011840499510,,,
3AF3C6AB4453772345EF,SA7105000068206423010000,,,
A561F706BBEB251CAC3D08A83BFF5091,,,,
3AB655723C9A025A41AF,SA6130400108094328680021,,,
3A1661A8B844EB748209,SA2180000857608012686503,,,
A5C27C58EFD91B005AF7A9DC189D0B78,,,,
3A4562002292AD4D1EEC,,,,
AC396849381810E3EB130E2684B4CC78,SA5930100974017249130820,,,
A57ECB55ACCB3E185534AC0F56977871,SA1705000068207161678000,,,
A51B20E8BA2D2B39D5C4C2C45C5D711B,,,,
A54269847F46E97203FB1DC28ECD13CC,,,,
A5D2C072F032E818E297FFC994195F61,,,,
ACEAE8D6873C9DCAF5B00D519AD61B4D,SA5020000001103333919940,,,
AC1D14080A0A8A2A09E6CFD7F7C2B918,SA4480000419608016162450,,,
A5E0B76A6F88E415087B8DBF4D971965,,,,
A5D6767497C8A15F63972FF5143F9042,,,,
A504A260EA79F434BAA920530CCF2509,,,,
A52C2E0593B49C6CF4E7E4BDDF8863DE,,,,
A5FEEE5E28B7E279487B985A66641AC3,,,,
A5B50B805FEA63260F0E5117192E1BE4,,,,
A566521479D66D59882E4AAC502EE0B6,,,,
A53F303BC3EC81B8D48B40C6B0685E39,SA7830400108038915910016,,,
A599B83146B8750F06DD2DC48A3B199C,,,,
3A9683B9129985DDF9D9,,,,
3A6D8BA56B8CB2D25DD1,SA6730100991109468432252,,,
A59712C649478EA8404D52896EBFF656,,,,
A572B14545CD96EBC1CB98BB753CC59D,,,,
A55436A6108BB322A1A2464B7770E433,SA1715134018969587313838,,,
A52223B1052B989784B2FEC42858273C,,,,
A588FF3772E71588A5D366FF6B87A91F,SA5610000011100344190005,,,
A5A90A5EBFCC9A7A5C06E62732E1FABF,,,,
A5A78E533DC7877B25FAA315BC4A3065,SA3415000007778815380009,,,
A5A8AD52B39041BCF75770D03167EEA5,,,,
A563D05625C91A76D3C640C00E5732C5,SA8480208626135222121015,,,
A59A16E665FFCAB0733C5CCB18CBBFEF,SA2660100000682270331001,,,
ACFD86ADC498F6BDEAE63464CE807F10,SA7530100991104030444686,,,
AC8927DDB49274E09D27FBC6249FDBDD,,,,
ACC9BDB527D2055A63CEFEF031A492A8,SA7110000004700001309702,,,
AC5E28BC39F07E1F5E149793C619ADE7,,,,
ACE7E25A878C5E384461C5D112C63A0E,SA1880000101608016315200,,,
AC6B744CA658C2658B26520B4F2840DA,SA0436036036078798125553,,,
3ABF8D7F681B2B3C1A21,,,,
3A57D996C5C1DC168E82,SA5980208658549222121018,,,
3AC1D2EAEBCB6C31AC98,SA7110000004700001309702,,,
3A05C5E34E70C31CD491,,,,
A514684508812997C89AD4E050343952,SA3515134018967459139335,,,
A5586C26DF3604A5F96700E825DE207B,,,,
ACACF4DB9079BC6F2BA11BC7381FB378,,,,
A560FB03C0696C4DCB9E4932BB343A2F,,,,
ACF7B7A92987120A22B2FB62477BF023,SA7460100011082269289001,,,
AC5B84A99B3009EB4F2E0BEBE0D82664,,,,
A5D47C3524C2451B09328D46484F1A7F,,,,
ACC9B28F4EB0131B351AD77C8CD6306D,SA1580000698608010223680,,,
A58CB1708D1577020495C9FDECB155E5,SA2210000004200000952000,,,
A5A2AD16D51363B5679D1368F730753E,SA6530100974017249004224,,,
A5CA53EE6657C02BF2049822B3DF750E,SA8415134018993616705098,,,
A5F70FD6FB13F7275B1D356585F90D30,,,,
3A3C1FA76415B97482B9,,2610396596,,
AC354F8640A1F566C4EBC654CAA117FD,,,,
AC61DE6F399EDD91DCF01B0846A555C7,,,,
3ABA1B481590D1CDBE5A,SA0980208466567222121012,,,
3AAFDB18326B4F0E3D47,SA2210000004200000952000,,,
A5F9004523A3EDFEA5840E47678FA9F4,SA7730100675020332880012,,,
AC41ED62A6677842A0D991A9F991FEE7,SA9410000024800000683603,,,
ACEC0AFC5D52D9B5779C1F721E2118F6,,,,
ACBD31309558CA0C79A4B25B1A808D7C,SA9405000010011841664520,,,
AC5304E91A5E3BB88F8A5241FC1B08B6,,,,
ACFDB0731C6D7D4FEEFE6287626B7EAE,,,,
ACB67C81C9132FD1F17308ECCB51877C,SA2880000640608015419241,,,
3A2D1CAC947E99C7C62D,SA4980208115825222121019,,,
AC01B9FEFF7622F383F392D5A8634A2A,SA4410000046168603000104,,,
A5FA51D28753674E0E41E39364B355E6,,,,
3ABC11F49432A7C6D574,,,,
AC819B552FEC1B3851F756EF0A369FBA,SA9410000032000001166303,,,
A58A304867EFEC29201A8A3DD90D1169,,,,
A5FD46C97BF004F12767F8F9CB17559C,,,,
A50C2115239E0093F6465D220E295238,,,,
3A235090ED1F2F5F60A1,SA5880000321608016251003,,,
A59CE1F956671CCE242DA223ADDAB54C,SA2820005298200000378715,,,
A51427971D7F8FCA64C7499DC74D8AF2,,,,
3A498627568824447B17,,,,
3AC21CDCF3D8E1D0F752,SA3980000857608015745850,,,
3A88199BBC141221A600,SA3880000865608013342293,,,
3ABF9E0CBAB8D01E79DC,SA1715134018969587313838,,,
A5B87C9C5DADBAC5ED9D5438ADC8D790,SA4915000007779374880007,,,
A57584B5F47B0AD5BEB3836DE2D150FF,,,,
A51F5EA3037040D6FDAC54146BD670A7,SA3620005298200000378765,,,
A513C42A021578B1690F8690DE592466,,,,
A51C4EDC056BD5286F6DC63B71040E0E,SA0715134018969142782904,,,
A5ECD499D6A5F2FAC7C97C08D66E4154,,,,
3AF8DD06FFC7474CC7CF,SA3680000859608017704622,,,
AC4FBFF5934DC58157DBCD59D60D5DF5,SA2820005298200000378715,,,
AC9667A83E19AAB76A4EEC3465E12C49,,,,
ACCF7866AA7628B2209E43574C67E263,SA2820005298200000378715,,,
AC32FA1996B344CF691A1A6EB2FC3F02,,,,
3AC0916188834D621807,SA3845000000057375479001,,,
3A2ECB59F87894FE5EB0,,,,
3AF2DD97BF0F74D21A14,SA1178000000001209042556,,,
3ACFA387420C74073238,,,,
3AADB25F3858E9A24423,,,,
3AFA94D432D1F489188C,SA3680000859608017704622,,,
A5256CEC2D5FB7735A89964AB4825091,SA4315134018964769999946,,,
A5C7FB26F225F8E98CCA2D7BD748A49C,,,,
A56DA34AF487C202B0EAAE94A0F87307,,,,
3A91E534F57F9DCCA78A,SA8380000177608016545649,,,
A537F0CB9450666D85A61A6361733BEB,SA4410000062300142306508,,,
A5FA639332679C3930D87450BCFDE1D2,,,,
A5034DFEB3B88B6B2E6493B32FF844A1,,,,
A5011CBC4E998F156F6B9D19DD4456C0,,,,
A50865899CB6ADE586A79922F628D820,,,,
ACD4CF53BD10780176581D20BF52007A,SA6980000286608010301799,,,
ACE094FEEF5D0172AB79DEBC6EDFF5DC,SA3210000021700000176400,,,
AC5692EF92F0EF504A6F57AA4581D72F,SA7780000130608016481080,,,
3A99BCC9BEC0C18CAF57,SA0210000033100001956902,,,
3A288A4913FCFBC19CAF,SA9130100991107284982287,,,
3A1C3ED479BBBD61CFB3,,,,
3AD50EA5D77EC56385C9,,,,
3AD55A9AE3FA5D40A165,SA6410000071000000136305,,,
3A4FA717D0D2A16BFAF1,,,,
3A233E5106916AFE07E2,SA5180208662248222121011,,,
3A2FE272F3F4B3433B00,,,,
3A34218DF1376C32CCFD,SA3910000062300175428606,,,
3ABDAEE6B7B2C7EB5280,,,,
AC0E8EF9ECFC82FAB1DDD99444BDCA78,SA0745000000611216805001,,,
AC9962D10689DD2773D41B86013C3DDD,,,,
3A52CCA4B7673A823F16,SA8180000225608016546292,,,
3AD6EA035DB51C39F33B,SA9715134018967011089496,,,
3AEFACA3362E557B934A,,,,
ACE5E96A54489DBEDD03E17DB023039B,SA2860100000682268448001,,,
AC85B394B2318D4D93B15E2A46C6F8C2,,,,
3A3CC8A6CDD80DE392E2,SA1636036036064179141750,,,
ACBE588BC8033CC1B576A7545CDD2A80,SA8536036036087104908827,,,
ACDDE155EC8C68AFA2727F007B742941,SA2860100000682247448001,,,
ACAAE6DD87B757352DF41B0886765131,,,,
AC64F630A17351A7D08C259F5774DBC9,SA8815000007779402340005,,,
ACB6580B45BF95B115999772D022E4D1,,,,
3A329DEDE3FA71554A39,,,,
AC04BF4FA615C73EA4857970D48ED220,SA2380208662511222121012,,,
3A741089AF9703717209,SA2180000866608019778887,,,
3A11E86BA4D772ECCFB5,SA4830400108038939580011,,,
AC08B46C5123CE16BAC3A3F0DAED5477,SA2180000866608010332833,,,
3A96BB854781B0E927E8,SA6710000062300175369902,,,
3A7D9E2CCC6960B80373,SA9715134018967011089496,,,
AC55DCD69187AFC52C08072B4B375036,,,,
AC27A5C4CFF57191AA75273E1F2636F1,,,,
A5A8C4F9C1D1E4E22B9AF68AF16F69F4,SA0610000062300174336010,,,
A5A85E5EA81823A2BE344545D3BBA363,,,,
2AE24120BBD8B5831110,SA0715000007777680160007,,,
A540A328507D0E5399A5A536FA2E2377,SA3510000036000000318609,,,
A583BE18D7F611D2BCA5631630CD7F35,,,,
A5A6EB207E1ED834D63B72A552AE28D4,SA0360100031282254250001,,,
3A405EC5AFE37BC0E10B,SA0715000007777680160007,,,
A5F5900A5A6D3D52ABE3F49E674EC0D7,SA4110000028300003128006,,,
A59913ABDB87C478403AA0677637883C,,,,
A59B0A8A28E1018CD4C9AF82462EEE98,SA2493000048344342545000,,,
A5AC1F483D0C79B2EBC08ADB0BB06E3B,SA4680000858608015378529,,,
ACA15CCB956C04E8264B6995F44CC9D9,SA1380000104608016628450,,,
A5F433901C6800A39232D96F98E0A90B,,,,
ACB1873BE1F9EC6CE3CCD8B74F84F301,SA1730100803100455805019,,,
3ACCC2B9506FCE12C3E7,SA4605000068207039751000,,,
3A04D18F2093AAB72D83,,,,
A5A69324E83406690E3B7223E5FF6B8C,SA3320005298200000378722,,,
A57100D670B24CD7012C5A2A1BF7CEDE,,,,
ACD86C0949FFC7A93AAF3BC876F1F64F,SA9815134018961625942030,,,
ACBBE726C5073476E51A722ECA4C0E4B,,,,
A5390875B8CC39224292AD42180F1349,SA5410000062300175435708,,,
A56FB02996CCE46C84AA5204037676D9,,,,
3A93DD3FC2687C638C32,SA5115000007779433040007,,,
A5148C38B009FCF65A50B286E01F5548,SA1405000010011842864589,,,
ACE830830B0414B6CE883E072A8ADEA1,,,,
AC4B93F837F2DBF6F958C25C4C34F860,SA9110000044500000772106,,,
A5D1F9C9F6F1D467B890FF7DA4F541B1,,,,
ACB63B1416A84BD9DDD5A3A243F001AB,SA9280208667233222121018,,,
ACD1896E035251B07873FE495C0AA81E,,,,
A58CFD53A55BB443A611AFBB6CB6F934,SA4980208115825222121019,,,
A5E6CE8CA6F2563F493DAA7C00C856AF,SA6410000071000000136305,,,
A540168B3CBEFE22B6AE45E6C2C8C8F6,SA3880208667316222121011,,,
A56FFB60B3BC0791BF583D934A8435A7,SA0280000856608019583498,,,
A5D18EFEF139CC2F4F6DFF78291FD6E3,,,,
A55BDB36F5114381C8B38BA73ECC0FF5,,,,
A5236D5741621C4E3CD5E6B4B8B0B5B2,,,,
A5E8A181AF1D81E43F8161AC82EDC1BC,,,,
A526D54947740A3C85AD3C440C2136FE,,,,
A55A1B4E02D8197C32FE000C9AD3296B,,,,
A5DCBB358B01FAAA298137FC5E0FAEDB,,,,
A5DFD329C0C7FB02E4F8ED84C7421663,,,,
A529F527EA0E0B7619A6FD2EDAFB3760,,,,
A50632992F039227A8C9C56CAC5028ED,,,,
A5A3485D4AE52EDA8431BE49149A91A6,,,,
A505C7357F543EF35DDD9B0F3DCF8654,,,,
A5347E26903A424DA5A52DBEC38433BA,,,,
A5AEBB2493E2DE8BEF86901771442732,,,,
A5E413839B69DDF65BADF9344B210A2E,,,,
A55502049D82BEBD6F481BBCE79E4DC4,,,,
A5247BD6ADA0417B7F211D109195A76A,,,,
A5D37067CB023B285EE2C8C264DB4F66,,,,
A518B595B686E13EC90A760B4E0187F4,,,,
A5CDBEA0B9F7D9ED02A947F5B642512A,SA2110000021300000309702,,,
A5029EF06C9568299DBF3C39F65DA4B1,,,,
3ABB620E4714FEA2C189,,,,
3A7B9947472CF4B97FD7,SA6980000420608010160754,,,
ACA8AB9DCBDCC7B97A921D64C4B4847B,SA2880000183608010410701,,,
3A7C8EEF0BAA5FA6E0B2,SA9220005298200000378824,,,
3A7559D18404D586CDA0,,,,
3AB72C09CD7EAFC5564A,SA1680208668175222121010,,,
A57307F3EB71316D15DD544931667E14,,,,
A5425C8B1B652353E7F9EE6AD24F99D3,,,,
AC8AC00D52C911B97E4E9D73388D16D1,,,,
3A6F51C3156BC0AFBE80,SA9636036036010440541626,,,
3A3FF672C618CE776408,,,,
3AF587079547939479D7,,,,
A5E1B4BF02062377FB36975B04CFC823,SA1280000102608016213214,,,
A5A429854BF2AC49ACFC4C87F3935528,,,,
A5D98B24AE37826CED0A62809A8BD1CC,SA3910000011100437676001,,,
A571369B747D7E59F6486F60751E387B,,,,
A57244609D47108BD326D7009BD5CFD5,,,,
A59DC34B34E35FD9B80F06D750D00BC4,,,,
A56DBC560BA6FC8FD8E6683D082FB5C9,,,,
AC168B0C32CBFC7FF1C04046FBB03659,SA4910000011800001398304,,,
A55F5C329ED133B80204F4F7B809B1BC,,,,
A52E43F5CE78C55548ED6136A60B635E,,,,
3A6644ECEAE631539742,SA8136036036044572086611,,,
A500E696C6E7D6543BD8C44D30001A7A,,,,
A558E4750DC1CD59AFA1462B0B01D958,,,,
3AF5A3584C191BD7373D,SA7180202866379222121011,,,
3A400B6A4123F72BCF5D,,,,
A546A8284928597F3060AC988C993B5B,SA7005000010011844255531,,,
A562C12345198A301BB4D11A95DF8DF7,,,,
AC4C0197C400944569D76CEC273EDD1D,,,,
ACF19CF7BAA984B029C1D2253710458C,,,,
3A436EB071196D1C7B84,,1011214531,,
ACBCD7C5DE99D29C34657842A704447B,SA0230400108092420690016,,,
A5355DA8CB72B6A717507E4DADA09438,,,,
ACDBFB96C7C3D6AC35F8FA6792521440,SA9680000331608010588317,,,
3A8F9370C663FBFCA87E,SA0315134018967726389267,,,
3AC59C76D03424B4FD0F,SA5515134018968604817518,,,
A5C11DF556009320591B736E09C60500,,,,
A53184797EA0BA2AAD5B834C69ED00E4,,,,
A5CA65C4652A25972B0796FE58DCAD4C,,,,
A5281A9D3B32F7AECD09598BCE17A561,,,,
A5469F01F72051D944CC60EBB8AF279C,SA5930100880220005512633,,,
A5C850E3F3459AF1B3CD746E290A38B6,,,,
3A5CE40A28362C0DA8DA,SA8205000010011844366574,,,
3AAE469C053EB7C10CC7,SA0960100007082271016001,,,
3A137BACB7F437DBC597,,,,
3AAD43BFECB46CFB21CC,,,,
A58FD121DBBDB0710266C1124438C891,,,,
3A839F7BA42F41DE99A9,SA4493000001479349022000,,,
3AB8D31D4382CB6B6A9D,,,,
3A53CCC347770C2CF5E7,SA0960100007082271016001,,,
ACA63A6403E6508DE1A7FC64DD1B460C,SA0960100007082271016001,,,
ACAC295FB6A99F6220E324D8E5590B95,,,,
AC0B143118ED7CE50D9791B7F97D081D,SA9410000071400004692805,,,
A524EB541FBD24863B6B4AF52C428FC7,SA0910000011100041232400,,,
A53BE1D3FE4325E94AC1B0B9FE3E25E5,,,,
AC30A349E1F63DD2D4B186DFE6193FFF,,,,
ACE607ED5833A4DE75B6CA455E596126,SA4480000130608010946757,,,
A51757B12E816CDF89859C1D78252389,SA0778000000001014886555,,,
ACC0BF5397995BDC821B5354C656684C,,,,
3A060408417FFBA879C8,SA0778000000001014886555,,,
3A0BC80443BB5B03C184,SA3210000011100025698309,,,
3A3C62A97493745CCD53,SA6293000020666718163000,,,
A5F5492144463D9721EE09FAE436A387,,,,
A5EBDF476D5B53004EBAA5DCD319F135,,,,
3AAEAD762878D14FADF0,SA9715134018965444078261,,,
AC8BC821FA69732FC8585CFB3A0DA76C,SA9715134018965444078261,,,
AC590FCB11C103D40A62C19D991A7FA0,,,,
A55BEDEAD5104FFEFFE4F0B99BE94AAF,,,,
ACC9530AF50801C87FA3FB27064505EE,,,,
ACBD2BFB2FC67B686C59C45A7B45C3E7,SA1310000062300175347109,,,
ACC116187D57075DD1DBC97F21091275,,,,
A53967DD167D9DE3EA5A3A628B200742,,,,
A53BFBCAA2184894839A3D748A149625,,,,
A58114B3D647B8DE78B5E51F01A5DC64,,,,
3AE0ED90007C8DBBB4DC,SA1836036036006216819359,,,
3AB765865D0481689C4C,SA3020005298200000378873,,,
3A7786A159EF13523B25,,,,
AC661E03B33655EC0A1AB3A69819ED02,SA8680208672500222121013,,,
AC0BEBD536091949AF5875AE309124A9,,,,
3A861440DFA9824EC85C,SA8680208672500222121013,,,
AC94D13E9CC20C6A90331C542C9CAD82,SA1730100803100455805019,,,
A58E85A43685FFF0F2998E3B7EAB5551,SA9510000062300175440208,,,
A5694AA6CF7C36114A0A069D53A3E57C,,,,
3A92F1F03D84A39B8EE1,SA0980000163608016122627,,,
3ABD4BF31ED7F514E807,SA1780000118608010497666,,,
A5F2A3443EBE45AB837FEB4F52E965D0,SA1930100991107828712718,,,
A53C030F26AFDCF88E47C839D2EF5DC2,,,,
A595FC6233C657EC8DB1E01904DE4433,SA8415000007779432920006,,,
3A1F77475D40021C0983,SA7580000694608016155708,,,
AC0D790449E5E3C6721E1232C9B140AC,SA3210000062300175542707,,,
ACCBBEFFFDA7DAF4645B5B057DCB0AEB,,,,
3A4291A82D86175A3D42,SA3210000062300175542707,,,
3AFC7D36049E2BF2225C,SA8280000867608016406407,,,
AC3BDC7D26BC5251D78E5313B71BED0E,SA8280000867608016406407,,,
A5A760C98AF12A86F51474CAB2208288,,,,
AC35B009CBB44CC1FC5BD3759943EE3E,SA1910000059600001540402,,,
3AC27B079D7E8A81A4BE,,,,
A5AA27A07F7AA6255A2234D0290A87AB,,,,
ACF3EA77060F3195DE8AB6056562B66B,SA2480000495608010947200,,,
AC101719C157DCC0D9CA76A3174C1D2A,SA0880000640608016371656,,,
AC1BCDE67C073F60DCB7A4C1DA357D57,SA7836036036001004641716,,,
AC272CC17B31442A8C78EB160CBCD430,,,,
3A16B47A4AA1DEA96F86,SA7336036036085530838827,,,
3A8DFEABC3D43CAE415F,SA8280000867608016406407,,,
A55452A40762A03C80649343A4B5B5E2,,,,
3A6FAA3893437BFF5572,SA0630100991109628533984,,,
A5A9716D36B50F9DFDF8912B85400A6F,,,,
3ABB0695FF66A4AAF747,,,,
A56888642688A12E31880423F344A419,,,,
3ADD5864CFF7EBF1A19E,SA8410000016700001795808,,,
3AF07FD86A81F80A4168,,,,
3A5F4475202E6B69E1AB,,,,
ACDDBB98DBF3FE7578DBC8AF909122DF,SA2230100991102976666546,,,
ACF7290913F9826AA0C4F31B804B9848,,,,
A558CC268AEAF1EA0E6CC12007E29A01,,,,
AC64BF54FC053D31604A3E9FE50508DE,,,,
A570355F6E13D7123F0D6056259049AA,SA5580000310608016004645,,,
ACCBC01F8FF5B38BAB9CFB95569FD7A4,,,,
A5B0821F6EA620C14F4CC787D75C7DD3,,,,
A555FA168F8000D064459A0DBC67C1C0,,,,
A5DBAC2CF9D86D308F00F39FEAF293D2,,,,
A5EB512F235F82B035376C90DD3063A2,,,,
A51A378CACBD1140B17463AC1B485E34,,,,
A5DF98400839C4E4748FE6C02BCE06CF,,,,
3A0E7AABBF1915DD2D2B,SA2445000000027584440001,,,
A532CD2DB314359A51DDAB98A513E866,,,,
AC54482E6C38E8C9F8ED1300F8B6392A,SA2280000867608010418028,,,
3A56F4DD29DD09C69F7A,SA2815000007779469180002,,,
3A8BFE8F0F034BEF5C2C,SA4130400108089768250019,,,
AC6F6FE75447AAE75466698F3BE57F13,SA2280000867608010418028,,,
ACE6528F683776FE8528CED9C397E28E,SA5180000534608010055759,,,
A57176F9EB5E93F5BDC0555B2A3183A7,,,,
A5B0B48335ED89C6C69DEF5FAC1727B2,SA4130400108089768250019,,,
A5AF7E000F4370DEC3BFC6D7CB823FA1,,,,
AC9D09B67CB8D2503433C0EDFCD81C2F,SA3580000165608019939397,,,
A5A1699838D7061FE8291C8141D92816,SA8480208520325222121019,,,
AC2B6EA91992110289EC1F7552B8CE6D,SA1110000011100174017701,,,
ACA53F7C5E992F2655B152427287A0CA,SA3160100001682273204001,,,
AC78A662EE8996BA20A2FA69BDE09C6A,,,,
AC4FD6734DCB647A1F37D2AF63503A54,SA8210000030369638000104,,,
AC138B7BA1F45200ACB8E58B8CF430ED,,,,
ACCEE0F4CFCFE278FB2E7669DAD87D76,,,,
ACBDF25A08F919EC00BF49A679348733,SA0280000856608019583498,,,
ACC0DEB1A5898BFF17EC55FF3E88C14B,SA9410000010100006424604,,,
AC3B6ABCB62507AF4A4BE82BB8052FCA,,,,
ACCE2036E22915E4E5AC36A31D4069F4,SA2415000007779471200002,,,
AC84ED10797CA3A308EAA10A8AFE03BB,,,,
ACD41D9C53AF1D4AE1E9F575CC590609,SA8820005298200000378896,,,
ACA58D1102A46972ABE5DC161DB4E0C2,,,,
A50B31AE6C5EA900F6977712B4DE491E,,,,
A57201347BF267DE65B17E2729730E2D,,,,
AC7F3ED95A40B41C65D645B47D957CE1,SA2280000867608010418028,,,
A5DE6CA9E051B04422052DE6A604FAFE,,,,
3A3379DE5A2632BFCA2F,,,,
3AFA091E5AD1786B2C65,SA2860100000782273605001,,,
AC51F3CB4281736066CE4C4DDDF4286B,SA4110000024800000689601,,,
AC0CED3B937F7135840E7BE1F0F10649,,,,
AC23FEEF93A07D4C38757A89D96ECB13,,,,
AC8C37A5DBC89413C1602EF4D0D08FE9,,,,
ACD23C9E95ACC90B46D79123627CB95E,,,,
ACDE5E35BD96B5B329E2F287717A0003,,,,
3AFE2CB66F262FF8A822,SA8410000016700001795808,,,
3AC6016444F8981744B9,,,,
3A94A4093AEDD0CE0799,,,,
AC82664E16C2C84051F8A8D740BE1A54,,,,
AC4795DC13B66452290711F1A2F56D8F,SA6180000107608016751499,,,
A5DCDD19A1DD503488BA117E694587F6,SA8030100974017250224602,,,
3AC15C1F3870AD9C343D,,,,
AC6803A544D0F3E202B4732DA5646FC2,SA1430100974017250185826,,,
3A97559B9C85965D6C0D,SA1430100974017250185826,,,
AC6ADDDB27C2434E3FDBC2B52CA3D551,SA9515134018962968824246,,,
AC5C851A9D60D71C753943CBE0D9829B,,,,
3A4A370810C4648244E7,SA9515134018962968824246,,,
A5A4BEE188CDE660C153E1A3471C4DDA,SA1380000270608010488586,,,
4A82F00CB3E57B5ED960,,,,
A58A8449D1776E0A82E67E0B36B7FDE8,,,,
3AD30841683FA54BEE75,SA2460100002282270045001,,,
3AA4150DE867DF4478E6,SA4330100974017249561206,,,
A50AAE2332E4B2A38BF46AD87B275599,SA3160100001682273204001|SA2860100000782273605001|SA2460100002282270045001,,,
A5D4C65BC3484BF8951DF5D0BE4FE586,SA3580202594082222121010,,,
AC4BDA07DDD00385ABD41AA41A0612B4,SA2880000183608010410701,,,
A5A80601FEC00A2729C2BA1741B28FD8,SA7405000010011845068513,,,
A568F68F29BDEF00E4962DA942AF606A,,,,
A5DB9B422199E932BD90A10CA2EA9067,,,,
3AAD93BD9B2BFC975247,,,,
A5E5C2DCE279AE719968BDD4FFB9BC4A,,,,
A5E4A2FD3FE44F507D3416F0CAB1BACB,SA5315000007779467810009,,,
A5C3B8C415747CBB88697A67996414F4,,,,
3A351E3A335F2BEE0607,,,,
3A03A78029C976B2D7C8,,,,
3A506A6564D9B5CB7025,SA9830100974017249641405,,,
A55C1AD883768CFCC2EFFD3288ECB0A6,SA3830100974017249815824,,,
A526918DFC77FD82B87236300A5B6E79,,,,
A5D890D8A2B8E8D836FDC6D8AA3E4070,SA5836036036094589280321,,,
ACE82E005116933E16A01B3EED43E946,SA1880000101608016315200,,,
A51EE3D7535CD68FF5FB1F5B6AA42E2D,SA9780208671587222121011,,,
AC359389F7319B50E6F42A3536EDE262,SA6405000068204507539001,,,
ACE07FE16CFF965AE5EF5BF0C2CB0790,,,,
3AD9684CEF6A82305C61,,,,
3AA1D8869DD1804D6FAD,,,,
3A58ED2334A1EE239E2B,SA4680206457780222121016,,,
3A2A979681D3EEE3E52A,SA2230100991100812269559,,,
A54A956EB68330373F6A7AED07A6AB04,,,,
3AD5287AA2D20B87983F,,,,
AC0EDBCFC9C9D8723DC22A582F74A017,SA6280000165608019643643,,,
ACC1871DE087D548EABD4938A527D276,SA5080000314608010480482,,,
A5CDA2360818EEDECFCFC89224A8BD73,SA0960100007082271016001,,,
3AAE5FCB4FFD423ECFB5,,,,
A538EA8F2A13103EE842B765A8DAC602,,,,
AC0EBF4B6B8A26FF5D0F723A3231CD0E,SA4905000068203312078000,,,
AC3DDA9292F26C311366C24418CD7420,,,,
AC01E2330882B18473F673BBE9971329,SA2815000007778814640007,,,
AC8DD468E7ADA48B1616BAE8EDA7D0FD,,,,
AC2A378511DB7EE4371BAD03F2A262A9,SA0760100000682273330001,,,
AC6526864282B7EB48A9B699547AB224,,,,
3A09D5A61371A6B98B19,,,,
3AA8DF74C005B7ECA153,,,,
AC5357464EF4B546E5897F33F114A66D,SA6580000859608018237697,,,
3AF3BE4CEA0E414CA416,,,,
3A499BD5A68A80739B1A,SA2860100000782273605001,,,
3A66A565A27C5596C41A,,,,
3A986C59B3925D26ADF5,,,,
3A6F5128D9F09634E820,,,,
A5618C4C565EBBE10023424D1931CF01,,,,
AC29A38C77752A6EF2E1F9266602E1A7,,,,
A5FCCD7E51B42CF02B9C520C8434568B,,,,
AC7CA6EF4EBEF4F5B1892D7BBA9A61B7,,,,
A52C48E73B989CACBD124D4E137E68AB,SA0810000024800000689710,,,
A58732FD335217F1E176311F107DFDE7,,,,
A5B479E412C6E658C1DC3AE89AE3688C,SA6280207653870222121015,,,
3A2715F14A236A2D7290,,,,
A519C6B3007583E7611F391393EEE524,SA4980208692165222121011,,,
3ABF4DD695BC2FA6A25C,,,,
A591718322B13EB4594A16884EDE1F75,,,,
A59F609F302C0C0D1AC8F66754EE4531,,,,
A579E60EB61A2994CB91EE075DADA19C,SA5515000007779483400007,,,
A5A0792E1B7BC2B8E6D19DAC7818985B,,,,
A5F13B37D21F203B42598CB0623FFFBB,SA3536036036035588483461,,,
A5480F5AB17CF68A66A1E4FF4F7AF6F1,,,,
A5FAA4AA9E93C220AFBCF797A6C8ED3C,,,,
A558C5CF78DEA026DC86835B8D495DD6,,,,
A52A5D090C8FB0E4715C1D88CF8D3E5A,,,,
A573CDCB92FBB4B5E7D5DC1B4BF814B7,,,,
A53BB668251E2B5C1597587C6287BAF2,SA6280207653870222121015,,,
A54D0A6ABDCF6BCB6EB699535763E17F,SA3536036036035588483461,,,
A539A80B126DF314F2B696582F443F31,,,,
A5D836FA66C668FC53B69E38C90E8BE9,SA7436036036006070179183,,,
ACC264A771001B4DA291606708218482,SA1180000132608016094071,,,
3AEA3417667DB40454C7,,,,
3A11EB8E1FEA3D0257CC,SA0736036036005110188946,,,
AC820EEEDEC37A9F4AC22C09F91B2C5A,,,,
3A51C12974F8AF2262DE,,,,004
AC35BA0031FD7B18F9FC11650031E418,SA3680000866608014249520,,,
ACF51861E0BE5A4DCE274D8ED7CD7AA0,,,,
AC2C11DD72FB728385CA84B7578C6D67,SA4010000004200001219008,,,
A5CCEF394CE0C4B1BCB5062007E44662,,,,
A55B7A69CD1457CE333E88BF7EB4621D,,,,
3AE7016DBA1BB46EA9AD,SA3630100974017250772668,,,
3A5449E7952E4DE07DA6,SA3436036036060947933977,,,
A5E781847D8E597FDAF89F2D4FAA7AFE,,,,
A5DD8A3C330E788F1E18D318E86E4070,,,,
A5B27B4A9E8949C215FB3B172BC6717B,SA9510000096400002125402,,,
A5598261446309FA1402A561B95BB468,,,,
ACEB1CF8EBEF7B86A1B28BD04FEB18E2,SA1310000037100000582305,,,
ACFA30F3EA24B853E4D1A918C842924B,,,,
A5D86E69F057B9D71A63562CA2AEA36D,SA7515134018961511509022,,,
A569007BBBA92BDCEB526717F76300BC,,,,
3A206A463E33A914C72F,SA7515134018961511509022,,,
A5AA9B84612101D164EA05A7421C9048,SA1610000065500011358307,,,
A514A1CE4D85849CA644C25FFEF14A71,,,,
A5ACEB17EAC1FA98AE645F257A20A6BA,SA8660100000782274773001,,,
A57A86D1927926C96F622E0C235A589F,,,7109772496,052
A5F964AB50597940A1D214C63AD71CAE,SA8210000030369638000104,,,
3ABF23ECD619534CC028,SA1880000139608016152765,,,
A5BC2F863B06E014CF1EAF0C751E4E3A,,,,
3A4BB881133A391A556D,,,,
AC2604D7200734A0D2DBCFBB8552B24F,,,,
A5B367AFB7B925F20211B77A9C6FB15B,SA8580208688828222121010,,,
AC8E1501A69D33BC1C74E4B47292E835,,,,
AC5EC56A464F80BF68BF92F24197F7AB,SA0980206474047222121019,,,
3A79824C5FFC25993677,,,,
A55854D0D21C1A2373A3692919519FEB,,,,
3AD1555AE78B6A98F83D,,,,
A503A59C0562AF10300440F7BA172274,,,,
3A9EDC7AC2AC09F10068,SA4905000068203312078000,,,
3AC81C869F7A0E713DAC,SA5010000024800000687402,,,
3A0DB78B3CD8E7E6AC20,,,,
3A34AD89CE8C93E7526F,SA2630100991106308173281,,,
A59CABFBE4A2BAAEA910A124A3FC334D,,,,
3AE203B1D97081A75210,SA7210000004700001315601,,,
3A2D2275C5ED7DB1ADD3,,,,
AC26B7927CA303FA5C2BB80ADEED90F1,SA3320000009322728199940,,,
A5EC3B15DE4829D1BF70B1E6EE6095A5,,,,
AC4146D068487881D90F83803D306297,,,,
3A3AEA17F8FD7899A1FF,SA4680208693071222121010,,,
3A632206BDDF70BCB1C7,SA9780208690499222121016,,,
A52A8BD198FC3A26CBB0356B5CF22CC6,,,,
A57E9A04FCA97206125F75CD3676DE4F,,,,
ACCB533C8115EF6C4B248ABB702C7BB2,SA1110000011100501855003,,,
3A6900B898104B6291D7,,,,
3AEEC0CC0B0E07783E46,,,,
3A835775769E665ADC35,,1120548464,,
3A91E8188372203B434C,,,,
A583FB29DC8388E082168B3692D20F7E,SA7405000010011848657513,,,
A5C942C81F6ABFF16C336B24CB2301D2,SA1380000210608016229912,,,
3A957F48F067DEFB6A5A,,1141859569,,
3A5D4CAD3E54BA01CADA,SA0480000205608016625405,,,
3A53B66154D340F17DB9,SA6630100991102003622864,,,
4A790B7E9542927D543D,,,,
3A51D06A5A96DB62C54A,SA1110000011100501855003,,,
A5BE56D58B777EB1CAAD33D500A150A5,,,,
3AE035D40B1585233389,SA7380000528608010199514,,,
3A3CBDB0F19767975B9B,,,,
3A21740361B3A7D2EB54,SA2036036036024748876806,,,
A53995D589C0DCF69F31A5D045252F10,,,,
3A170EAB34211268BF03,,,,
3A7328D8AFA014ABCC35,SA7636036036021596361636,,,
A573386A935216A028BE20240B0C217E,SA9160100000682275142001,,,
3AD86726EAFC127937AB,,,,
3A5FE650A51EB1297C18,SA9880207335634222121011,,,
3A11363E062CB6919EF7,,,,
A5286E461132B5F3D6990A8B3F278B5C,,,,
AC82FBD6921946510CD450EA2C7C8D01,SA9410000010100006424604,,,
3A134B642BDE3C470C50,SA4680000302608010301898,,,
3A153B49EE705116C274,SA5110000062300034289607,,,
3AF637D58F9953152B23,SA7280000437608016055413,,,
3A7FF968BF593B045333,SA8780208699083222121019,,,
A53A5D5D03129908D7BA2958FBB3F575,,,,
AC6E7220F9090982AFD8959DE919A802,SA7280000437608016055413,,,
A57B9B2C3ABA9A0F4125CFB96ECF3ADB,SA7280000437608016055413,,,
A51BCCB0BF359FE2CDED1BB55D20C6A4,SA1880000139608016152765,,,
A5A863E0A2E18EE47542484897410755,,,,
AC0A78C63A35EF0933C7C93D529A455A,,,,
3AB3834E4E72EDD2AB94,SA1115000007779511770001,,,
ACC47407D403659A539D43536278BF29,SA1115000007779511770001,,,
3A200224221E1BCD866D,,,,
3A30838D6BBE69E746A6,SA3980000375608016159599,,,
3A938225A8D59FC30810,,,,
A5DBC5A2F381B3DD87453FD37588F994,SA0480208695501222121014,,,
A5336CFA6AC06E9590552B22CE2B4E25,SA1480000302608016095023,,,
A563E4F641D85A6883AFB0D2E7B17F4D,,,,
AC78D2C326A6F868A88951D767C86190,SA7636036036021596361636,,,
AC2AA07654731F34C423FD996BCFFDDB,SA4260100000682275346001,,,
3A43120A545E28F8885B,,,,
A5D9DD2A63B9EFD2E4ADD2BB801CFAA0,SA6480000238608010240269,,,
AC363DD83E0EB710B6B4749036728E93,,,,
AC772E5361EDE97063064691566E9E1C,,,,
A5C7B8E88DA7500CC0DD2CDC05FF6C21,SA0415134018963716359391,,,
A56F42F9BD2E55DFD00F1C4A6056FF21,,,,
3A8F2D0A37EB1E5A717B,SA1980000858608010275845,,,
3A59078C9E0029E1ED19,SA8830100991100173535302,,,
A51323AA6458F25661B4A18D4F0E874C,,,,
3A49A2B0AA1C0B5ACB89,SA2820005298200000379006,,,
A5B34D6C43EC1E2D775AB16C044E3BDD,,,,
A55D9DE00D32CC5DC8A3AC687DCC701D,SA1380000210608016229912,,,
A58F027D2FCBDFD359FCB436C6772782,SA2110000025700001731405,,,
A5696085940190823605AEADACE68450,,,,
3A5CF216DFFE33A41DE8,SA9205000068204454945000,,,
3AFC990C0948648D9C2A,,,,
3A4B3A131690675DA3E6,,,,
AC5194936E15B76F1125F029711A04B5,SA7580000562608013856133,,,
AC558F2BD37D4C20C70E93976BEEA18A,,,,
A54EEA9325477BF22B0603FC45D49615,,,,
AC246EDC122E89C22D852BF25ECD85EB,SA1320000004032416499940,,,
3AFD538BD69AB8022CAA,SA2815000007778814640007,,,
3AA53A3C55391FF51906,SA1836036036021791251782,,,
A584B26BEA729EB049878050EBBE9ADF,,,,
A5A435CFFBD763C862C9DE50F333D775,,,,
ACC1FBD8E0E31209CE9898A958834E22,SA5915134018960804741605,,,
A5D4D0A47EBC49EE303C6645D094DE9C,,,,
3ACE3B91DDD3A858143E,SA3893000004041284333000,,,
A5E8446CCD4DE9E3ED9D66AC39601ED9,,,,
A5A7B6F2FB9C05B89A5810339F3C5D9F,SA3980205049589222121018,,,
3A6F1698924DB5EF0265,SA5310000024800000691810,,,
3A7561B08C3D1F6CD376,SA8836036036074218100261,,,
3A18EFA8DAF4D919691D,,,,
ACCA4E64149E64062BA6BC4DED8722E6,SA3536036036091609709134,,,
A50E92F59D326B731818E228753C5B83,,,,
AC579BABFA028EB04EA005D8E90567E0,,,,
ACFF6BED768C1FFF6DB5362529D38490,SA9115134018968473807409,,,
AC7FEB0B5C960662E499CB30AB8C2F1A,,,,
AC0F3BADA878102B40C4591028C801FD,,,,
A55AD4B709A41E441A4D63564E1AC77D,,,,
ACF30318C06A2E6835E51DDE50ABA5D7,,,,
A5367B477273AC0215DCF7338400F77A,,,,
ACBECCA9F39DBF03630B98171A2ED6C5,SA4436036036004731098506,,,
AC5AA34162B4FBF14BA5671AD5A58CE0,,,,
AC8470C203380B317A02156677CBE927,SA9536036036080319886202,,,
AC523D86ADF9E4E52310E894BDBCCE14,,,,
ACBB319D0AB748DED62C602AB8CA61DE,,,,
ACB29A97CA420304C40C4AEB974ABA89,,,,
A506657B0FF2D4E5B613CD4EA7E6E7CF,,,,
A5EF12E72FC356F43538C1DE904ED7EF,SA4010000046900000197209,,,
A5B55594653260A7535B869B28B6E78B,,,,
A580D7D59C9B064B684FFC5B423A84FC,SA2636036036037611330353,,,
ACE42C2B9A4388E82388F1A38ADA6ECD,SA4615134018964467449811,,,
AC0B9A6860CA2CDC71A902A0CE0C4A00,,,,
A5A25FEA6B0BAC5C38D8A4A183E8C401,SA6890000000029901760063,,,
3A1B5708C42EBCBE35CF,SA6210000026200001056201,,,
3ABC4DDAA8EF46E5D06F,,,,
ACAEBEB39B017179C6FC45F4C2C22850,SA8880000694608017330144,,,
A507C85BEDBCD71179B5285BD320DF84,SA3980208706626222121016,,,
A58E1FB01192BD5DDDC60D9F00510668,,,,
3A2B216D04436BCA0BE1,SA4810000001400018763200,,,
A54E3851CD45229AC3E7F557A73EDBF0,,,,
3AC874BD27FFF5DDFEC9,,,,
AC2076B71B780DB234A696E1DF778443,,,,
A5FC93D8A6EB5CDA0376D83EFDAB06CA,SA6630400108038968640014,,,
3AA667A75F4DCA6B16B6,SA6710000075400004776705,,,
3AE7A0569D324CA33256,,,,
A58EAE8125D331B5C42415419D1A2257,,,,
3A93B991B311B6E2D2DA,,,,
AC3F07E0D0E08BB16642D8FE55F310A3,,,,
ACA87EFE8555599FEF4B360476989C49,,,,
3A28621E7D1169090C7D,SA7393000022024296090000,,,
3A0E33C815EA92651641,SA4615134018964467449811,,,
3A8B0D960148E5D83290,,,,
A523E11850CB28A12202612395CC3330,,,,
A5F88F5BF51F5879270ECB2F5B51408F,,,,
A51F5A018831C3355E15168D91807788,,,,
A54A76177C7441CD74550755411DC80C,SA9730100974017251584042,,,
A5FAFC4F92451ED888B2777BF6A2C46A,,,,
A5962ABFD6896F8BE0BB57463F21726F,SA7636036036075473272523,,,
A5373370A39F75B4027CF665D6531732,SA5115134018960649210300,,,
A579DE0184B27A2A3F006E74D328332D,,,,
A5E86FC584E20ADA88E4D25278E75477,,,,
A56B372B4BFAB95228657059824E3227,,,,
A5D0D19FA5BA975C337486A187AE041E,SA0330100991103833505718,,,
A5DBB24918CDDBAC895AD8BFBCD7F2B0,,,,
A5AE5BE847EBBD2E4086F35B44EC753B,SA7705000068206483224000,,,
A5A8F300195A26E626C8AFC7AC63D38D,,,,
A5F6DC18F2DE6CE73F7145B8481AB50F,,,,
3A9DF134F09000E7DC14,SA6305000068203058822000,,,
3ABC9D6356285400C413,,,,
3AC1A6220B71A58E48C6,SA8505000010011850917512,,,
A569FF33DD3E4CFFCEE5BFD695932EA4,SA7280208733195222121019,,,
3A6C09285D08459C9412,,,,
3A5CDE469AF86125CA9B,SA3860100000782275345001,,,
3A67FD13EC4816A47A81,SA7080208733085222121012,,,
A583724A7178465B75D93019B2274701,SA3193000071492583619000,,,
3AE7EBFD465350EF5281,,,,
A5CF749CB6E2CC265AF12058F4E64C0E,,,,
4AC554331A12422337E8,,,,
AC387CF02E7375DA8E58131C29E28EC5,SA5860100001682275380001,,,
AC34912DEC3A204A0F0CB2F829F03ED5,,,,
3A5829758A9BD357B892,SA6805000010011779489540,,,
A59DEB8A5D174E26FFB8B79B21A2FAC6,,,,
A5EC4F5A6B3EB2447A8DC5DFB225CADE,SA9315000007779560240007,,,
3A9F379D0C134BF34BB8,,,,
3A940B54FB9C7F10A601,SA4130400108038940150012,,,
AC994545EC71F222516677EB68834D02,SA6310000001154853000200,,,
AC40E42AD71616C6DAAA4411D842D700,SA6310000001154853000200,,,
AC5DA3D9C7CD791D3CA4A0765D2F808E,SA7336036036077740728281,,,
AC13FE04F7FF4D01DDE1084630D1944E,,,,
AC938756CDBA427EC22D482B8A1B3972,SA9230100974017249660622,,,
ACB3955653F4208683D996A8CE167E12,SA6030100974017251437656,,,
3A1333F7D61D45F1202B,SA0620005298200000379014,,,
ACEF19756CFF4649385172CF31DBEDA2,,,,
ACDBB3D5881ED3ACC19E1E788DAAEA98,SA1405000010011849460589,,,
ACF2D8592917A586AB98FA6E2A71229A,,,,
ACC6E750011236067DD294CBB5792769,,,,
3A8CE6DB79BED029E92D,SA7660100000782276428001,,,
3AA6B412425B86BB6BB1,SA7130100991100311770001,,,
AC74AC44C88B6F02AF79442111B69CF8,,,,
AC287CC1F820B2E6A6444F9765E36E98,,,,
ACE401A928D8E7928A317A455BE9FB00,,,,
3A949533FF64BDED0642,SA2705000068202737696000,,,
A50E3D9D61062DF0B7FD6A7D9836F58E,,,,
3A8A3BA9C8F832848BA4,SA9005000068207192519000,,,
3A3D93479862CAE60F48,SA4810000001400018763200,,,
ACEB0BCD7771A0866DF5B3E6D010286E,,,,
A53ED649BDCCE73D4C454CFC63C1D081,SA3260100020882274801001,,,
3A6B2DF9D07482EF6FF6,SA3115134018967880712950,,,
ACFBB1B0E6859C1DED28C9747C6A063A,SA3180000196608016098174,,,
3AE244DAAED56D09F195,SA8180000866608017772817,,,
AC6C51433CA1D0E0AB7E912274A3669F,SA9378000000001277836099,,,
A5864714AD1AE56630315BFA0C553266,,,,
A543914A62C95E51FBFD2572E72CDE73,SA4880208738309222121011,,,
ACCAAC4B4FCAE7CA0A8491B27B3BAFB6,SA5610000011100270570109,,,
3ADFCABF1F46A8468626,SA1610000011100313594500,,,
3AEA272904EC3116A62C,,,,
A5FAC631DF43095C41843826D523666F,,,,
3A91B2EE0F39A79F0B26,,,,
A5A96AB6680E11B2AAA1A5C7286E8A4F,SA8315000007779296170006,,,
ACB906650BC4F65EFBA78FA9C4856A21,SA7130100991109319175079,,,
ACAD545F9BE52156F80D1329A8477AF4,,,,
AC01C4909C52A2B8947C56AEB3456453,SA8505000010011850917512,,,
AC5CC8A73F7347FBC25078B7C765BA51,,,,
A599F3244668C45E09F0801AD6594A43,SA3015134018969181570171,,,
ACF08A23A6D0273DAA76F48DFE5A0390,,,,
3A3ADB39A30FD48EC938,SA4410000062300175936505,,,
3A737AEAA1EDAF6FFABF,SA6160100000782276534001,,,
AC11D36811AA2B7CBDED849CC300042F,SA1410000062300172504409,,,
AC4C7A5701E9ED072A3C0D449C962643,,,,
A582153E3BFD9D9398A993A051E2DD35,SA7115134018960196159121,,,
3AC686B0C6AFD6770AF6,SA7115134018960196159121,,,
A5612AB09C27D82EB84A3926C651DA32,,,,
3ACE963B12FC4F9D38D1,SA8380204737243222121012,,,
3A9696F8FFAE655B4F22,,,,
3A326E5CEC36F9A0140B,SA4510000062300158278607,,,
3A15A9BA0F81C1145E94,,,,
3A480554921E11861851,,,,
3AE051700B8B13BBC928,,,,
4AEF53615523AEAA1EB5,,,,
3A55B5FA83A089FD4D04,,,,
A548D08CCCCDCC84B04F96886E011A8A,SA7980203884789222121017,,,
AC13B2E7A30F377F93838B56C70F8EAF,SA3380000191608010207966,,,
AC553D49B711088E9DDA9FAFAA6BF8D8,SA9145000000221687569001,,,
A5CCC319FC9761CE0F5D6BE1C7EC17A2,,,,
A5038FF9BE72EC2ED1A2A8DFC80FC6F6,,,,
3A47EFBC606233E30E78,SA0805000010011852751519,,,
3AD5C4395D302FEE3376,,1134960812,,
AC673F1611A02FA46E7733CB7A79A8E1,SA6005000010011849837576,,,
AC115CAE7998B6330A28DFF65666AC98,,,,
AC2E9523B662EECC2469C8654B1F04AB,SA1280208734930222121018,,,
ACCCC76A49EC8714ABA8DD2D09C324D9,,,,
AC2DFECB44C4DBCFC41B59441F645E01,SA4910000024800000694210,,,
AC7C8586419DBE8D31ADA1016A09B4CE,,,,
A52CDCB910B18EB610A3238AF20CFFE8,,,,
3ADA88C44525942979F7,,,,
3A012FEFE46F446BA72F,,,,
3AE1186408F1760BF799,,,,
3A7D1B4F710D3C221ED7,SA7530400197038920400018,,,
AC8865FBF044B025B4C4714C49DE6EB4,SA9330400108039001940016,,,
3A9A4E1B231EAE6AE9FB,SA3145000000352706378001,,,
AC829D7B3D2BDB054635EECB4937B206,SA5680000119608016387530,,,
3AFFB89E5651DFCA36B8,,,,
AC84C997BD473AD6BDDA4E97240176AB,,,,
3A497809DBD5D8C4341F,,,,
3ACA9395D6989A0BABE4,,,,
3AFC672BB0B48BB0DBBD,,,,
A5C5BDF64CBDC50A666DA2DE085D38EB,,,,
A5CAB6C28CEFC2879DE502C0A3D6AA59,,,,
ACAEB281AE85A0811FC64A885EA8ACB6,SA1480208738207222121017,,,
ACEC01A19676A5A72257EF13E5F5DDA9,SA9693000058002665346000,,,
AC169332EF3ADC3B8CA9A3CC794C1F97,,,,
AC8BDC2E7BF9A741C8455141473A1222,,,,
AC857EA2D217C15CAF33D579ACFFF45A,SA6815134018963140035649,,,
A50F569183D1BADB6001F3BAEF551977,,,,
A54B229B6FAA0239E00E3D5C7A3ABDD8,SA7530400197038920400018,,,
A53C5B24748018004371047C2905CB85,SA2030100675020377450016,,,
A5BEC51124F2394E3AFA1748C4B3F94E,,,,
AC01E01359828A48614837BAFBA2E4A1,SA2510000024800000695903,,,
AC707A8AC1CC93BAD6EC3019F6889EB5,,,,
AC9E411A6E9372B9B6A4A2A6555FE1B1,,,,
ACFF16EB38348159D6CEDA9C153073BD,SA1190000000029901765357,,,
AC7EDB603FD676E9B9FA5CF5C9838527,SA0780000329608016067609,,,
A52FA71F2FF7E23E2F874A7FAA308BC7,,,,
AC71511A60DB36EFF1B1E99440E21448,,,,
AC8AC8101CB8EB6D7F42E7526E08A903,SA3115000007779604050009,,,
AC2A73388C8AC1E17C23CFF50F803BE6,,,,
ACF31B6C557C76FE854D9A2F35E14390,,,,
3A14D0B319F8E851A824,,,,
ACF35DFD19ECBF7D4A368238CDDEE162,SA5520005298200000379102,,,
AC0AA44051335C668747ED1DFA825563,,1141862787,,
A5FBEFF38919BE7321CBAAB43D3AFF70,,,,
A5271B35AA120EA2A1C4C46A1DC47B6C,,,,
A510BF3AE5D9C799B6D052BCDAC77A7E,,,,
3AF508EA28FC77FA0933,SA1610000011100130697508,,,
3AF27DAD4A4EFAAF25C9,,,,
3A12181A631BE6D81C05,,,,
3A4D5A4490D7A2DF3034,,,,
3A9AE94CA9EC466AB1ED,,,,
AC54E7372046B4EE0EBBB4A4C612DB28,SA9120005298200000379133,,,
AC97837823AD53A496D4711010651A75,SA0793000016016453030000,,,
AC388D79AEC3FA58CB52E89B06ED9B69,,,,
AC4B62091D2B64EF9ABE549BF2A1F346,,,,
AC55D89A6BA17329A7639FCA2636D9E7,,,,
AC6DEAF7403056B40CA832D47F4BFBF6,SA7520005298200000379130,,,
ACB1A33242F2834BE3195A9145A54972,,,,
AC40B1E3387B573D1D7543A1E10849BE,SA3315134018964580959930,,,
A56B8DDB54E7CA44A7DC8D12B8E09039,,,,
AC10BE1067B63724AABA97A93CCDDB14,SA1410000062300172504409,,,
AC0A8B6C9807A13478378356C013B5BF,,,,
ACF374DF76B935FD4F18C136062849C0,SA8630400108039020510016,,,
AC36CBE97FD52B17CF48CED98992395C,,,,
ACD4F88CE3E1288F9AB30E04389E98D0,,,,
ACB83297F2FBC6A8A7C25EF2C0D8F926,,,,
ACBFEFC1607493BB9674147DDA2A3A47,,,,
AC8B9A63F394DD35CEC0084929FB5DD7,SA8315000007779580600002,,,
AC414D653AC202EF89028A10C28EADF1,SA7015134018967491711790,,,
AC07FC724542F40B091ADF541EB15ED0,,,,
ACEF1E324097FDBB27C53D00A9D3A5F5,SA5980000157608016001456,,,
3A4797FA97044C97029F,SA4710000062300160570002,,,
3A99B439CB19D90C4F41,SA9630100974017252374804,,,
AC8683CEB83B9C34C463DF833A0298A0,SA9205000068207133018000,,,
3A11D2934643B60C1CE0,,,,
3AF81CC0772ED9E55C7D,SA3910000065500033577101,,,
ACACB38DF2873F7FED0287270C9EB0FF,SA5110000032250352000108,,,
3AEA63C165FAE50D17C8,SA0210000011100203925000,,,
3A95775E9DAA5D63D39B,,,,
A5609E2B302314D1AA3611694C166EC3,,,,
A5CFD78350A3DB371280F29C803DFA35,,,,
A532FCA451F482C1C15F04BE667BF80A,,,,
A538D84DC0173FED23F62B483089DF18,,,,
A5D23F8B3679471D1ABBE0190B115C01,SA8393000014023301912000,,,
A5E0EECD08C5E22DA57588D3D4421146,,,,
A5E12B191B7DD38436C8F392F7215ECF,SA2430100974017251894204,,,
A5599327EFCE9179D70D1A53976CB69C,,,,
A573588174F6227D4DCE76B59A551370,,,,
A56E1BBA2F621324055F69F2FCD9B603,,,,
3A011272BB9BA9F13806,,,,
AC96EB3C4994AA36157FB402163E8BB1,SA6930100974017252573849,,,
AC2056C3F673B3CCB414D7C17E495B57,SA7915000007779580460006,,,
AC7DEA79B0C79F4F408B44BB71FDAE56,SA3830400108039012100010,,,
A5BE3276CDC505653A496F2B2898131D,,,,
A5A2FAE3C0B9156E06ABF340A956AB33,,,,
A505F559F3047D03ECBE1D45BC52B321,,,,
A59DBE0F4799EB68FBEAE275C225BF12,,,,
3A1B33ABBD952AC5C8CC,SA5920000001102149369940,,,
3ADE6AB1C2B2B59C3186,SA6280207993196222121014,,,
3A4E0337F20CE3603BB5,SA1115000007779538170006,,,
ACEB2E0AEE20F10DF4B395D7E75E3A88,,,,
A504C8B8BA0D9C4AB5818D8BDC276B07,,,,
AC3DE36461431010CA91F0803DFFA088,SA8410000025900000448406,,,
ACB502DA0CD4ADFC1B3F78D6DB43C17E,SA0530400108039000250017,,,
ACC9E9FF03F573FE249017FE0F6B6F4E,SA7310000059100000043909,,,
ACB49D21E44E40AE7DEC0C3E68375DE4,,,,
3A7BB1760EF6FBC26636,SA6520000002285404719940,,,
3A7D6979E184C8664DAD,SA8410000025900000448406,,,
3A63E2013B8EF4DEB586,SA1836036036007323174975,,,
A5F17C3BD63DF1DD73A936ED0EBDEFB4,,,,
3AF28F722443A8389534,SA3410000004800001392910,,,
AC2F8C182CB141D9BF76BCAA8CF97EE9,SA4160100015682279318001,,,
3A29C177B03268264BB4,,,,
3AF46B3CE6D421792159,SA1836036036007323174975,,,
3A5FB0D4BEAF262DFA8F,SA4430100991100677540237,,,
3A0F31B3C0F16AC43063,SA0530400108039000250017,,,
ACC6EE81279CC8160ABC378C0F611AF7,SA3410000004800001392910,,,
AC604132F587A390CF6BF94A94BBB4A0,,,,
3A3C31B2CBAECCCD7128,SA7505012000000111632429,,,
3AE00B83BF933E72DF8C,SA9530400108039029600015,,,
AC1164FFFCF64E86B5772A0EA3E5AF8D,SA4710000067700000449407,,,
AC2148AC816756EC15B4CE17D73EEB98,,,,
ACBADFC9658045566A1E192F191202F8,SA4105000068207197282000,,,
ACE46F7AB7A10577A34B6731E0A9DE6B,,,,
A50921CBAB64643365A95376EB59D393,SA7593000000994284867000,,,
3A760D2B62007F215973,,,,
AC9511821B9B80342CF9F0F4DD26F5C7,,,,
AC03CE10B41571A66DA137EB1B9C3EE1,SA7380000103608010662308,,,
AC33C1FDFBEFE9AC277067F04AB6F81F,SA7593000000994284867000,,,
AC01D7A6656CBA6AE89DD1F155810EC3,,,,
A5F81F778B0799AE93EFF32E73088E99,SA2336036036004798839222,,,
ACE8C48BD3A0EA6694753B47C1E16498,,,,
AC221BEAC9EC07A72AEDA2A350B0B188,SA9730100949000007961349,,,
A581592E599AAF776DFDFE2D0C9A0B5D,,,,
3AB8EC0E25B9E4EEBFFF,,,,
A5365585A0FE77E36E35B0C8BC02EF89,SA3615134018965123985276,,,
A541C1417B166642FE97CACDB22A06D3,,,,
3A12B85993E2D63C1685,SA1945000000352704290001,,,
A59265974B5189444BF7A52577133F92,,,,
3A4F8A199A2A5763E0AC,,,,
A5A7CD8FEB582D01557C6013CCEC6E05,SA0920000006114863989940,,,
3A42D5299A97FDC7F83A,,,,
3A7859C69EDCD88F8B99,,,,
A502798C1040B989F248099A5819C9AB,,,,
A54E81F5A7E9F1F1ABCF7358FF5304F0,,,,
A5A6F0817534E18BB4DAD16442B69A38,SA5980201864324222121011,,,
A5EA117618924964D0CE84435A827FEF,,,,
3A78EFE5FE2966E81C50,,,,
A550A514D5E04C6480854497DDDD0262,SA1060100001082273722001,,,
A5FF8F2992EA914F34B7D4A1FDA746F3,,,,
A524AE8360A9F07BFB79F73E3B68E272,SA3610000062300176086708,,,
AC34F78357D2D7573C8082349DE94CF6,SA7480000443608010265341,,,
3AA18829EED5A8FEA91C,SA9336036036072155334061,,,
3A9E08B0D8AA134D4500,,,,
AC7B23B26FA56AD94294323DBBF86207,SA6830100991102979296843,,,
A548DA549FDEBF7301368D0FFDDFEA11,,,,
3AEB5765947F47036F72,,,,
3A02425F15292DDB8E63,,,,
3A51F8991DBAF99C6CA6,,,,
3AB46BDB669F886CCF00,,,,
3AA869183A2239B9B64C,,,,
ACE01506BADC565D19B6CF0162BB7AD4,SA7280000867608013199476,,,
A5CEBC5FF1546BAA448C79C2110CBAD5,,,,
3A599E6AA098E3E6B33C,SA5736036036010920287159,,,
3AC2DBF98834C0D986A9,,,,
AC80CFFE957824873914876A7E2CDE9D,SA6280207993196222121014,,,
3A3CE9B850538880B5A6,,,,
3AF299E87ABB512369E4,,,,
3A1D5E446DD5430B83E0,,,,
A53261DF03EF13C17DD2FCA31FAB513A,,,,
AC86DFB512C5D34584A3E97A39D7DF5B,,,,
AC0BF3A419564A52D127F7FA6FCFFA16,,,,
3AB30D024A5C20494092,SA6730100974017252475042,,,
3AD2799488621B4EA36C,,,,
3A780171BAFBC055F4D5,SA6730100974017252475042,,,
A5ACEDE3C3BC1932ADD212CBE918D2EE,,,,
A5479CF26A45208116522F754EA94167,,,,
3AD43C71C802A871836F,SA6730100974017252475042,,,
3AEDA884C8F79D51D737,,,,
3A56C47B71F44EF68CA0,SA5480053900608016484065,,,
3AFE3623C45CDEB6EFF5,SA8920005298200000379169,,,
3A09F168A84767C80D1D,SA8736036036074445131301,,,
3A7DAA60B81CF205F5FF,SA3605000010011856211587,,,
3A2E94C86179E2F1B5E6,SA6730100974017252475042,,,
AC83F6953174147C2AA9A1C161BF0A54,SA8580000538608016026461,,,
AC66F3E3EDF757FE8628AB15966EBCA1,,,,
A55612D4FA6969EFA09B3A18EC1C3B63,SA8015134018961758697718,,,
A59A45144D0E0803AAAEFBB026C77AF2,,,,
3ADA91AEDB25557B67C8,SA5380000102608016538396,,,
A5ADD9CFD9FF3C1456E87109561DB947,SA5436036036089522402458,,,
A5FB3D7C57756D3E2CBF906848086F62,,,,
3AD4DABCE8BE7F780747,SA8015134018961758697718,,,
3A2924EC41489A61783B,SA9480000280608016288004,,,
3A96FB35E4336560FC77,SA3193000040486125249000,,,
3AB49D93F15ABE242BCA,,,,
A57D07909C577F5A3FA982B2F06675C7,,,,
3A0FB9C24CD3A979004F,SA6810000062300149192106,,,
3A344050BAA696EF80B1,SA3605000010011856211587,,,
A58CB1F381278DD6997D758DB5A27B0C,SA1920005298200000379168,,,
AC1B367AC7DF70641D63A962D01D8B25,,,,
ACBFEFDA384C0EB243197CC704F98C68,SA3110000001400034988405,,,
AC7617658EBFFCBC6DDF7E39C133EA64,,,,
3A3D33E141F3AAB881A8,SA6280000343608016176014,,,
3A93BE05EA4B2EF79F44,SA9210000011100016169210,,,
3A7B23ED0D1F2B8F0E17,SA1920005298200000379168,,,
3AE6ED8E0A3D771C523E,,,,
A550B831B6A718DF28AA3E82DDF047C7,,,,
3A96D5FD61946A60FE33,SA6520000002285404719940,,,
A5A2BA4922A6673395FF84EEC446573E,SA7030100974017252208820,,,
3AB99F4EF92EA3C90C95,SA1920005298200000379168,,,
A550430BDB13F554EDD5477DBF35A8FD,SA8015134018961758697718,,,
A5F090E136E6E5282048ADA94B6B1FD7,,,,
3A339AA274F2E57FD086,,,,
A5CE0211E859189C9220A07ED884FB0A,SA1180205094612222121012,,,
A50F1A3A96740E55AC0DBE0A4AED4132,SA5280208732247222121019,,,
A5F9A44B20ECEE3217F8A344D1A7F814,,,,
A5BADDB9B47BA1565388FB77E73AD1ED,SA1405000010011856455550,,,
A5907118767411F8C96B2D5021D65132,,,,
A5DE45AEC1669497156D55B110E9AD03,,1091423838,,
A5475825E9862B355AB45768A8D860B0,,,,
A5CDA3A0DAFA2331EC05BE7C28B9DD3D,,,,
A5F56E47954D758AE6F1E4950057BCCA,,,,
AC8320A17EE1E9C718BD78F77126EC82,SA9730100949000007961349,,,
3A48E3D9B1FB270A64EC,,,,
A5016F445350BF811BB1B28EF15821DC,,,,
A506C96C5BF3810FA67EAE17AF0683C3,,,,
A5ED878FAC4112B55862615A26924F0D,,,,
A5FB634391226B63E2178DF9086BCBCC,SA4936036036008289900570,,,
A55A4CD8ED55BEF93C435857DFD64274,,,,
A5F4C72E2224A2D68D8B76C35F98E17C,,,,
A56EF73B84C1557A26AE75CB95D470D2,,,,
A59B927099499984B7F087F74C79B94E,SA8430400108039039310010,,,
AC35314536FEF527D02B5C2E6B25C925,SA9810000062300176094904,,,
AC6BC3786F528743C087868A9D7CE54E,,,,
3A476CD5A5EAE207AFFF,SA1430100991101100324650,,,
3A9F304BB4BCE2E09A3B,SA0815000900131072180006,,,
A525A95B46FEC3C1A1B7B0E67595FBDB,,,,
A59CC4050B02C3D77F7A2C5A93D9D2CE,,,,
ACAD55788877151B87955F2474D2B528,SA4736036036016754740339,,,
AC3883C2060D1259F7B39E2A254DB8E2,SA1536036036080668374886,,,
AC34D64297B6E30CEDB9490A9C00A48D,,,,
ACBF1F8023BABCD29BDD600278EECA18,,,,
3A110429E33186604654,SA6520000002285404719940,,,
AC772B75B27D126945D4F6F4B13445D5,SA6310000036900000187304,,,
AC7CA5DE319258611F96352D3F86316D,,,,
3A37CF97152D0CE15134,SA4960100000682280347001,,,
A5086A2E6F2573C0CBE54828E697CB63,SA0815000900131072180006,,,
A52ED446D950DB669E337DF506DD7BF8,,,,
AC5A6AEF814599D070742B416614826E,SA1980208744946222121012,,,
ACAC7AAA74C3CF9D0662458BF04098C3,SA3810000048000000642808,,,
AC769C99496878A94EA781635E967CBF,,,,
A5F7EEE28089F0D0495B11C06D568BB6,SA3380203098440222121019,,,
AC2A08694E9F87FDE2C44048D59B79E5,SA2105000068207120955000,,,
ACB17A72F0C3E36D67BE9E44AF8ED572,,,,
AC2E303290F1E1E2C3E6C8C7EF2C4AD5,,,,
ACFA5DBCE32A85BE5FBA0C0017165775,,,,
A523059F035C5B50952E6E60F33FD9E7,,,,
A5CFDD6C410593117DBE252FC76D4AF5,,,,
ACB4747436A2DF5D1647D0197C206EFF,SA3136036036084088635144,,,
AC47A7A2CC3C09CEC2BC5124794AA6CA,,,,
A5999D1D86EF8F756437A301385CA1EC,,,,
A53835B68732E37167F67D376ABD0B29,,,,
A5D3659DAEC20C658A1F9F7C1FC5B0E0,,,,
A5B19DAAEF4806818F6B99419F65C6AA,,,,
AC375A6F4D7A9C432013EAA08CFCAB8E,SA8180000552608016042808,,,
A5B390E32A1F5597119646208EC8A26C,,,,
A5B82CFFA71D9D2F27A5942702C7EBBA,,,,
A558DE6097F9A21D00B9E2C7AC24E733,,,,
3A7E50F5E19B076D5AA2,,,,
3ABEEAC3D5EE6C6C3C02,,,,
3A85F296653E2A5402B1,,,,
AC110903A2A2425636BF7727EFC521B5,SA3605012000000111113211,,,
AC55E0AB3BE52E29754C84FA4BA7673E,,,,
AC297ED053FC910BCE5A7F6670287922,SA2030100675020377450016,,,
A564584FA23FDE6C44650219BF080108,SA8180000552608016042808,,,
3A9EFC0AD0966B079CA7,SA7915134018969302513836,,,
ACBBF7C6174FD620E4D57954378F8E3B,,,,
A51AD5AFF3D6227D33D528714DA0CB2F,SA0580202803381222121013,,,
A530AA0053A0D3CFEE4DDE753F5A382D,SA7993000080316899639000,,,
A51F6291D259BD295BD3643E30EA2791,,,,
A551BE475A7221E261B0BE9EC7A6968D,SA7915134018969302513836,,,
AC5DF5F45E0819B6B77E1A3D5F4EBFA0,SA0715134018962621067929,,,
AC1546CDC15225E75D580FE9C429A654,,,,
3A854B59D094D71F4AA8,,,,
3AE924570EFB80938AD3,,,,
ACA1829D950B9F8585E243857E267202,SA7210000011100241263502,,,
AC4C1F53D6A7BA1ABB7FF4C9B706E274,,,,
AC25391E38B3E62F8B15E5437F546EF9,SA5210000011100167474604,,,
A5E753E27B583C4404B8DA5D0597DCCA,,,,
ACDBE265ABEB3E11DAA9B75D219E80B5,,,,
AC772560EE87A8BE9C7EB01DD46871FC,SA0436036036022841973591,,,
A54E1F855D3D1142FA0912F664505B9A,,,,
AC4CF77C22A73D30382B11361CA51E54,,,,
A5C04B8BD271BD08CCE5CD8566686B09,,,,
AC79CEEC4C530782A07D1FFCEAEB1CE6,SA2610000011100408684002,,,
AC153FA4948E0020DD8E31F4D320B5AD,,,,
AC6B8CCCCB4884A11D72FF9393782FED,SA9605000010011857736511,,,
AC030B7A6A347245648651C927CCFA8C,,,,
AC2DA894575ADBA50F457C9ADF623514,SA1780000857608016105146,,,
A51982E3B15DB337252BD51082357249,,,,
A5723044778B9EC43C08E75B7040CDD6,,,,
AC4BDE585C92223E5CD903E0E872B257,SA4310000012900000469000,,,
A5A2A530E7CB111D5BA4EE75E06BAD08,,,,
A584BA6E9B38A89B78765330D9BD71CE,,,,
3AA04F48BFA8D09BD659,SA3810000005882671000109,,,
A57D73F70DBF80F55D5D77780030774A,SA9436036036094969512010,,,
A5ABC2A42FFA56F8FA821162E93B723B,,,,
3AF065A79A2D3F43BE0C,,,,
AC90BAC3CA1EDEC3FC84D478F68CFEA8,SA2380000282608016058710,,,
A58F14499B900646A291C548C9514D76,SA5893000024587588320000,,,
A5948A7F029F96D39DCD17CD9068042F,,,,
A596F7FE1DAE7094B50A458319096ABE,,,,
ACE23A42BB470BC52D713E41F51ACF7B,SA2380000272608010408475,,,
ACCCE7D7336A42FFCE9CC7F64B5EFC6E,SA7136036036031627835558,,,
A50E9031B84E024A84978ADF8CC32078,,,,
A546A169B69CA5E597CF2E05735ADF2D,SA0930100991104756220438,,,
A5EDC3B00CFE2F2636137D0DD286C831,,,,
A56B4908DB086B1FE26799C1505BD98A,,,,
3AB54D0168277DE607BF,,1028342200,,
3A0AF111AF5C1507FD8D,,,,
3A541513C820B66321AD,SA0605000068206924872001,,,
ACAA9923F56ECD556AF35EC87DB6231A,,,,
A518FC556DB9CF9F9AD4B3A49739164C,,,,
A5A1B18E1A855E435451803305368791,,,,
3A2F1E1FCBFD35AA5631,,,,
A574591F2C7C268FFAAF6BB40A43E00E,,,,
A54705D0C92C473A571B2AA13443AA2A,,,,
A5B07BEEC2C34611CD8832061D9C7233,,,,
A556DDC99473D58632B18FC07DD49504,,,,
3A8567FFEEFBE6D566DC,SA7730100675020332880012,,,
3A947AE6AD8FD06F6B69,SA0415134018963716359391,,,
A5B632170F42D3ED8DF37C1B9390CD51,,,,
3A2128F533834464B89C,SA4880000165608016529225,,,
3ACF6C4E416292396E71,,,,
ACDF1B2FB6FFFE6A80E0B44240F2F714,,,,
3A0244AA36D30DB792EC,SA6380000240608012010922,,,
AC844A43F42DBCE7BE7D1D3C537C69F9,SA2380000282608016058710,,,
ACAC683099B007FE9A0E450C783DD55E,,,,
ACA1FA670A5EC3EF78E400634E8B8124,,,,
A568D82FB150E6B0C7B477DD12CA879C,SA0530100974017252717203,,,
A5E8AD05F3A41DE82EDD5884CB8B4A25,,,,
A5D159FBA341E04ADD4ED751FF676C23,,,,
AC80AF8DF3811B3F4A10932AF9FD0E90,SA5980000157608016001456,,,
AC81B70CB00B31912FE8028B886BDD7D,SA6180000475608019854559,,,
A5FD648D13FCC4B896037E892C88C9D8,,,,
AC95726492F36A8A7DF8C89B44E1A61E,SA3880000857608119337794,,,
A50542AF4D98622875B414FFD9E6A341,SA2030100675020377450016,,,
A579D0181F72D2F943E48AADFA047628,SA6080000122608016195151,,,
ACC008447EA3365C2DDDAE4C6EE444F9,SA4310000012900000469000,,,
AC89EFE0B990DA798B0A9AAAD5A57511,,,,
ACC81ED9D1EA109FB556D70B78F65715,SA5210000011100167474604,,,
ACE6B8D967666F3C471A83663F1548D8,,,,
AC6BFDBF752F79BC9EE1CDD76586AA4E,SA2036036036055214621965,,,
ACF5A956F11F0A596D26AC9E2D93F5F3,SA8480000857608011221542,,,
3AD08C47F454CBCC49D9,,,,
AC602B55E2F00B0FFA40479C9BD8492D,SA6536036036011394318837,,,
ACFE53E3A46194F5F279A1C7DBC4D208,SA1415134018960705254656,,,
AC7B9682213A97DF34924D077514CA9D,,,,
AC59EEEA7D5F4A58D05B9E66D24165BC,SA7910000046000000993601,,,
ACC119477A1A9A82B7FE740D5622DB29,SA1210000062300070403409,,,
AC3664A3C1B6B23006DB634E6255788C,,,,
AC37235CE8E837DC602C1C9393846BAB,SA6980000865608010993171,,,
ACACDF3EE58D8657F2A677CC25059C0A,SA5810000062300176170702,,,
ACD52CBD511DA0532BAADC05090A3FB9,,,,
3AA85009B57E18F27AA1,SA3680000163608010212416,,,
3A3060684ADF24427E38,SA3680000163608010212416,,,
ACCB81D9E7E95697AF4A0D8F98A7F6C4,,,,
A52A3E2A00E3E011FDB981238237533D,,,,
AC2F2AEA03C1E031D646765ED0C9C894,SA3080208701059222121015,,,
3A5F32A279977C934728,,,,
ACB31258BBAE878D108873C23700A96A,SA7530100974017252810421,,,
A591BB01E49D408BEE3DEA8BE36CFCB5,,,,
A542966C5AAAC9C90047D849C1CEFA25,,,,
3AF7E2E9E336DC8E8EDB,SA3615000007779705590004,,,
ACCEC63B4F29D16D5828CB2C67120D65,SA0780000594608010092254,,,
ACB1C1D47F9D8B8EBBF612100545849E,SA6205000068207208502000,,,
ACF87939AB42E751EC9528B3698AC192,,,,
AC7F0449651A7D2C870BE26247C0A036,SA4836036036005801866593,,,
A56700AEE79C4AA5CC50BC2393B72FF7,,,,
A52EDD4B614871ED4FC5A0A09A7155AC,,,,
A50978CF362D0F7B82E901485062137C,,,,
A53325E8AE925590B928F2D78B87F517,,,,
A5D6777F1069531777F7BB9EB51D0DC4,,,,
A52834AD74D0F03F49B12DAFEA3776AD,,,,
ACC7EEEE0B5A54EF4F51F7A16B38CCF8,,,,
3A79A43ECF0CD1BB6529,SA2205000010011857682553,,,
3ACF881FA4A780D9A6DF,SA2610000011100408684002,,,
A5C7E74EDF7FA68466381C9A89D74FAB,,,,
ACC59D1448B0611853B8A95581BDE797,,,,
ACEE297A095C06D6333D424608BD5715,SA2205000010011857682553,,,
AC3557EE3ADEDABAE539685F3E0E6739,,,,
A507258BB795748FC7C458859F8A5B82,,,,
A56D2E2D8B2C3F222A3C3F68DB366CBE,,,,
A598FB8BEB40C88966790D349D52EE09,SA9793000006298833411000,,,
A5E553028C678AEA121F6B4DD642757F,,,,
3A5751C6B6D006977E71,SA1645000000611206731001,,,
3AEA876E44EA5E233C2B,SA0936036036003131141560,,,
3AD5D7AEEC7301937992,,,,
AC25C89785229D59C0F291CEF07D1917,SA0936036036003131141560,,,
ACD6A75E09024E0ADE4F3024DA6AF4BB,SA8680206512872222121014,,,
AC7319F7D16B270ABF2BAF21DE816EFA,SA1315134018963260869442,,,
AC0AB236902FBE6DA6D7953EF415EE97,SA1315134018963260869442,,,
AC5079E2CDCA4FC22E97331D183DBE35,,,,
ACBF4E8FB42A20EF3FEF58D3AD02E403,SA7505012000000111632429,,,
ACABD397A4BCF11DAAC4A3B914157C9F,SA3605012000000111113211,,,
AC95DB8A186CDBE63E9C3C20862F137B,,,,
AC07BF348EF54098CC8565ADE3771585,,,,
3AB5DD8794486A2DA45A,,,,
AC58A7A00E1A490EBBB525587808FCA2,SA9636036036040785499766,,,
ACA70C984C7EAC810293B95DFBDEB051,,,,
AC78F83C207E914286D8BD7E608EAF86,SA4710000024800000698902,,,
ACE46FF5D377D5016AA283971E342551,,,,
ACC4CC7A72A9E2998CA2C22E63964C02,SA9893000020535246553000,,,
AC47ECC518B66C359A2BFB92AB28CFA3,,,,
AC790C0CE963A13616392FF3C854473C,SA5580000856608012939887,,,
AC76B3CF5F550B07523E9F783F84EA63,SA7310000039748495000103,,,
AC1C6603EE4771D40CE183BC115EFB9F,SA2910000062300170610408,,,
AC4973EB1054711EBA14DA7744BAA214,,,,
AC694F9C25D34CA58C8A0B9962E8A253,SA1980208744946222121012,,,
3A5CDBD7F9FBDCC0547C,,,,
A56EEDDB60616EB335246C8A46025557,,,,
A58C02328B434FDDECEB26918C2374EA,SA2460100002282270045001,,,
A507742BC691A47158E9071613AC649F,SA2610000011100408684002,,,
AC7EBBB8EA576C62E04DC21E4DA66310,SA1136036036067330879032,,,
A536A48824A791D530C46BCA9E8986E4,,,,
A5E45108B690C0EA091D0B034CD1E883,,,,
A5D09382385814D6B4E3DDB91F88E1CD,,,,
3A0F70C2EA166B6EF92A,,,,
3A6FDDF1ADA16090662C,,,,
ACBD45362F42E4904F18B9C5667AF030,SA7720005298200000379288,,,
ACDAF2E8BFAC8136DBF7FFB2B9649565,,,,
AC0E6E75AA9FBA8FEB0581376BD6BB3B,SA1315134018963260869442,,,
AC986CB030C39CCEF8A7F168DE804D01,,,,
ACC6EBAAE4918856830FE22AEC51A8DD,SA9780208756382222121015,,,
A5243371B48CE323F4190478138A5757,,1099171843,,
A5841FB8EB362CA2778B94D3688341DA,,,,
AC6E4D32B57DA82D12733BFCFB8706A4,SA7380000129608016619039,,,
A54CAE91B68695F329C6176C9054555A,,,,
A54063F8B4F41D54CE14FDE1EC89C673,,,,
A50F960081C1B47E461670A71D1477C2,,,,
A535F9152B9D1296CDA7968435A7BCD0,,,,
A5CAC3E0E0A76ED3807126BC7AEEA6E8,,,,
AC9DCC703AD9D06028F2AFAAB8ECB71C,SA9780208756382222121015,,,
A589119FA72494C76AFF17A327EB0C21,,,,
AC47382D13829A20B6D0717B393ADBCC,SA1315134018963260869442,,,
A54C2DF8BAC0E2EDE772D582BA905EC6,,,,
A502A705EFDBE6CAC730C31B7F300893,,,,
3A76A001F17468EB1AE8,,,,
A54149FAED87A45F9A084349BA81CEF2,,,,
A593A77A1FD9E2A0152BB0F1E55CFF91,,,,
A5C293C3DF4939036DA246CECD93F32B,,,,
A50F433281E2CC768DE2EC8B06DB1244,,,,
A56BF8A4078D04E8DEA3DB551013E023,SA0930100974017251895832,,,
A5E7AEA623928F525A32C6970811DA66,SA0930100974017251895832,,,
A5331D38132948527CE291CC0FFD5418,SA5680208739152222121014,,,
A57F411BABAAD9BF8D86E5131BD92533,SA2830100974017251863480,,,
A58FE00D63F01113A7D4EDEC1A7DD4D0,SA5520005298200000379102,,,
A56F6F135DA2376152D278F50EA99B55,SA2436036036090216605226,,,
A51062E61AE026EFC0563D4BE6389C72,SA0378000000001074059925,,,
A548C23EC5AE5AFE97F75C6DFCC62D4C,SA8020000003046544019940,,,
A5A0BE57F1B8EAC7127D9847BA1C87A7,SA0580208721331222121014,,,
A5D3F48C5CCD29F1F8B22976BA29DF8C,SA3260100020882274801001,,,
A5C3ADD077850C479FB63AD40998FD49,SA9160100000682274851001,,,
A51864AFA0E16640FC3D4CFA2A3159E5,SA3615134018965123985276,,,
ACD33AFBAD54C0330EF92BB469EDDFF9,,,,
A51C12DE01BC60579AFEA57E689F978F,,,,
3A54D19BA8FFF20CD4F0,,,,
3ACB4D18796BEF7F5AAE,SA0610000054800000091502,,,
3A48AE8814A1B34A6A4D,,,,
3AE5449708042A929DB3,SA0380000423608010805678,,,
ACBF6A4C2D82AD5BAC7E8B86D7A14DEE,,,,
AC1BBF37190EE67F8C6BD392DB8AA3D1,SA0510000024800000698009,,,
ACE7D045D8535BC29604ACFB7B5FB9A1,,,,
AC4E71AAA59CDB568FCF705CF2BA9BB2,SA2310000015170636000103,,,
ACF6567AA8334ED40A7215B512924D24,,,,
3AA7E51AA5900044405D,SA2310000015170636000103,,,
ACCC3D20109677B5B7153DFF91C538FC,SA8810000025700001746301,,,
AC7D383499C8891470AEDE0E4A4F89C7,,,,
AC2092B85A11C85492E0CAED32972406,SA8910000001400035412609,,,
AC6FB757A2FB5CF6A9084CBCC61143D0,,,,
A592D71FC25AE553B287E28CD220C05A,,,,
A59B9B0A09FDCAD267A175F86657EF1B,,,,
A51A7139726477A9800DE44CAC053FF1,,,,
AC58A9A79197C82ACFCF4041E5747911,,,,
AC4EF68F494E9FFF3CF0138D952D4BD9,SA7410000024800000698804,,,
AC46F5F4C9FAA72C58648A0E04CE28D3,,,,
A58D219675DA6178620774083586AC3F,,,,
A548A99AB8365CF50624EC02F676F9B6,,,,
A542BAFE3131D4C972AF23487B2D45E3,,,,
AC79C8C54E327366C92140E176178103,SA5193000006251071240000,,,
AC716048D36666391C898036FD82D894,,,,
3AEFAF6A716C29389FB0,SA2615134018969787382773,,,
AC9893988B75B586C11D1A24B2446404,,,,
A54941185C6CDEC6E443296414553248,SA5736036036016390657934,,,
ACA453B7F82A7A6F5234EBA9352AC510,SA5845000000352704480001,,,
AC02A361A817D950B96909C62BCB31DF,SA7193000084676109287000,,,
AC590AEA656FA4083D50C05CD2B32C54,,,,
AC5C6F02AD23B89216C0335E81EA826A,SA5060100000682281491001,,,
AC1301CBB75BCBF685C4D66CC71A5B3B,,,,
ACA3F93DF881D7E7401FBE6A07CEB38A,SA5810000062300176251600,,,
ACA096B645846BA4D5A6842E8021F49F,,,,
AC36EB567CF409477DB17DFAA3DB6B81,SA5060100000682281491001,,,
3A5DD8EFD1580E7311DC,SA5810000062300176251600,,,
3AAC9BEB1385C1754CA6,,,,
A50EEB0876DF30128D350B42126A97C3,,,,
A546297E0DE358BBEA4F037B436436B7,,,,
A5517046B36F7DCC0C11380B9B555155,,,,
A5D2281A60688E50C40C140E0B320FF1,,,,
A5DE94016C10CB8AE24813E1E66154EC,SA8220005298200000379295,,,
ACF71E2745A7B12DDB030DD12BD427E6,,,,
A559B97099814001A2E46DC890F234B2,SA3330100974017252971421,,,
AC4FCECE780C5F1967CC6FFF1A4A5990,SA0760100000682281575001,,,
AC884A390F51DE473A346DA50D95C6C9,,,,
A5984F0FE66AD0D9FC6CB7B139C177A1,,,,
A5CAA7A6FF08DF2618C755C1706D6373,,,,
AC7370545BD69055D0B9B9D838CE4F84,SA5505000010011859418550,,,
AC9F9E7E8770161B931671A3EC018559,,,,
AC32F13FD50D890AB2FC100F4204E8A4,SA7405000010011860558540,,,
ACB33C93ADC4830E05FC4C87015B0110,SA9705000010011856445520,,,
AC831180F94AFAFB51790E73A00EE8F8,,,,
A5A4242EC6808B4FBBF7221FEFC69E77,,,,
A5E5515456D594616050C587BD6F767B,,,,
A5E3A0094835817087D5BF64D4881213,,,,
A5915105F103D72AA4614DE899CEC477,,,,
ACAAA7C8A0BDE9C13C690EFBC005AA6F,SA9515134018962884194171,,,
AC6D9DE7D9090538C4C171B22EE2E897,,,,
AC2C9992D614A96AF1905AD459D3084A,SA9730100949000007961349,,,
A5096A53CD9B142DB5817F8172F9FB7B,,,,
AC8EF5EAEA3A69D9433E3446530EB4EE,,,,
AC90757A4EDB77EDAA7E0CACF8139249,,,,
AC696D6B9C27C807EA242EC73EDECCDF,SA6936036036012650497089,,,
3A75CA9C30B2E2D99FEC,,1099409136,,
AC83FAF231990F1AD0BEF1B2A9923456,SA9836036036018065410502,,,
ACDB7A6658BFF922347DB57ABB6AEB6A,,,,
A5980704C23D742CE87488C19ABC4D52,SA7405000010011860558540,1099409136,,
AC28B512C88BD12A285DF0BB16A1648A,SA3330100974017252971421,,,
A5DEFED050CDE04D7786D6014BA894CE,,,,
3A071EABE3B6EC30A52E,SA7880000332608016094020,,,
A56D8E46BA09FBF4A869BDB4D81AC883,,,,
AC3019C15DA2D12FC91331BBA54CF420,,,,
AC5B6FDD0B26F7819A4DEC9C9C913CEC,,,,
ACF96E2209771D2F1B875AEA9F76A217,SA8415134018964497324157,,,
AC752CD5FB93B66B7A3115483582082D,,,,
AC9D0D2EAF934152BF5AB6CDFEBF2F90,,,,
3A32FB5FED3B3C3DD195,,1043908167,,
ACEFDFA6DC34A2616E8ABA820034B208,SA1410000046100001630504,,,
AC6D3479798C695F84BC1325C56E7466,,,,
AC806A734C0F76F94E999524B32ABF2D,SA2536036036094380880780,,,
AC848A84ED324D64649C500856F8D381,SA5505000010011859418550,,,
ACD4491C85D9659FB518D0F1B67D5593,,,,
A5924840A925387B42BBB25EF57FF83A,,,,
3AEBBC286D91E07D130A,SA5505000010011855732550,,,
A564AC35E8FF468D9CA1C02F86611BEF,,,,
3A2E895C1FFF4081A28B,,,,
A56FDD8C28B3930FBA0959B92494B1DC,,,,
3A7A49DF7821B8AAD1B3,,,,
AC22C1981764356C152D6CDB9B1A5663,SA7805000010011857808892,,,
A56057CF87620388ADC3401D80866F5C,,,,
AC7C66FFF6AAAC07DC08E0944341CDCD,SA2520005298200000379351,,,
AC36153BD68021BA02F64CB12644073A,,,,
AC7CD6F4455967A50DE19711AC86F016,SA8080000109608016296709,,,
AC4CE7D1AE67A3CA1843086536EDAD3F,SA7730100675020332880012,,,
ACE8F62890B7E5A47C5777EE18B1A6BC,,,,
AC4A25171EFA132FFDCE437163B3057A,SA5815000007779605130006,,,
AC8DCD5E81FBCABA6C2A649AC14E15B6,SA1280000620608016014557,,,
AC85FD013F527955B72853CDD9A2D96D,SA9005000068206691805000,,,
AC5789B3F61CF4A193405B3FAB4E42AD,,,,
ACCFC18792A266CBA32349BE265D5A15,SA1105000010011860757554,,,
A5AF458CFAF78B8D89AE8295044EE71A,,,,
A5B9CB4224BAE73C226B1282AD06449E,,,,
ACD8EF18F8240FAF269F2780A8BA1188,,,,
A59294A8DB616C2E9404D45A65E6284E,,,,
AC5FD64FEF473BE91B85BCB53A826E94,SA2930100991105715294095,,,
A547DA856EDBB3395BC9A2697EA08052,,,,
A5A189E87CBFA01BED222200436F57D3,,,,
A5DC8B1FE5F15C152DCE2E22C147CAC7,,,,
AC1A066178AE7AAD6923C004C91919BC,SA9380000698608016071570,,,
AC7440739CC937A0FFCCFC50AFD5FFFB,SA5878000000001161761679,,,
3AB7C70A9F2544A40C0F,,1014279523,,
ACAD20F8391D0825A65E3AFACE0A08A1,,,,
3AA0EA06341AD0D97B83,SA6410000011100397405710,,,
A52B0392A7432E27CEB8AA8AF80A7886,,,,
A55AA328E797D6DF5A00A824EB6039D0,,,,
A5274F1B4B46DE26A31E3B8412C5EB35,,,,
A5BA7767927F77FF5CAC7BF4CE6E28A8,,,,
ACD27B505D85BDE1EB3FAFD287AAB1B6,,,,
ACF35B1DB043F3431ADE0E9E8CCAEE2C,,,,
A5760FC4BEFCD803CD889BA8FB1EAE23,,,,
AC8BB2220AC7EB1CCDE425DE1EB1BCC3,SA7730100675020332880012,,,
A527FCD43C767D7552C68275DE5C67CE,SA8136036036082844669966,,,
AC25056C36DE20CD20B9898BB3E6987E,SA8136036036082844669966,,,
3A7DC9B9FDCBD089E925,,,,
A55687215457F7FA605DB620F86206E3,,,,
ACF78472BA38DE54471C851192E36598,SA9410000025700001749006,,,
AC5C4A216BF69453B22C34F29BC58BA9,,,,
AC6180CFAEDEADEA19CBA3B627FFABA6,,,,
3A097B53CA9CD3A5B3A5,SA7836036036052324820201,,,
3A731E814CBC12AEB29C,SA0893000056081013104000,,,
3AA64B884CAA2A04FE2C,,,,
ACB39AA6E4AF2E41F3E2F55223E7E650,,,,
A5CE76AF755193A2A4C856B9E80EE009,,,,
AC942B24FEEF02C79C8CEAD36119298E,SA2415134018968057074014,,,
AC9CA0AA24E82573209DD79A9BD18260,,,,
AC6A768B178E016981BF416D86A811EB,,,,
3AB12ED595B23C730419,SA7805000010011857808892,,,
3A2E5BA25DAD1550E2AA,SA6093000033417707703000,,,
3A7A8A224AF85DCA0442,,,,
AC3FC0EDDE56728632EF97D9352C1787,SA7880000332608016094020,,,
AC23C9E582578F14FFFCEEACE9193D79,SA9320005298200000379388,,,
A5CBA0AA41D3CAC0BD3FBB9423F41DB0,,,,
A59E43330D4C8F84177C741387CBD16B,SA4280000333608010463477,,,
A55589CFF16FFB4BDC99174A038EFB92,SA6605000068206713625000,,,
A5D42DE7CA7727F61BB6C091FC48366C,,,,
A514962FD8A05E541B63D1C31F9C826E,,,,
A564D27F1251008C3F9817D04A618F4F,,,,
ACE8C596C48A9D46FB26CA2B6C02D22A,SA7820005298200000379367,,,
AC17E1C1D804FE4FC80E395A9B4065B1,,,,
AC22BB32A436A58473644E55BBBA857E,,,,
A5CBF660FC26AB6CCCF198B0C9A8535D,,,,
A55A9D6504F28F37EF688FBABB0B9D7F,SA2736036036034177056102,,,
A5A6F014E29AEF4D85FEC360DCCA9EF5,,,,
A5D47C78EA648B1D87CBA430ACA2D9C1,SA8080000433608016190396,,,
A539920354F6E27D38DC20B8453CD2F9,SA2605000068206249795000,,,
A50D26C0D9647B9DD39AE428D939ED12,,,,
AC43A31F3AE9758DA59FC4F5180B1C75,SA0810000070600000674907,,,
AC68FA4787ACB4A06BD667E0AD61754D,,,,
A5F965FCA21F73554EB4D593E3092EA3,SA9220005298200000379309,,,
A506554DBF98BA0B67820A9CD82185BE,,,,
A547BC844F103D9CA1900C3E7D156002,SA3605000068206528373000,,,
A593A13C342D5ECE0CD23021D00E7680,SA5693000068180704941000,,,
A5A81B6525CAC350CD8E55455562324A,,,,
ACE1BF1B3AAF195BC36277AAB1F53AA0,SA8715000007779760510001,,,
ACC830272779A9FC4D24E0422F7DE029,SA5930100991109044454126,,,
ACEEC2BCFED87740805860F607F7CB9B,,,,
AC3CA7C8CB65FC680DCDAEBA4A10B7A6,SA7210000026200001066400,,,
AC5FCB46FC5FA2DAEF1B7BFA8625EB3B,,,,
AC0813587BA58D300014DEFA7D233855,,,,
ACD7A54FDDC98ACBFC4A7BDCCEF55939,SA9220005298200000379309,,,
3A6559363595C35066E6,,,,
3ACCC411F8262F4C6C62,,,,
3AFBE341331BD43A3419,,,,
3A4580A21E541558B364,,,,
3A71778B09301431E296,,,,
3ABA0E3793B907B55A45,SA8505000010011855282512,,,
3A13C048BCB354CC5B3A,SA2905000010011848556570,,,
3A22A0ADA217D62EE961,SA8080208744754222121010,,,
3AB2EA56D8693265ACF3,,,,
3A007F54E0D55502E7DA,SA2905000010011848556570,,,
AC4D02839E702E48629C9E9730D49097,SA3378000000001081379684,,,
A559DE01F46B8F43A8A95FC055A200B8,,,,
A55E0416792EEAE0155DB9388627177C,SA3805000010011857442578,,,
3A8EF57BFEF2A3F53D5D,,,,
3A7035D13CA821E14F89,,,,
3AB1E1DAD890DA0C966E,,,,
3A6D6B668DA8DA02FD67,SA5693000068180704941000,,,
A50DFEBDACA83C0AB6F970FEF1402B42,SA4405000068206652179000,,,
AC0F1C9E5FD228E8118EBE75392BFB04,,,,
3A975FDB075E77104E23,,,,
AC3FC95B28D77A24A8C7F57FDA633082,SA5110000024800000699800,,,
3A465917361840ABA1E3,SA5136036036008384321110,,,
AC982B3AD8374A9CB231795E2E2046EF,,,,
AC2FFB04DB97DCFB50B72A54F845D1B2,,,,
A580BC6F0246CB103FAD6F5B2D470608,,,,
A5A1E7FC0A90D1DA367C156FD81970DD,,,,
A5D7EA25560AE96173DF8EC0F9F7820D,,,,
A58CE76A10435F50FC11E74354627FE3,,,,
A516C355944106BFC85F8C80A0D103D0,,,,
A5B9C9FD2916FF3293B22734AAC2F7D8,,,,
A5F082C8B98E4FB684132A21AFD1CA84,,,,
A5735D4B4963941665F7FB4EBCBBDDB4,,,,
A5BE2FFD4BE238F72E6C3F7D974DB069,,,,
3AB638EE9ED19D255E19,,,,
A576C79C4295B93AA3EE285082C5BD08,,,,
ACADE3AE030208BAF906A11A58FA1ACE,SA3110000062300176374306,,,
A531A9319857E427C55BBC146E013481,,,,
A5640B3AC12C028D2796225D1BED4421,SA1805000010011861137571,,,
A5E6118B2E178F97E986C172075F3867,SA7636036036020912422590,,,
A54D877D0EA09784500DC5366012E7FB,SA4905000068205867737000,,,
A5AB2EEC7D1E90577497B26167C31A0B,SA3110000062300176374306,,,
A52C2EA774D35924B6292D9A4B6B8921,,,,
A50337ABBFC04DFF81AAED7FBBE9126E,,,,
3A63CC8968CFA4AAB1CD,,,,
AC68F6F69C4985D2725CFB90862A3003,,,,
A5AC99B52C35EDA9B45E7D835C2CAD33,,,,
A5F9F49E7A2C33BEE51C71EA01C5E927,SA2510000024800000699201,,,
A57DDF11E99136F039C9D566DA72C8B8,,,,
3AEE32DB5D659C7E2584,SA8310000017900000093707,,,
AC564E3A8B1B17EF8553AFE1DF3CAD64,SA5110000024800000699800,,,
3A4DC2702321CDEFD929,,,,
A53D29D29870E5281C32A2F51FEFFD85,SA9315134018962000921810,,,
A5ED5A665D332E03E55077407393CC80,,,,
ACC834B5AD3F612F6D1AAA9AF391BB18,,,,
A5E28DF99A20F248015F340DC5FCFFED,SA6280205284919222121011,,,
3A4D407641A4D98FBBE7,,,,
A58F57AE2897C52B4B749980F278D0F9,,,,
A50090253C47031C4F82BBF57B4717D8,,,,
AC169F1F80B855B9756521B10268E781,SA1080000858608011830820,,,
3ACBE2C908F80E748354,SA1080000858608011830820,,,
3A04095AD2FFEDB0D7FE,SA8805000068203731502000,,,
A5A2010D512898DE36395A6B17D10473,SA7730100675020332880012,,,
3A060572B3365E1E9B65,,,,
AC3B2408099C4B9A3008756F38A6404B,SA7280000410608010111924,,,
3A94500812DF8152201B,SA1220005298200000379391,,,
AC0D5A44D036F305BF4729AA582226A6,,,,
3AC6120145749C7791E0,,,,
A5046A5C7309FC170415568CB2921A0F,,,,
3AF07340D87AF463BABF,SA3110000062300176374306,,,
3AF7F65A4272A24B8609,,,,
3A9EBE82929BF19281DB,SA9530100991107182039025,,,
3A2EFC8FA770B59F810C,SA4420005298200000379397,,,
3A1C50290E23926E52B7,SA3605000068206528373000,,,
3AF49383BE772A9905AD,,,,
3AC17C5B58474919EF25,SA9793000003244266357000,,,
3A2F02C053C60597FC08,,,,
3A46EAC822F56A57B988,SA3960100000782281048001,,,
3A7AF7FFA573A3F13563,,,,
3ABA1334CF8C9871737C,,,,
3AD95FC6E22B6E66AD10,,,,
A5803DA56A0473A58338163D461D8F5F,SA1036036036021761207728,,,
3A05845B567B56353B0E,SA0760100032682046814001,,,
3A3A78E5168139FF606D,,,,
A52B1C61392B854F08378A21208DE675,SA7730100675020332880012,,,
3A1DD59A6EECE16BBDCC,,,,
3A2D8CF121C2C13390CB,SA3415000007760685980002,,,
AC81354F762F88F3EAB2352C56B7AC84,SA9880000991608017250706,,,
3A523771DB33ABC8CB16,SA3960100000782281048001,,,
3A2D4456D7E7CABB4CC7,SA4736036036057823021901,,,
A5BA209B8C89E868B284A2095F1D7331,,,,
A5A068CE7C2B70106CBCC55B8190C2D5,,,,
AC3C38095D0F141EE6222DB447C5E2DB,,,,
ACC6DF98647C16FAE8D67324316A2634,,,,
AC05C9CD6530FBF4E98CBE3FC098182B,,,,
ACD9CEF86CEB7D823D312CEF65628A28,SA8805000010011862415547,,,
AC2DB1F65AE45F57627498F29A7FB870,,,,
ACDE2C567D2F8E42C35C790D8FBCE646,,,,
AC6EB666D866E6FAC98A343BD8585F45,SA5305000068207208973000,,,
ACE11A130B84836E52C1A4419F4D882F,,,,
AC24CC450145444B66A0944450821D2A,,,,
A55FBF1694680C44E79C3EE719C2C77A,SA6636036036066231460739,,,
3AE87552A5EE15B191F5,,1112992175,,
AC14CC762D51BAEAD5C804CCB944B4BC,,,,
AC4D1CCBCBFA628303DFF6BE244628DB,,,,
ACC40489CACC33A36A002E14B1C4ADD7,,,,
3A136221453947CD16BA,SA6410000025700001754105,,,
ACF19A41BF7B6E39B64F5BB0E379B887,,,,
A5346AD60C74753F8E6C3947AB2C77F4,,,,
3A5822AD6B30124E5128,SA4605000010011864209542,,,
A5BA7D41B8301C2773F27D683D6DFD70,SA3378000000001081379684,,,
A5CE9A485B6BCB0776BBE57D2847ABAF,SA3215134018966354482243,,,
A5D59DE73112DA9ABA3F63731A9DDE9E,,,,
A5194FCFA2BD4CC56DB63C82CE1286A9,SA1893000018611537848000,,,
A53FAFE5595F6478AACE8585C749485E,SA7920005298200000379446,,,
A57A0FFAD8017BDF3499EDB5B2B14C28,SA3530400108039067980018,,,
A597E7EB79A3011D62E787D8CB2064AD,SA1880000859608019502453,,,
A534D3F38AFAACB167919731D6B9E29F,,,,
AC6888BA7611CA1C4035343ACDFF4AAF,,,,
AC6DA336D953B09F9A2C50BFE59C41D6,SA6205000010011862611567,,,
ACF6C625D69B9867BF6B8D448EEDC3F4,,,,
AC555C3E6893A3E897A944D7BE7A32F5,SA2593000008144443569000,,,
AC2AF639FE844E23125672006160BC78,,,,
A59D69010E815EE1CCA0CF162831ADC6,,,,
ACB752A7FCC545DAEEF46CABE1D97E56,,,,
A5E1EBB8718BDD1FEF8C91A5BFA75F59,SA0320005298200000379456,,,
A5A8B1250E55F4005BE61F26090DBADC,,,,
A5590248ADC967B535396A4D20BF14C5,,,,
A5A6490A09C6C1BBF11CC0A32086A61B,SA1830100974017255803024,,,
A5123D819DA3981FC37F6ED8640F7C89,SA9820000009309342839940,,,
A58546D6B9FB683691D47DF1F1B08370,,,,
A57674F65AF7C6338FC1AB76BB4581A3,SA2030100675020377450016,,,
A56CCE4487A20A3BD829105BF36308F1,,,,
AC38F7949E70178CB031941E1E744A95,,,,
ACF0464805B4B9A3D97148B1C41A44D8,,,,
AC97CE1D73AAE302B8976600F03202B4,SA7415000007779863690008,,,
A56B6819637E853A1FEFAD7CC68679AA,,,10544082,134
A5628CA868185DA01C038988D5E8AB88,,,10544083,134
A577C8BEBF8169F35D733A9A6A68AEEF,SA5680000866608017824386,,,
ACCB273F7B361282D32B5BC11F9B290B,,,,
A59B2D60F256AE193767890B56702F95,,,,
A545D274DED9C530CE9E8E745D7D8977,,,,
AC35E4A40C151C298D87CF1EA8544C08,SA2305000010011838364500,,,
3A0E3217EFB285ED4E30,SA6636036036077369268847,,,
AC673FF8A2A8815032467BA57E49B2D9,SA5120005298200000379465,,,
AC2C305E7232EFC982380D19F02F2709,,,,
A5D6E4F52D4AB516186FDBE87230F6C6,SA7180208696564222121011,,,
A50CB38EC281FE5E8460EADEE37EFD0A,SA8736036036076929558739,,,
A5929C09FFD1142E945932818CB2AB0B,,,,
A53FDEC474A13C96443C49972199BA36,,,,
A5DDA45C34AC061CCB7B498F764B0C62,,,,
A5B9F4727C8676784798D1B003AE0511,,,,
3A9CA81394F8D64508FB,,,,
A554839D89D362B73A5E594B7DB8ED15,SA8645000000011500212001,,,
A55C1B59EBE3AEC9E35CBCA330C68680,,,,
A57DECAAF35799272BB142817283AB36,SA6415134018964319676583,,,
A55876D8F50CBB5B8D038DFB997F5799,,,,
ACF3A9BF03A43F8D016D02ADE2EDEB68,,,,
A5D9147E51E0090C05683C509A1D12C5,,,,
A5285C5AE36D0F0F71F7B82252ECE437,,,,
A5320785D505C055493A5417178A11CA,,,,
A58407BAAD5489A08982FE71330EC487,,,,
AC3C6BE03CD7E468077766FC49E17D77,SA4036036036080281404091,,,
A5CA30E9A2DB27CC49AA279E55033410,,,,
ACBBCF6547C4096021EF45939F6E8A65,SA8930100991103534813428,,,
AC65EC15E4FE280A6BF2B4AAFACA22CF,,,,
ACEE8960CB54CEBB74B6BF249C2F190E,SA7510000025660404000105,,,
A572478609FD81D276366650A8298359,,,,
A567561AAFC2DF01903D447C7B466D5F,,,,
A5D34F9C8CB3A624DA7FD26B7F405FF5,SA1930100991107709425513,,,
A5C881638A274BD76F7224611CC28322,SA3510000022966270000106,,,
A5530D520BC8E388DE74AD222DA2EAB7,SA9280000119608016343814,,,
A55E291345FDA67E1EAC741A7C760B6F,SA1730100991102576640188,,,
A5022BDCF8B885BF3BF0F5B5E23EFC17,SA8310000017900000093707,,,
A50099CD586382373C328ED27CC3AE60,SA1530100991109809723517,,,
A5CD195EEAA58EA7A0BD261B3C3CBFA1,,,,
ACF783E977DEA4649759A323AA7C657B,,,,
A5B362387F7BFE3C3F9C242F7FEE1719,,,,
A552BE736E350CBE37D36AC4CE0F00DF,,,,
3A6898088D9170A90506,SA7180208696564222121011,,,
A54570B3C2D8F62E309436EC39F4283C,,,,
A596584EA98F421274BD90685409079F,,,,
3AE6223A0B334A87149E,SA0605000068206924872001,,,
3A77C8F43E9E6E97733F,SA7505000068206551940000,,,
AC770706FC0B510A4BCDC113C9653CCF,SA9730400108039070080019,,,
A5EC053BD037CBDB9D5696E5568C7BE2,SA9360100000682280243001,,,
AC28B07D3080E44DB2CE2CA12D389F7A,SA3436036036003343988210,,,
AC7F992AB9098F072B9F889F54335B0D,,,,
AC8E789DDBCE70FCE4FB98C01A471B4B,,,,
AC91B36D81F6787E6A5800027CCC0A6A,,,,
3AE4FD7D627F4EB23BD1,,,,
ACC602D0F7F760DB85DC8F91CAA64A9B,SA2820005298200000379491,,,
AC6766DF33C58BED7B9FDE0D833F3FE7,,,,
AC013BA2517A6B20EBF5BDCECAEC5F54,,,,
A53F6EC356A29582F47184DE59B9936D,SA7105000010011809417575,,,
A5DC16C3C5A5DC2F9CDB266492DD44BE,,1015312978,,
A5D3BC478503454E1F0A6EEE64E234DB,,,,
3ACBE6E4464CCC9966EF,,,,
3AFD249D6399817039CB,SA7436036036035309895170,,,
AC7BF3240CDA2BE2D44198A0051279B9,SA8280053900608016587545,,,
A5E996CD406BF92E33B2C92CF59ECE93,SA2905000010011862330570,,,
AC270E494F8D30D52262141069CE8262,,,,
A57C740C9725E9794D9C2C59292B876E,SA8080000433608016190396,,,
A5278C792DF469985BA84C8ECFF2C61D,SA5236036036007533640307,,,
A5280842F53A0B7B19FF63EA26AC7DDD,SA5280208771478222121012,,,
ACFC06589823763CA30BAAEEA01C78CE,SA3320005298200000379498,,,
ACE783CE7DD62267DB1535D135E3DC27,,,,
A59AA4B88549AA64359E2D0458E867A1,SA4605000010011864209542,,,
ACF78A72E1770B4850DBDA35656CCBE0,SA3615000007779865210003,,,
AC2DCD8435A6E1562EC2CE4153764154,,,,
A5695968CEAD8777D0C114774E692FAB,,,,
3A36CDB3750E3EAD7609,,,,
AC89B02ABABA4ADD746A32ECC99FB73E,,,,
3A0903AA11EF750319E0,,,,
AC31DE2B0604C6853E462662220BA181,SA3636036036061155840928,,,
ACE884E1E91F91690FD6C7B42AB5CFF6,SA0710000000447238007610,,,
ACC2DF1A0C1A50134793A643686001D5,SA2080000316608016428186,,,
AC99D4D443915EB4FB39029A0516DB88,SA7610000001300001182809,,,
A5B379B3F97AF5FD85951FDC9FAD8606,,,,
ACE4BCF8CE91E781587D504841FB8036,SA8645000000011500212001,,,
AC6E6FD6ABC21FF197BAA1F2AE9C2568,SA5280208771478222121012,,,
ACB73609BB2FCA83ABD3CCF917781AAC,SA5280208771478222121012,,,
A568FB16FDF3FD285A27570893B9A223,,,,
A580CEC147B7775E573052E5F503EB33,,,,
3A42E74CDD6E376A1CB5,,,,
A524DFAB1F63F9F252F266065800A2E7,SA3405000010011865650596,,,
AC5F92D68461F01F55B21887C1157207,,,,
ACCB833890D1898D37D24FF266C00D2D,SA0993000087152138153000,,,
ACB970D093480B8E72CFD0257699F8F7,,,,
AC077760A671A8BFEF9DBF40B0B19169,SA6780000640608019400874,,,
ACCED789075B2448E2BE2EBCB43F3424,SA1215134018963239397958,,,
AC89AEC26D1C63918CF924FF70D63A58,,,,
AC59FEFD239128452FB0C36AC8AFAB9A,,,,
ACF380D65A7B412E63AD9E5FB6EDF749,SA4536036036065213500049,,,
ACC461018C5B16CB39C3F2ABD7DF4DBF,,,,
ACE7D49A8977505444BA9E388C17FC44,,,,
AC3B316F76DB3A95F003C268BB5D1606,SA5880000689608016016972,,,
AC702E08699B721900C2091E75471D81,,,,
ACC9049AEACAB62B6EC6BB97721C0437,SA3780208747835222121014,,,
ACA1F3A0E3038EC86CE886BB6F3DA4E7,,,,
AC617B378DAA5DF36C4653B1F13FFB6C,SA4205000068202372288000,,,
ACD39E00992D918671175CF544CE41C5,SA1245000000006395321001,,,
AC87677E5E311147CD5CD72F379F7C0C,SA6380000202608016216414,,,
A51A1EB6DFE5956D45B8A4BA959B7128,,,,
3A93722F67CC54C4159B,,1015212978,,
AC23B3E2B5344921F0D175B377D3F853,SA8580000416608010040580,,,
AC0D8A3DAE228E9A2D8F1BA732C03181,,,,
A50187C48259E50C48FAA70BEC06CF52,,,,
A5D9C7C8ED70EEF5CF63F0F38F17DE8A,,,,
A5A27E430B982C7C04B1E19E577CD4FE,,,,
A51016B29EBE13D6F0BF1B0D7180272B,SA4205000068202372288000,,,
A53CEA1C8F685301732ED1DD77AF95F2,SA0530100991100831622917,,,
A5CB477ADA6894037BDB7E8AAF1CE70F,SA4380000239608010735879,,,
A5D520B607D8016ADF4D677C600A5271,,,,
AC2B9BD1BBECEF699C7724BB04158942,SA0910000001600001345408,,,
ACED1F38FB3849D8F6B4FFC89B4F6501,SA9236036036004722914431,,,
AC08AB3AFE764CF07699C50133A65102,,,,
AC1593AE83D5E14744A6800A3E1268AE,,,,
AC46AF2E4F2622E704D3B2480FB02A03,,,,
AC59E857CF61745204DD0868B48256AA,SA8380206973518222121015,,,
ACC963B146AB470FD1273053FAF5570C,,,,
AC78088D9E1E33F8F78CA5976E667DBD,,,,
AC5A53310AAF1C6AC66B9A635F32D698,SA9230400108039085060013,,,
ACD5D10E5DCCB0968A253FEEFDCEB078,,,,
3AC7969198825B18FC76,,,,
AC72B185B5466AB7B9704A579E7329A0,SA7080000516608011068027,,,
AC21E796623F62B041D492BF208AA7E3,,,,
A5A6C08E360E45F79B390F307B68B374,SA2130400108039102210018,,,
A59D39D5348FBB64AD5A3606A667B740,,,,
A58F3F06793753BCBC9324EA5C2B8AF9,SA2130100974017256364018,,,
ACA5998509B9AECEE02F9F306276F0F6,SA1336036036063567197225,,,
A55EE9EB44D80D0DE3B9874E99D3407E,SA3205000068205348351000,,,
AC8BB7F695381D8041D7789D8CAD7FE1,,,,
3A56D67B29D63FD6E107,,,,
A50CA837A223EBD63A6D8F6FD07DEB24,,,,
A5E953DF4BD3FE0999E2C9D7772A4B34,SA8820000001872494659940,,,
A579748C31FC0FA97218AD3A048F2030,SA8280203684397222121011,,,
A54C3B422FD1AFE0923C4CCE9522274E,SA8530000645126397881584,,,
A5266BCC9493CDF801D0F3370684629A,SA4736036036036723881825,,,
A5B4A816720434FB5B65431349B7E3D6,,,,
3AED82EE00D98612095B,,,,
AC24A7FDFE7C8DA01F6082FB4F4F50F8,,,,
A55FEDF29B619E594B7B25D5BCE6AE48,SA8815134018964915138005,,,
A50ABEA0143B32B249B3A52E4F80507B,,,,
A5151C6BD1B343C834A2328611EA5321,SA0880000996608017646478,,,
AC0E2C640C239A6E4A26C5EF549312E7,SA6480000867608014250906,,,
A5067E4312AE5107D8288B1AD0E52018,SA0436036036001511999414,,,
A5C94BD5A53D2F7E056A8D0A9E5381E8,,,,
A55934CB4BF32AFF51A26AA78D159A74,SA9636036036075598001068,,,
A59208D9A0795307E2F1C45886608D77,SA6830100974017255815898,,,
ACE2608B6500D4481D654E2FF26B9BD2,SA0880000522608016003815,,,
AC44156F9B46718DB7FFBAEB8589A098,SA4480000867608014551675,,,
A5DDDCDEDA61504AFACF1C2C136CF41F,SA3680203075598222121011,,,
A59714D2292BA21D8E5286BAAF3A139A,SA8510000024800000702001,,,
A57B7BFF5A2BA39A5D233A407CBD842E,,,,
A53DC825E2D19D9293C22109F4867AC4,SA0836036036034070447042,,,
A58C3D975E964BC090FB4095464C7BFB,SA7715000007779864930002,,,
A5EDE0F826D5FC78D1956A2FF4101BED,,,,
A51050EDF372BC74E43D27FAB6768EE5,SA3530100991101771197066,,,
A5B686ADBAFF61192AF6F41222997119,,,,
AC2D7DF2F745739AB6B2EEBD44256492,,,,
A5956262896493FCFE4F12280939E50E,SA8080000433608016190396,,,
A5C6F8F0768041DBB3680B53115DDC3D,,,,
A5435B1CE4D65A3D8432BCBF3472AE8A,,,,
A502D9D52E02D308652337ECA2984170,SA3110000011100228034701,,,
A5F9AB11B39C06C8A9927D3AEB00AF14,,,,
A53631D2EBBEF3DCB89CB134100FF1F8,SA8280208779399222121012,,,
A5126EC3BEF1CAA0D2E32F98937BBA7F,,,,
AC18367B0CA4CD628ED6567416ED98F9,SA9880000660608016228968,,,
A552ED3D9EC9C8B03A8ED38C254E1668,,,,
A562EADEC75C29F844B19948BE1BD1B2,,,,
AC97A2A19162AABA6D4F5FBE553ADD3D,SA8480000327608114048545,,,
3AF557814EEB1FFC54F8,,,,
AC78BADF9FD1D21CA1ABB7740F519A3F,SA7715000007779864930002,,,
A5C2207005AC758785F100FC4C510A47,SA8180208738260222121016,,,
AC3C19C10C98AD16D1BE854FC9303154,SA3530100991103738149389,,,
ACAB834A217A1DC0125B896EAB76CA83,,,,
ACB6E2BB68A71AB758E8865E5AD59FA3,,,,
AC088D60236F9FB5EC5069FB87FEBBB9,SA0580208774079222121015,,,
A5C12FBC13F7F5608F937F53763ED50F,SA8093000078148369171000,,,
A5F42AC205916C7D95207E4E2F9C1F5B,,,,
AC28ED5349CF1E6A0241A6972D9B86E9,SA2280000865608014328101,,,
AC65111910DFD877DE59E9439C6718E9,,,,
ACE750A4F1333D9904D3C195117AA60F,,,,
A5D39DFD32CC238BCC357C9C926F9664,,,,
3A1C67ECF5693DD44910,,,,
AC0C0C745947D371DA222DA5FD80ED48,SA2210000041600000026302,,,
3A75CE6991D2CC3B0FF7,,,,
A55F71DCAEF848C63A1D1A901CA2BAB9,,,,
A52996C9679E094D6C165A53BB8F1E19,SA5893000026933226121000,,,
A5D2E33369CF5F2247AFD686813C2F80,,,,
A558BACBDF33B1979B52B39A7A6D5D63,SA9315134018962000921810,,,
A53E05FEC8C7CBA130FB500509AA6E33,,,,
A50054209CAAE5AC9BBAFEC89381FFCB,SA4430400108039111990017,,,
A582CDB5980843C8EEE1B62B3F4E8BF4,,,,
A56B7401AB045A119784AEE95F345D76,SA6810000010100005673807,,,
A5393387654993B8DF225560888BCA64,,,,
A5AD29250571AD9DF3659DE784CE7B09,SA8105000068207127030000,,,
A5E69FA82C7CA8908CF0D7000F46FAF8,,,,
AC8491AF6CEB4A179B8E81E9234C8409,SA5910000011800001321300,,,
A51B9FEB444C666CB157399FAFF13C74,SA1580000168608010086153,,,
A5DE07360FAB636F7A7E8F0B375180DF,SA0605000068205725328000,,,
A58C232F7A0DE96A14429A17C5876E60,,,,
A5E6E1EB740C4F8CE9EE0EA271AE47B0,,,,
A574CB1F3020FBD6E7603D10F23BBA13,,,,
A5B57DBAE1C4BA7B7E36EFBF7E2F77E7,SA9480000534608016015732,,,
A59E04E30FD2234FF56B3AC83B8CF68F,SA8480000327608114048545,,,
A56715EA81D1E4F6ED7B6BF4D9393040,SA8105000068207127030000,,,
A578452CC1016FEC4D2181D4EFDAB7ED,,,,
A52A997F80D0E973929DD6D4EFD5391F,,,,
A500C3C555A5FECD00D07A484B3C6EF4,SA7980000991608017333692,,,
A5C12CB72E7EBCF7D2BE5CE5BF613086,SA7980000991608017333692,,,
AC86A3399CEEF7AB2C3C4BB59FF70E33,SA3505000010011867090543,,,
AC6BCA5792F86A5CD002B2F8126F5517,,,,
A5E60CA2AE65BAAFC2ECC892F16C5187,,,,
A5CB6D0E6F22B7F1534CE8CC5A7C3A86,,,,
A5E8E5590A481C82959A5FD508CCE1DC,,,,
A59D92940655F49CC237B309F25CD4C4,,,,
AC58759588A5B2F4A2FC41BECEC3A0D2,SA1336036036028147538488,,,
A5AD0FC2E7DEC811851DCFBE6EFFBAEB,,,,
A567CE929C4461AC79645D703047F1FC,,,,
ACFDB9F75C7BAF4DCC7B31AF6E0A8EA9,,,,
ACA3D2AF1D5C0ACF24BB1BC3CA28954E,SA7736036036004652332942,,,
3A9A803DCA65A42D4895,,,,
3A38578C96B0678F24AD,,,,
A544F2E900D615E7ECB2CB2DC7B9ADAE,SA3380208742602222121013,,,
3AB7AA624EE81B2CFBBB,SA0810000001400035393503,,,
3AD8340567DC582E5E8D,SA0810000001400035393503,,,
3AF2E6154ED3BF122062,,,,
AC9DCBC07DBF6E81245C3D139C3A44E5,SA9220005298200000379309,,,
A508B701A137B931245AD34121FD57FD,SA5510000011100114908310,,,
A53D52B98B52AD4E77713DAF5386FEC5,,,,
A57BB9D2DB587C6BF527755654FF61FA,SA9130100949000011597211,,,
A5BEDC9D33F4E9B37DC8464225E6C866,,,,
A5BBE9757294CBB2F0314011A44E2C68,SA6910000062300176843102,,,
A56D74566D67D63176CA0D9ECFC49E27,,,,
A5B101FA69EB5FA58074DCFADDAC19C8,,,,
A5FAA65A447EE7E8C292F3CE2A39AEC9,,,,
3A77336FC6904CA8D31A,,,,
A5FC027C0E15F35C346A0A55622A4B87,SA3115134018969313891174,,,
A5F3AD9A8FFF8560224909DEF9CFD732,,,,
A5A581790165640FD6286E0FE296A1ED,SA3115134018969313895128,,,
A5C7B4B869C9694BED07CF71077E7B52,,,,
ACB0C0A4F2835B16CB45B1FC9B411E76,SA8636036036023686497474,,,
ACDE3B33580FE2A2ACACDB29668F1B17,SA1930100974017255488047,,,
A53C3722427A089361C22B61774B4591,SA4136036036062788512343,,,
AC6FABCFBD7C227F85AA5CB6982B9E73,SA3910000062300176653910,,,
A586C3BB00C2C44F56CF0E50B8D624B7,,,,
A5A70FB14FA4A86A42E12F5E5646EE06,,,,
A5C3CA8A2ED2806F4C5C23C94654314F,,,,
A5D191F0F9D28AD45EBA5214CE90D940,,,,
A5FC57BC02A85940BA4F41760A0D701E,SA9880000660608016228968,,,
A571015CB55A5F156CAC93409530B2FD,SA5720000001575534629940,,,
AC316243B987E12CB1D2D4C370352806,SA4136036036062788512343,,,
A5C0F4B1AEF5A93868EA233E22FB04B1,SA2936036036045602068273,,,
A53AD43EC5110F5516410227DE345589,SA9036036036028198479271,,,
A5F9936975F2CB97F2A600EBA05B4507,SA0430100991100320477264,,,
A5E1B33E71ABAE81C66A32CA79C9402F,,,,
A50CF8D55166D256D008FBAD4981BC7E,SA3910000062300176653910,,,
A5FC6A647F1DCB2399B9A4B6014D1E7E,,,,
AC4B82815C6DB7F1126E28E11450B979,SA0736036036038249895566,,,
AC999184A7E753F39216A43516FA1E9C,,,,
ACFB66070197AAA8D0D392E8879C5C81,SA3936036036070596602263,,,
3A74156B96FE975E97F5,SA3936036036070596602263,,,
3AC2808E25B6B3278A37,SA1930100991100623254540,,,
A5C7B1EC65C3058BBF94338DFF9BB267,,,,
A590442865C7902D94E23BBC1A03F11A,SA6180000118608016553942,,,
A5FBD3EB5C9218761440E1FCFBD8E4DC,,,,
ACA63E64649AEA9A8BF557864A0F249E,SA7510000011100087461703,,,
ACF292E089941FA125317B930DCB153D,SA8536036036084383936510,,,
3A571FF1860C91085E4F,SA5620005298200000379569,,,
3A64611F6FD73E81283B,SA5005000010011864343524,,,
AC461524DBF040BA3FA4F052EED93F35,,,,
ACE4D50830D76962CBB3FA974A500F28,SA6105000068206774059000,,,
AC85A3314A4AA2872EA317416F19FFA5,SA2936036036045602068273,,,
AC580B10F04147F4C0B934E4506BEA47,SA2405000010011862308544,,,
ACBB4D9ED0427AA3DAE7C17E665D7F46,,,,
ACAD7E9596138C2994CAC3D0E5A2A2F0,,,,
ACA8737FC481CBE7CD29B4B4F318B493,,,,
ACA3B61607649261F1E3B6CF466F41DA,SA1760100002182285495001,,,
A58A9D9CDCF520FF1BE7F25EBCDF2A94,SA6193000004481077023000,,,
A5DE0D8D9F7EA43D70EAEE37F9872A95,,,,
A52ADE1D604C3189590DE4ED8777A405,SA3705000010011868347530,,,
A5805D5DC5B612B78987C83E6C5BBB4E,SA8660100000682286203001,,,
3A49FAAF53D6C5953E6E,SA7530400108039112450015,,,
A5DB8CBEC5ED5A5CCC935D06EC9D2F47,SA4510000062300176666509,,,
A5D0A57680ACE0ED72B6E08D2E53DFD6,,,,
AC43A025BE7C1154B162BD98EE92436A,SA4130400108039103750018,,,
AC79EFB9A37EB1EB0B16183B295A213D,SA8315134018968902045093,,,
A51EB7DBF20895A40F0541DC97888E60,,,,
A56F18D6A5640D6B84DBAC3C4FB55519,,,,
A569EFF0B0C5C11767F820022282F980,,,,
A50223C77C957CC3892AC35CA061FE91,SA2410000013400000763906,,,
A543E299F95DB70EA88E5C90B18F322F,,,,
A53B2618EC1A40E9180F0C670EA2C1B6,,,,
A52F08440FE578F1067237F194192CF4,SA1778000000001280823418|SA6105000068206774059000|SA5010000010000000427503,,,
A5200DE2CB3A1D5AB81CCCEB0D870360,,,,
A56C47CAA40D2A79A8A741A4D87E6C38,,,,
AC2845D7AC22C696E4FD2777015CA640,,,,
A512BFD92A93A0CF3B69DC891DD15C92,,,,
A5846CAA853D050887D7190B2077B364,,,,
A591EDD00313829EC1673D0EF982BF01,SA8993000091140658504000,,,
A5F712E2FF51DF3F72C1EE3AD244F4A4,,,,
2A44E71B3B9F684BE6D4,,,,
A510EDFE34CA99BCE2B559708BB12165,SA3020005298200000379552,,,
A538A32E0B35048495EB698FE0B8C3E6,,,,
A523E857663848DA582FEBCB1D7675EA,SA8510000025700001757801,,,
A54691D5AC3AE5EBA41A5FC7E93C10A8,,,,
A57B89E942F87B4455B426696F8C6C8F,SA7115134018968930291224,,,
A5D252C7A78F4DDC9BBE818148981D69,,,,
AC174AA687C4BEF744AAE72373573D61,SA2410000013400000763906,,,
A5A83EEAAE101851CACC1683D8046C65,,,,
A5E0CB0A457E1E2321A368039170CC00,,,,
3A658AAEB74D42D4A946,,,,
AC7042991259931A59BC76DFF0DCBBEA,SA6910000062300176843102,,,
AC8FFFD902209DD471620A33BD8710C2,SA4415000900146646640008,,,
AC0D80DF1E57922E04BB6CC3FDF78F85,,,,
AC79509AA731594B44084B7A61A92B25,SA0280000866608013206703,,,
ACCFBCAECD1191E2907C61203ED59424,,,,
A5BD8D64AFC992390772F907DCB313D4,,,,
AC2919CF41FE0A728462D0B8F655A2B0,,,,
ACDD94FF2E9B2066C376845993BCC96B,,,,
ACE41F1A18B8FA6F9903B79659BE1618,,,,
A55066D29C86EBAF75DEEE2EBADE40FF,SA3110000011100228034701,,,
A55A6DF774D997772C603CE55BF7C526,,,,
A5558EE7F04DACE7779DD5F1D0E125B4,,,,
A5871EB8B49A746A1A89E770698C8632,,,,
A57E6A1E35B6B55517F38122C1CE6EA2,SA6536036036084012747940,,,
A5750AAD6269CCB8BB8E8FF95C3AB286,,,,
AC213A8F25E89C2BDAC1E793C0EAC687,SA6410000011100032708602,,,
AC44F0E728D5AF64504C1A27ED3050F3,,,,
A5F450B7AF713D77A581C65D8A43992D,SA4693000009212214105000,,,
A502599CF1DE80C3831A033D70374FD9,,,,
A527FFEBC82A4756B088A030F590DF7F,SA9630100991109280445342,,,
A52DF75D1456DA4E2D2DC403DEF5A3BC,,,,
A56CAEBF71760C64D0EFC26C2B97A077,,,,
A5D70BDB4B2989A6C137FD171BF991E1,,,,
3A18B91D52B40538B225,SA9578000000001123632447,,,
AC539ED91CFD516AA6DDF544876CB935,SA4315000007779936520009,,,
AC68CB9409FEE0541C622ACABF90AAAA,,,,
AC9264567430C2E906921E574427334C,SA2280000865608014328101,,,
AC540F709FE5FE31F0231B8749DDBDB5,,,,
A5F3135D0BC99A3DE98483FF8865D31D,,,,
3A73660FC43C63CA6B4B,,,,
A5135EB84848C26B7EE5DF3D30D1540E,,,,
AC1AE7D42C3EE2C591BCC20CB21854B0,SA9320005298200000379582,,,
AC8632670185DE1F7A3C75618825F91D,,,,
A5DBB18D57EECCA50C1BC48B6EB67AF8,SA3110000011100228034701,,,
A5EBB525113DF6F869329A63271D314F,,,,
A5FC442B3D33DAF8BA1F3576AF14430E,SA6660100000682280880001,,,
A5B9DEC1F41CA93608FA075F008B8A37,,,,
A55321B826DFD8492529DADF7210B9CB,,,,
3A6299449FB19B9D4024,,,,134
A5695BB12B02231E4268EB9A7C662C03,,,,
A50C0990A34F88C2BD2315D10B2825CB,,,,
A55859F904D43549427159B38998B980,SA4893000023822913270000,,,
A552784C357B23CA50EB03AECC922304,,,,
A5F5F13874194B6AB7DE0CCB4D6C8490,,,,
A55AD09B1D2BED126513252909CFC276,SA6330400108038887970018,,,
A514F0F1A699C8DE7D63FA7E1E4CFE1F,,,,
3A3181DDB2540FE084F0,SA7780000539608017499112,,,
A52D3D732818A0EA59D61050DC836847,,,,
A5C04D2D896811FD18C4DDD7A2646491,,,,
ACA6B3EADC20D3797A5A096A9AA1F28A,SA2130400197038928710010,,,
AC69795BA771D08827AB8D17BE806AD3,SA8080208783842222121015,,,
AC66B8215B310BC0F2AC0A8AB359F69D,SA6330400108038887970018,,,
ACC26E7A1F3FED4E9BA1D35D03026083,SA0660100033082017895001,,,
ACEC45DF8ABE13B702EA7B6F7901FA34,,,,
3AC390B888692CA57633,SA6810000065500041200003,,,
3A449EEE869244A0BC38,,,,
3A52D2400AD2FC08E4E6,,,,
3ABE69AF8B1A256A29F5,,,,
AC7F1A566026FF2896C1C82F772F53EC,,,,
A5D37B4C6E6235A74C0CF14E010E1562,,,,
AC95C9EC456016445AA4647A4103B354,SA6115000900146657400009,,,
AC89B28775270D24522A37BD368A19FF,,,,
AC0882BB6443AE55B59D9DB0C178B699,,,,
3ACDD0A989F92F9F226A,SA9045000000059722421001,,,
ACF27A9EDBA2D8E721FCC46735B1CEA2,,,,
A56FD918DC8F4908B091E6A63289745F,,,,
AC1D45BDD4CBE4C2F0DD48DE1D137D1B,,,,
ACB25190B7C73AB8F6C4FC6AC3A7337C,,,,
A5A2299F88AB1C373E458C743C837538,,,,
ACE9514756EA822C8D1E0F1F3000396B,SA1430400108039120350017,,,
ACCA67D3D0DA03F87DF2DC74705AE4F8,SA0530100974017257595624,,,
ACC9E960B5B58217D74A401E3756CFC9,SA4310000075300000613902,,,
AC53A6263757860B4427F9A2A7184509,,,,
AC17F8B403CE58AB966DF47B19399950,SA5110000012500000309408,,,
AC408D37BAED36A62CB5E4C3BE6A4F07,,,,
A577C834FF6DBEB8D49EC717B39FF5E4,SA8880207784598222121014,,,
AC20BFCB01B10334144FF932218CF9D9,SA6115000900146657400009,,,
AC1321AB1D70C3857ED6989A4CA088BD,,,,
3A665550F6E2F6F25BFC,SA1505000068207228260000,,,
A5479753325904811A8295BAAB96AF89,SA4305000068206868897000,,,
ACC1A3404A2077504EF3A76F8F226940,SA0530400108039120860011,,,
ACF7146EA0E10BAEF9E0C04269F83628,SA0530400108039120860011,,,
AC7CE893C81EAEFDC4668BD84E1C091B,,,,
AC5B108B1C3847C8AE3BBFEE0B3D4ADE,SA5830100991102073945971,,,
AC59A75CE9F03A846B876CD683C9616B,,,,
A5BF449534921ED0C1E1E20DAEAB35FE,SA8105000068207075232000,,,
A5770067445F10982DC3253118C73606,,,,
ACF6C6AD11CD4039264B79503B690BF6,,,,
AC2983B1AC559F97D947E3D10FC3B85D,SA5015134018963691983239,,,
ACCD23037E20912163A6C6CF1F1171A6,,,,
A54E901303040C1CF211E56CC727D833,SA9630400108039134770016,,,
A5968420CA1FD316D7A8607FE33B251F,SA6480000111608016557536,,,
A53CE9B532D1C7382A5FF3A08E696326,SA5010000062300176750906,,,
AC802684CCCFAF00264DE571B9422884,,,,
ACF8E58E27F7B2B40DCEE9B193FDE632,,,,
A561D51A6C3E627B4FF5AE3BAA18AB23,SA2030100974017257560822,,,
A563093DEFBF2BEC06023CA2B228B577,,,,
AC99777DF124C37EE4170A8F1D39BA44,,,,
ACF2EDA45F2EE9095D0AC1FB1B84B792,,,,
3A0CAC54269CB4F9DFF0,SA7480208761384222121014,,,
A557EEAE96A7DD027DBCD47EA38CAE20,,,,
A59A24FE65CC2B35460A9F1E26895093,,,,
A5A2512B9B00145E59956ADB0D51CC94,,,,
A52E1B61FEDBFC5A1DE02E0CCC11AEBC,SA3720000004102558659940,,,
A5CBD68E4F738691A9A4A0F867623821,,,,
A559B83A1C733CE6ADA02CDDC344311A,SA2430100974017256119621,,,
A575468662437B5D7E650C01549EE969,SA6330400108038887970018,,,
A5D4EDF511DB2DD858A5195D59256E93,,,,
A5540F69CD4B2775FE35F84D2FBFBE86,,,,
A56BE9FDD39FB42745E9DE6299DAC20A,,,,
A5E66B746A2301252BC136EFA5BB4AFC,SA0780000109608016106254,,,
A519695DE7FEFC8EE58405B3998549CB,SA5615134018965382300669,,,
A5C84F03787050EF76D8DFC6F3FE72AE,,,,
A5B0CFFF4F74B506BD212F74EF0304C0,,,,
A5C6D4E8E8388243A11C1F2B0EE55F42,,,,
3A48E3AF120F53349E89,SA7330100974017257076226,,,
A540D37EFF90D61A113847AD788A6DED,,,,
3A2A81E1ECC84597CCC4,,,,
A5507D05F327CAEAA4BC04CD9E89E0B7,,,,
3A8592DB5C0765811920,SA2478000000001082478759,,,
3ABEF9B25614AB04C2D7,SA2336036036017026439226,,,
3A077A6B5BF02E0B594D,SA6210000011100320670307,,,
AC130A5324B9247B242504CA30CDC43B,SA4136036036091370757383,,,
A59AA8ADAD96AEF59D830925BAA6C1B6,,,,
A5ADB44EAB7156716314B8B365760247,,,,
3ACC0BAC9A8B9959C1CE,,,,
A5B47DA8F3FCDA8402CB1E0876BBBA91,SA3620000001843831229940,,,
A59744545797069E5D828DE04456877C,,,,
A5E500BACF078A2C9E844FFBAFB12FB9,SA3620000001843831229940|SA6810000010100005673807,,,
A50EC7D3929761E2CBDA4AD7A6790C9F,,,,
AC75FD094E4441B974B01B35F722A658,SA5145000000028401610001,,,
AC9670634B9968C808078CCDF4C5F2AE,,,,
ACDED1CE56B1FB50EECDA0F09591F876,SA8030400108039137140014,,,
A551DAB92326387742023C8CE7A4A98A,,,,
3A8A33CF82C5F42A03C1,SA3680206817256222121012,,,
A5A7A5D1A97EBD41DE2F10455BE5649F,,,,
3ACFD2A4CAEA1DE77682,,,,
AC065EB8A3D7AD02234238BFE8FE9159,,,,
AC5FCE08F34DEB3519400C8A6D859C4A,SA7636036036038202725261,,,
ACBE1B36320CB463F145E16B1824D11F,SA3780203745542222121019,,,
3A5F97E1D42281CF75D8,SA5015134018969603183415,,,
AC37AD4F6459C7EE2F969765689957AF,,,,
AC3584CEA03C2A74C9BAD3AFEDF7CAC8,,,,
ACC01F8FACF9741AA5E4DD6FC74A18DA,,,,
A530A4308BE17FE55365C5CBA8D7CF50,SA2380203363552222121019,,,
A5F39F6FAF951B54384D7EBA4A5FDECD,,,,
A5F2D3926A51B799A47C294BBEF2E71A,,,,
AC4A00B8640A013ADC53A491450D823E,SA3930100991104535316754,,,
AC19312A11C220A72DCF8CE96965CFB7,,,,
ACED5FF2F3089364D20D43875089414B,,,,
AC4AC6CCF3ED587DB62B554276FC5862,SA3330100949000011354397,,,
AC5A1D4A01C694FEC4F8B572B3ECF9BD,SA3330100949000011354397,,,
3A63CD4AAACF898094BA,SA2620005298200000379624,,,
ACA40E8AE92D8EDDF895A96586AFB2A1,,,,
AC2772DC189E504F65B4EB5ED7F08004,SA3405000010011870791596,,,
AC285E79C84C27E3CC9E7FB17F52D6F2,,,,
AC573A54894A7560E19274B9EA9D6853,,,,
AC85D7A1E93DB2812EA4CAFFB555DB9B,SA0836036036078643754637,,,
ACC4D9F032F076E7FF7A70DEEFBEB9DC,,,,
AC2E98699AD6ACD9C8522D0073D70827,SA4080000105608016275319,,,
ACCFEA06150E358955E6C9BF1A35CFFF,SA6915134018963037466473,,,
ACD2B41E5E7D925E7CBE6C8245840194,,,,
AC16D75855DBA58E69C52D6E0AF4812A,,,,
AC36A474D0470C834ADB7D707E7F128B,SA8360100000782286667001,,,
AC8ACCA7E29396351F971C3A8F5286C1,,,,
3A4074BD872F4C261D14,SA9220000005253980539940,,,
AC22D55C9EAF7539A7BAD5D058E4F676,SA6915134018963037466473,,,
AC770ADA169AE806E5975525710375A7,,,,
ACC3C9FD0B4BDBE512DC898ACD96EA6D,,,,
ACB394508D83FEA630AD4BF31D2012FE,,,,
AC8B4FE110B321FE8BA2872F3F6B1BD1,,,,
ACB113E45F07191CECA554CB575B9CF3,SA2020005298200000379538,,,
ACD69BE2DE3BC57515C4419E98E14578,,,,
ACDAB319EBBE02D203FD4D201DD1F55D,,,,
AC8A1F8B5CE6E013D6F7705BB4F4C9A8,SA6880000566608016172807,,,
ACBE79E6BF46B41A334823387B35BC90,,,,
3AFB7D204DFE67BA19FD,,,,
AC52CB3EE6125F0D2B3330BA64D39F35,SA1680000448608010128395,,,
AC2520247483B75DDB1242D510587D97,,,,
ACFDAF1FE9330A885B55259249E60ABA,SA9245000000352708747001,,,
ACD5E28EC8010B06174754DFCBFA3BA4,,,,
ACE18D48D5005838BA6DDF5F4F15A717,SA2080000684608010400151,,,
AC8A373709837B7D6878AD6052A02B1F,SA9705000068206348188000,,,
3A64BD3023462F2E3812,,,,
AC5521F8C9A90C2CE3EACCEB6BCE9963,,,,
AC101C4555B4EB835DCB60C7BC1BE9AD,,,,
AC652366332C20803478E69AD672D3FF,SA7515000007780013050008,,,
ACADF461CC9DE88083938C340149350B,,,,
AC5C2D1E384618927BA282FD8B576360,SA2080000543608010835456,,,
ACCA823293915E2A1B9059DFB0E7DB3C,SA2080000543608010835456,,,
AC3F723E358AD278B9E40D12317D3F83,,,,
AC3053105CE2C17D3C05624D6BC5CA23,SA3930100991104535316754,,,
AC339A7F28FD85B203DC1FD8A5324348,,,,
AC16BF342EC9412E0AA3AF84D87D0022,SA5836036036057176436096,,,
3A25867390969BF9DBDF,,1113941106,,
A5BADF63F8E8640DE4C23804BD3DBD18,,,,
A5E748F4674CE491AAB94A6E00388088,,,,
A53A4021EB1E57975EF176D57F62DBAB,,,,
ACBAAFD5FC25EBD143E4FBFB34A8ECD3,SA0815134018966611013628,,,
AC87124A5581B4227B1309C28138E4BB,,,,
AC1865DD0CCF4BC25989498E3BDC644A,SA2210000010600000339901,,,
AC9DBFFCFF6776FC01D34DB6EABD15E1,,,,
AC484F21AF312F172DB1405CC6D5FC88,SA4893000082995588627000,,,
ACFC3F440E7DA5E9E916BCEE3B1EAACC,,,,
ACE7D126AD11075CF4588257F4580F7F,SA0560100000682287241001,,,
ACF8A77698C8A2604A1D76F4C9EA86EE,,,,
A5554D2FA1948B28EC982A220BD58D01,,,,
ACF6C4562EEF5C9D9CCA8DAEBC113F4F,SA7760100000682287353001,,,
AC8F1EC2588040251068566A1C333247,,,,
3AAD6FF609A6B9ECB35F,,,,
AC953CE7770E5851B08EFEB18FB53A17,SA9205012000000111376528,,,
ACD6A5FF1C68A72C05ADF0E142F45CE5,SA3780000134608010237419,,,
3A2522C13DAE6B6AFF21,,,,
ACA57E7FC083E4CB695AA3C556AA4F4F,,,,
AC8FE247D6EF99A0DAA2C38183F7ECE8,SA3236036036033262221464,,,
AC752DDBB4D19D83922963F268CD432D,,,,
A593A9F8E49796B8EC9B7268AE0D1012,SA0993000087152138153000,,,
A58AB1832A2B9A6E0133BB6B26720B7F,SA1230100974016998995632,,,
A5A7CF7E21D06BD5842818BEA412CADF,,,,
AC3239088321B25B161E06D5ECFB72DB,SA6336036036031179797067,,,
AC4CBA64A8D8D665D9B5492E0A5700FC,SA8680000867608016720518,,,
ACC1CAEB9FA19A24043B84783D00BEBA,,,,
A54536A592878C9007403ADBA7F3F867,,,,
A5013C60AE7CB88A7A23E01CBCAFDB19,,,,
ACC53C3E7774ADB79D5B629549EE5CFA,SA2430100947001300188615,,,
A50E56A7061CF140A4578F14CB4FB3E6,,,,
AC2B9E464618D5127B9A5FE703B8BB64,SA9230100991104059309737,,,
AC7E0F1DE68F28C2A3328A83B6F1C85A,,,,
A52C21F086AD76F7A88952B5E92EA08A,,,,
A5B271D289326FA6B552EAB9FF56F38E,,,,
3AD032B68A7862023AB9,,,,
A5221A2A29385873A1F92432EE169777,,,,
AC3501B301133AD0F1E34D0C4C030EAF,,,,
A5CAC58846BF7D187E1E4E4CE823D90C,,,,
AC07E10CB42F24399723B94BBC63AA80,,,,
A535CFE5AA56160F82D0BDB200318422,,,,
ACD74AA10C2B4AC5BFCB04FBFD4E54A3,SA6220005298200000379655,,,
ACAFDCD58C1AB68B52D065D5248C373B,,,,
ACEE10B9D3430841854C0FAD32B1E869,SA2430100947001300188615,,,
AC08AE7DBFA9FEB1C4DC3A1996EA651A,SA6030100991101182765807,,,
AC6B2BA67B35D6D76E66ECA52B14CE89,,,,
AC388844DF0E1B3D4BD02B7FAF6A6703,,,,
AC6B98E82A4066EFBB1D34EEBEE19A5A,SA0860100000982286744001,,,
AC3E542002B1BD3BD149D26E20804F11,,,,
AC464D73A737218972E81E27F04A727C,,,,
AC06DF7EE01F3DD6AB5810ED2D6ED0D1,,,,
AC66A742940E400CD3174B28E935B8BE,SA1910000062300176439803,,,
AC8F52919ADD8D40B3D2E5806E850164,,,,
A58CB7E031781C4A3D3A30E87FA90BCC,,,,
A5E23D960948B9ADE0735BD1BB51A0BC,,,,
A5425B31C9922482419F95D2BAFB15C0,,,,
A5D680E7F9D4E215C20DB8B098C75481,,,,
A52B6E492889061409F8F047F5CB1BDF,,,,
A5FEDE0EF741EFC77D8BC0CE5D0C34DE,,,,
A5BDA407D25425F68334C8F60E75E4E9,SA4105000068207216488000,,,
A5261B9A1E447C803F069D760BEB0084,,,,
A533354E4A3600FFA094A4BB645A05A3,SA3036036036010861868910,,,
AC6E1A3DFEA1E38A93526A98448D2F85,SA6205000068205625048004,,,
AC16C13E47465C8D76DD02C3FA13D7FC,,,,
3A2E352DF6515530A865,SA5793000054157545677000,,,
3AB11F13D99B9EF71FC3,,,,
AC28E2C904549245BD47E78B0A662FEA,,,,
A52977F1ABA85611CFACE1483A17EEFF,SA6805000010011872900540,,,
A570D73EBE697300374D0C6D60DAFED2,SA6293000084206254659000,,,
AC7FC1E92AE56118AC0A36F0D42BCD2A,,,,
AC48DDE59E9CB471E880F8DD7FB82ECE,,,,
3AB43A83D806539F9A7B,SA3993000051230514971000,,,
A5EAA93E2DDED76C99406171822C038F,,,,
A5E1CF8DA2FE4C2226132C5B055B429B,,,,
A5396D293F442FE6CDEA2E8B1B863AD9,SA2393000004361149602000,,,
A51F7E87F69A202820E353BF3465FAB3,,,,
A5B7AD1D813F6B0A7C9D391BC5D651F7,,,,
AC85EF1180EE39EA84F82AC3A1636A4F,,,,
3AF279928F33F41783B3,SA6280000343608016176014,,,
A57BFF86266E81856BF65A0809A1F94E,,,,
A52F668625C3E7677E5CFD318B69A935,,,,
A57010997426631E149D66080BD99C7D,,,,
A5FEB8D502AA84EECC8AA1E6325CEA7D,,,,
A59805A050B0138822FA29554D8CEA8E,,,,
A51360CCCE0408617C7341406B2F06FD,,,,
A588E1AEA1BB0E767B7859BB3F9F22D5,,,,
AC0184F50925B3CB7F59B417DD190D51,,,,
A58D3A69906F84127ECA39D272249E5D,,,,
3ADA538BAFBE9F03012F,,,,
3A2E9C5D0B6F32752197,,,,
A5B00F56E8858BBF46377747766A00F4,,,,
A5B814024F16B6BFF097DA4CA8AC4FEB,SA2210000062300176887501,,,
A519D3EB7D53F0BD2C1607E18C99EA11,,,,
A51BB69D6B7E12E8171BF412425A5D58,SA3530100949000011540116,,,
A58F4B5CA96B2CFBBC773830C3D1344D,,,,
ACB2640FF7A852618BC5926175698071,,,,
A52D253064233D7003B8715DCB289BE0,SA9580000856608015812792,,,
A587F76BAFBE50D7B5E1960010CE66EC,,,,
A5E4F3CC8D7A7DFB107FD2C8A94A6BD3,,,,
A5E79116A8B5F6BEEF7DD10141EB25D4,SA6130100991100063230492,,,
A5055F13B3B4C250BF3BED3BD79CB02C,,,,
A59408B07CFBC3ABF845153F5D6608B2,,,,
A5B6E8EB8C2CF2A8BA83794BE76928F3,SA3993000051230514971000,,,
A54F4A1C4AA9F6A0D50E49CBC14328BE,,,,
A54BB623FE65B9A3D54B3D4E978B86FF,,,,
A557E26269B9B78083763416D46C4311,,,,
A570725BC81D5ED5450A731C643042AF,SA4005000068204020940000,,,
A590F84E05B85EADC4353D745D77C6AD,SA4105000068207216488000,,,
A5C21CF74EBA434CE338B42B2617D11A,SA7120005298200000379687,,,
3AB8F02E62DC50A71DF1,SA2093000031524239015000,,,
3A48073B33B139F90553,,,,
A51851E86534AA78523442DA7464DA6B,,,,
A5DD3557CBBFBD1341BB50BCD85581D9,SA2680000130608013251510,,,
A5C769DE2B211151A3C6AB4C8037768C,SA7330400108039150100019,,,
A54B6E38174FB4736093FF66666775E9,SA9415134018969652561346,,,
A5381858BE122ED46D7829183EC3B156,,,,
A5210DC0FA60562A53583EEF611FBD9B,,,,
3A0097F82CB60609A231,SA2010000025700001764500,,,
ACC06B1FE473426936ED707654BD3C42,SA4160100000782287313001,,,
AC64759A300A90CE97866B6CB9AFF392,,,,
ACC23AFD259D7F8EF81D5AE8E2711220,,,,
ACDE4D1BE774EF664F6996EFFE6F51E3,SA2860100013782286743001,,,
A5253D0A8735E467CECAB5043A26B347,,,,
A5EB83339574EBE2D722F90B7DE44561,SA7620005298200000379694,,,
A57BCA811512586F6333EAB8F5FFE838,SA9305012000000110607979,,,
A5D71C96AE810099974E9DB3A2541EC5,,,,
A539DC433DCD30BFC277E076D6634D17,,,,
A5A491346A9574730B8C1D0CE5D48AF5,,,,
A54EBE05DF3B466BFD26A4868964F9DA,,,,
A53DB1AB596EFFCBF95F3099D10E95B6,,,,
ACA0A3BE456091F831485416DAFA1300,,,,
A54373A765000BBBDD2AD1F0FF983105,,,,
A58D2E220681ADF2CF7951BB72F92A9C,,,,
AC8F14B04021453FF5AA5380A7EF8CC9,SA2010000025700001764500,,,
AC0FD94FC7B3D107BC9DB56706C90204,,,,
A59460C279364D449E6447D9331A1746,,,,
A5BCA28366F60DEC46DF5729BA694490,,,,
A5800EAE58C2FCA57ABAB8C884F17E95,,,,
A5337174D3A8BE9FD5EBD4594E0CE2BC,,,,
A584F0742F1E7F1DDD14BF22943ADF85,SA6105000068207198531000,,,
ACB137720DD9A27F57026801158A91C2,SA8436036036088286474090,,,
ACAAB1BC3529B64D3437DF2B3178AD18,,,,
ACF31B5D7AC957AB51A0AEEB3D31769B,SA5580000218608010325239,,,
A51D4B0AED57D53E27719C26044C1B62,SA5836036036040676225294,,,
A5ADB44E62873FA2EE32F523EAFDE5BD,SA7710000004700001335008,,,
A56A3B05BBFACAF0859B96D481D20004,,,,
A5C53FDB6D28F5C3F8049F24F96E5363,,,,
A5A98992AA52EFB96196311AB5F4CD2B,,,,
3A43D52B0F8AAB117FDB,,,,
AC65A854EEC8E818795B8CA37B2A10D5,SA0680000867608014349047,,,
A57ABB60A880DD07E45F5810E11BF822,,,,
ACDACDB04334339848AAD0691020EA3E,SA9780000695608010125839,,,
AC3329C62044A5FE5F34BF9BC593C643,SA1430100675020233580015,,,
ACE0C3334B24C51D7CA7ACCD07038AEB,SA9815134018961835484340,,,
AC0AB8E5529833A24EB15F6FC5EDE58C,,,,
AC7610A307226C02852C32A1C66403BF,,,,
ACAE033AE283033393E7B7CF1A5BB89A,,,,
AC6CD1F712D6A8B9FF46B534080AAD24,,,,
AC69358E0C25C25C2326C3FD91471A0D,SA9815134018961835484340,,,
AC6AEB258D209BA3FC1592D23E9A36E1,,,,
ACFA9E06F5BBFB9B582DD8F3D0410AE3,SA3110000011100228034701,,,
ACDEC1B8A904991B89CB22837465FBBC,SA1410000005900000782503,,,
ACBBCD1FB7B6C61A82E044578221C475,SA4778000000001148235712,,,
ACD4ACE35B2B9E4EFA25EE85422697A5,,,,
AC2823EC5C820E05EB064C0253694424,,,,
AC1423DA76711D2D113B5F53F5CD08D3,SA0580000859608016640702,,,
A5773F47F7503B018562BB409E02BEF4,SA9878000000001021636408,,,
AC1A4D3162328F7AC5DAD66C4592C4AE,,,,
A5AEA7B114C8CC1F209114F4CD07ECFC,SA1030100991104033284173,,,
A57B9A1B21382942E351686CF7C23090,,,,
3A39D26AD9DEFFE9E184,SA5980000119608016431320,,,
ACAE54F1C66ECC76964534243CFBEDD8,SA7880000119608016664748,,,
A5D87E14239886A6915D0183DCBDA872,SA4115000007779651380009,,,
3A140BA0BE80EE001D2F,,,,
A52377BE0A457642382117E0A5698544,,,,
AC205E76AD6CAE6B82E54B7B007024E6,SA4115000007779651380009,,,
A5D99DACD64E274447708EB9D9A77267,,,,
3AC339767617AC3A8A97,,,,
A5BE746C6D4C47E06A78FD01009B54B6,,,,
A5C3E421A89790E1B9456E0CEE61EC0C,,,,
3ACAEEA8CA9199835109,,,,
A5EB8472146D142641DD5AE1F4F9ACAD,,,,
A5948CB71CEBFB804AD4D66BBF6E6AA9,,,,
A5C8EF324C5145862404C42870985809,,,,
A582C8FE97DBBBEB9E311B3571B22512,,,,
A55508C57CC03E6EEFC0181AB997ECE8,,,,
A5CCA84EFB9ECD75B006ABA587DD2C3A,,,,
A55094F6C42EE01409CC87338407D6CA,,,,
ACCAB7A6480C8DE7A4399FEBB44C6BD0,SA2730100949000010926735,,,
ACA43C6F02284503DD7144939FF98937,,,,
ACB04124956987ECEBE0EDFBBF632D1E,SA8280000188608016002499,,,
A56C96154123B2C0698B697E9E120195,,,,
ACA4EE08C86515D26101235038F14915,,,,
AC898275B380FC2E423FE0AE402D6909,,,,
A508BFA2CDCFA44FA6B2AD607C1D29A0,,,,
AC0371181E5C20BAD542AEDC8404BA30,SA3930400108039164800011,,,
AC10491BCAC56194D40D5BD80457B223,SA5280000659608016082988,,,
AC52690A90C4D893932F01170871A1CA,,,,
A54C192A2C06D66FD5265CEC4FBCEE40,,,,
ACB707633E9122AA2F3D3BB1199A28BE,,,,
ACDA4492F0CEEC593CEBAA5B977A8351,,,,
A5EFDFA50354B7DFF2A2D177A222A7DC,,,,
ACBD4037D44637EE5CFC1B1DBF51EA78,,,,
A51C10936517C80B73F2D64F853540C8,,,,
A590BAC47E2E305A67D29788C06CF13D,,,,
AC9813470B1FF75918BC6DFF91E563FE,SA7315000007778809650002,,,
AC18C8346A97B974D192A96A97C61FFC,,,,
3A130D5BCA4037E722A3,SA4736036036044698473470,,,
AC68E3FD0107E1901EE8BA5243C67103,SA1215134018962745047128,,,
AC9EB1FC7203F09B2A529E2F6404A8A2,,,,
3A17D1446592803A31DB,,,,
A5E77814C7077F978F2E5D6BAB76B7DA,,,,
A50F4FE0C1FE07E252517D8F30A27924,,,,
3A6C86E9ECC5411E99B2,SA9205000010011870794529,,,
3AE5C8DADE98E94EAED4,,,,
A5C7DB670B7B83A84A4E0E5764053DD2,,,,
A5F71C1BD4AE4B6EE94F40F158AE0E92,,,,
A55143745F69CEF7B857559ECB815B4C,SA1430100675020233580015,,,
A59118AF152D32EE2163FE15E4B9343A,,,,
A5D86F7128DDC1BC5612AA71EB12FFD5,SA1030400108039165160015,,,
AC5FA9F493A11F061C4E11E1C1AA8899,SA2315134018961838818998,,,
AC43A67FBC12796271EAC5B19F6286DF,,,,
AC6F48B4109B77284480DDF2BB9B6765,,,,
AC248859A46E92C772242C308EBF6F0F,,,,
ACF7F0A63878690CDF627EC9099D03F9,SA3815134018962309185793,,,
AC7824CE2B58CF13CA34AC26B6BF121F,,,,
A53F1C23065D510C871372AE858AE2CE,,,,
A56D614D104B7BA3EBEC34D22E0A781B,,,,
A5428D7A54C8EDA2C31D47FB003F371E,,,,
3A83597A5BB22A8EC4F9,,,,
AC68D1D7B9BB2DB31421FCA1D5A49EEA,SA5080000487608013793791,,,
AC02ED0995C83248D3895230713A476B,SA1680000866608018802381,,,
ACBF192BC424D34E70E3EB0F99889A58,SA1560100000782289094001,,,
ACFC0835314F72083449A13C0923F352,,,,
AC6FF5FF080306BCE1A0CB48C7BACEB3,SA8093000041066098036000,,,
AC93E56D042BB6B72CEA853138A4F3A8,,,,
ACE9190C538123E3F9A0ACF173E205B7,SA4810000024800000711106,,,
AC263D9AC9A8EFE9AB6D80694E71C21A,,,,
AC79DDF9037928BFA968F7D0BEE6A6E3,,,,
AC1FCB0AF83AE8814104660EFC8ED779,SA3415000007780136520009,,,
AC75D6E62680D5FDD239A62E25A02054,,,,
AC8B0A9BE93DEB5BED15F56321144D10,SA9736036036078470648678,,,
ACC70473522D44AD09D95C9FA11D9A97,,,,
ACC227CFC6BB56D0C71C4739050FFE93,SA9036036036051656466220,,,
AC0E815B95CB9E97F8F0DEA604523307,,,,
A5DE26E49EE1D0739FEDB45382BAEAEC,,,,
AC6ADBD173CE21761BD138AE8FE685D8,SA7315000007778809650002,,,
AC83DE7B79D5C927DAD0E7CE6F175802,,,,
AC1260890228EE9773423BD3C7A8FF73,,,,
ACB34991A14A2C9D0A73686D3E67BE65,SA8880208776577222121016,,,
ACB4191B6F3384CB6B6CD6FC42F01D8A,,,,
A5518A0B08F7D95283CBF34BB3316A85,,,,
3A333312A97489397065,SA1180000308608010551033,,,
3ACF10054309B0813AAB,SA6336036036037644904782,,,
AC5BC169D728BE9E812467B8C0EF6F76,SA7315134018962615983941,,,
AC44CD48B6DCC9D96976062A9D1279CB,,,,
AC1AE7EF04B20F1B68B51EF220F55A1D,,,,
AC6C98B983CB83D5028DBD0FE107535D,SA8493000076086705774000,,,
AC1B9D9361DC607A76EB2DE42ADD805C,,,,
AC4ECC2476E6C547F0D6E38B2C44D7D7,,,,
ACDBC80865E0B0275A1741BB6EB60D90,SA5655000000087267200129,,,
AC616A8FD0C24666FC5FA532F6BD0F17,,,,
AC58CA3CC2ED24140EA9A0AB91072701,SA8793000036715644210000,,,
AC6FF95C13246C3C2C854CCBD061D692,,,,
A559A8AF2552E5DD1B7039ABDE6867C1,,,,
A57B0F440AB64CF8680F56A4923C12E2,,,,
A5FBCBE02BEBD7DDA9C54CD2628EA885,,,,
A5BA97CB3F1E6A64A7F01B757B00F2EB,,,,
A5F0CA57BDEC0C48B215BF28214CDD90,,,,
3A81DD61920B470CE311,,,,
AC5FC6DA0574A77DFDE36AB9194E39ED,SA3936036036059546372739,,,
ACA44A4A07C0CECE320DFB8B453ED89B,SA4710000011100106183110,,,
3A7BBB4B6FB614BC2E42,SA2180000375608010395892,,,
A59C05F9EE28688EB170F2241278209F,,,,
A5CB507AE34AF1DFF1D7E249FE8F03CF,SA1680000448608010128395,,,
A54C37F6C7A73E522E2B5A1DF916C117,SA5736036036045065315542,,,
AC8BCAEE8C602335FB0ED245EF911FB6,SA0830100880220005526937,,,
A56E4BA05459AFA865DAFD47F50AF4E8,SA5736036036045069315542,,,
3AF514349E5D6DFE49CE,SA6780000865608019659963,,,
A5A1EB8BE0E17A1628DE4A36DA4B66E2,,,,
AC753F7364289AA79B39FCAC5D954DA5,SA1393000041450608055000,,,
ACC22C42623836F90A496025EECC4E65,,,,
3AB6363C2B972AC22E2D,SA1180000308608010551033,,,
ACA064445DB1FDEB0B7BF23F3DBAC6CB,,,,
AC80938B7C943DCAFF10EEBD8C8DD995,SA8693000032375838913000,,,
ACDFE46B1B693B8EDBA74DF3C04E44E0,,,,
ACEC637A0E8BD2ACE054FE4FF4E1EE04,SA7980000417608010238324,,,
ACB6D6FD7497AB980BF06ACED5DC6665,SA3580000867608018195545,,,
ACE7C9C98E5A4EF4AC554F8897E6E25C,SA5080000487608013793791,,,
ACC64664BE9E7A8C138A7D2933B3CE54,,,,
A56524481D88959FBBE74D907A702F28,SA0680000376608010821748,,,
A58B20195F18DD72DCA7511DD7FB2526,,,,
AC222D25522B796D77A38625FEE9CA1D,,,,
3AAFF2714B42816EB91D,SA5580000225608016835141,,,
A51872A8917271202CC29BD7F6703E95,,,,
A5CF0D4DAE0D88E18DE4E7B31D72E514,,,,
A530C73B59B05ED65B02311475B5B849,,,,
AC41B42D7AF9AEC09643AE3634CFE5A1,SA5080000156608010514281,,,
ACAD9F0E460C72758BEDDAC98594250E,,,,
3A50F448981F023AEB12,,,,
AC426DDCA2ACCA1B37BC0E37961BB742,SA4330400108039165470015,,,
AC34C90E3497DAF688B7F59C3813E8A1,SA0830100880220005526937,,,
A50277AEA477555497AB58030056638D,,,,
A5E5B9AAF1E72ECFD62937280512C369,,,,
A59BD05F9C3985E318DE8E489C2E8EE8,SA8910000062300176882706,,,
A5D30EE603FBADCEF720B979537FA20E,,,,
AC4F15211163562D874397BC6CCE4144,,,,
A56C257B2DF2403052BA8D44FF7B6EB9,SA8693000044399860846000,,,
AC572F60981BEA87E22482226CA76C77,,,,
A50FDF6D73565F473AC23A47FA781AD5,,,,
AC3F24C1A3B3380469480D06A67C961C,SA9460100000782289648001,,,
3A76DC5E8F1B6D1B079F,,,,
A518E53F910A6ED311EBE84DFF7ED727,SA8805000010011876868547,,,
A5D07BB98C91C082355FFCDB1840B533,SA7193000030372884855000,,,
A5D421942B63DD73A09A28BAAD7A2F41,SA6710000026200001072310,,,
A5AB11447CC3F57A15998FFC5362508E,,,,
AC349FFAB9272C01ACC8F05E931252F2,SA5655000000038037800190,,,
A5BA4F01D107D41BDB2699E037CC0B32,,,,
ACDD41E7691B63931E57BAD8E3550EE1,SA6680000335608016057032,,,
A55EAA98A3D4E57B5735E2B0DE453FA7,SA0230100991109048644000,,,
A5258CC7FC8A7FFEF42006CF963157E7,,,,
A5118AAFBDD13A8331A746AEC6954D68,,,,
A58721FA0837AF82A76C33E75EA8565F,,,,
A53E038771FAB11AA345BC69551C21DE,,,,
A516BACC53782F8ECF9978B095518F74,,,,
AC4AC8F22F61ECE14567F0C4073EA7DA,SA4680000351608016526654,,,
AC50670E387157754D113C8D96E11945,,,,
ACDA92588B05ACC6734DCA2CFDFE5AC3,SA9380000867608015733223,,,
3AEA8AEBDE562D764CC8,SA7005000010011876847531,,,
A58C4161BFAC1256148D002E1D4EA8D6,SA6980201791252222121012,,,
ACC4AF90B21B9398EC3F713E975C842A,SA2630100991101854132616,,,
A5500475E04A1A292F3503E4E6EF535D,,,,
A5199C22C49384F14021812A78DB1EBF,SA6280208803012222121011,,,
AC8A08A1D9AE58A45621D84E113226B3,SA5580000218608010325239,,,
A5B5BD2AAE1AC169E1960AA19F9626C5,SA7130100974017260954225,,,
AC1ABED41377051FC36304AE029158A0,SA3580000867608018195545,,,
A5216D4D480743F458BF1CAAE797441E,SA3436036036051498528336,,,
A595F65CA5E81994DFF4AD8C61A8939A,,,,
A58C0A3424DE6DE18425E43B07154D01,,,,
A5CA6330C95C22A841A2E62B5C52E571,,,,
A55C22700FC4137435FA2205AA69EAA6,,,,
A5EA597A580BBF73D68BC2DC2C2F8952,,,,
A511A8A3A15707A7069A582CCFB53B2A,SA2920005298200000379764,,,
A5FE8A1242ED144A4E865FDD1A360965,,,,
3A35EB6781C2839D567B,,,,
A5B5DD763AE1B567897F816F7E144444,SA0293000031971656822000,,,
AC9B02751FC8C1246DDF30D4BE198232,,,,
3AB43D0C24D6403DCA16,SA0710000011100233219104,,,
A52EDBF990B7F0DC274B1C4A1B98E732,SA6493000086307575804000,,,
A5672C62F639A387AD2053847CFDED41,,,,
AC748803E10DF2451C54CF8AE7C8E6D5,SA7980208803682222121011,,,
A54D373313EF01723A5DCAA51B208748,SA5293000082520303873000,,,
A53F79D51C4939BB83EA94E278A98C60,SA5115134018967064021090,,,
A5DB55DE45ADB87A2B0F89C8D0BEBB8E,,,,
3A20D2D4359897DF8727,,,,
A5A696CD3458214645CB3AC92AB3365F,,,,
A5DA24CB441369ABCB7C41F146092ED5,SA3120000001512499699940,,,
A5BC592D3657D927AC829ED28CE2AE56,,,,
A5EE1C07506A86A8468F23AD13ABF8C6,SA8205000068207162803000,,,
A51CBE9818775359F7A6BD1B8E4CCD9B,,,,
A5D7834993745227BE82E1DAFFCF7A70,,,,
A5B1AA53483DE86D1CCCD429DDD2261E,,,,
A5F938EAE723C96FFBCF252BE4717F1F,,,,
A584083D5FE0B60BC9C0644FAA0E2B47,,,,
A5B2D48834CE8DB2C045AA8B35FEBF7C,,,,
3A26469CA0686EF9BE01,,,,
A58062AAE1614C916D3371B4DBE46FFE,SA6280208660131222121011,,,
A55214B077E1758C1E80DEBF5D8D283D,,,,
A571DB37EB9EA54633EDF41EDF96D744,SA1405000010011867028550,,,
A5728F06E81B20BCD1AE70C2BD5C609C,,,,
A5F4BAFFDF4A8D045AD60FDBCA6C529C,,,,
A5C7791C42661ACC587B0038A9E3656F,,,,
AC68CEED2871837BAC2E29401DCAC24D,SA0780000204608010711020,,,
AC0FAF26E14F6473975AF594940B20C7,,,,
A5393F7BB1566CAF2F42F4C9C86A0E5B,,,,
A530707936B02DB52FC5CD85F55B8DB9,,,,
A5BBE3FEEF03AD8420D45BF255F2CCA4,,,,
ACE6F4CC633AE07F7B7807E1FF6B1316,,,,
ACD684B68B2152DD025A9A46F20E092E,,,,
AC482E2B60309C61C3457D4BE6F940ED,SA7960100000682286967002,,,
AC5344226B0195D9EA0BB9868C802DDC,,,,
AC2206D7BC2449D7FD46F00E5213E182,SA3080000230608016049738,,,
AC7BB7E9A983CA466D02FE8CA50DE25D,SA8180202651433222121015,,,
AC5B569C1AB6D7841A53822E28C025D0,SA8510000011100212398008,,,
AC6E28FC39410E8D699632FD200E2C19,,,,
3AD0E35A8C0FF6633D70,,,,
3A61508071AA922CF86A,,,,
ACC3FDCEA876CCF5D770E82E1E1B1F41,,,,
A5447F534E3CA6435370419F54960084,,,,
A544492B791C9306B9C740AE3EB3538E,,,,
AC51780B39B80888196F3B6F66D835C5,,,,
A5636716A7A8DB277A5006558E4AB661,,,,
A522ED013767F88707284C1F4CE804E5,SA3393000029837901321000,,,
A5A1535CCFCD958151925C6FA25CF0BD,SA1830100974017260758269,,,
A5762D6725F0186A84051D1186977FF1,SA5160100000682290589001,,,
A5D3F374436E86FCD7CA230CCF2ED9AC,,,,
AC4F3726ABD2EB3BBAE0F91E84AB4939,SA4280000333608010463477,,,
ACF02D3101B0C28AF3D12440A16510AD,,,,
AC38532472B6C1D95A58BFCDAFFD4BC7,SA5210000011100173876507,,,
ACC87B96D1A672174B56A152F6CB56E5,,,,
ACAD052BCECF0896F0D8FB302CCC5755,,,,
ACDD45D0B9B1E3778EC97D927C3FEAF7,,,,
AC9EBA4D1F3782E5CD8CCB045DC7F7AE,,,,
ACEC1EECB2F8F2BCC149DEAFAEDCBE0F,,,,
AC914D9F91F6F1A7A3006DF493CA6A0E,SA7960100001694039314001,,,
A574737E641C7B9DB6EBCB7D7BBF1CFF,SA4936036036006169518691,,,
A55B6E3FDFAFA9DB41ECDDBE9247458C,,,,
A5A83F4701C776A0429F8A6B8FC42DA2,,,,
A58019D5321E6F1E6B11014CF00FF480,SA6736036036061183471693,,,
3A7FADC75C417317B792,SA6736036036061183471693,,,
A51ABC98D8D20407D6FBAB6EA308CAED,,,,
3AED2FC739D538290F51,SA4578000000001289396647,,,
AC1D6EA009911BB634A2655B9A578DC1,,,,
A5E02D62C9FD3B438442785046679F4D,,,,
AC3418C844B78373BED3C370506906D6,SA3580208803514222121016,,,
A5F9B20561EF91DC8A924C63BA8DEDE2,SA7360100001482290665001,,,
ACA535B0912BB0677A78ADBFA71D68F5,SA6380000477608010383440,,,
ACDB2147FD787920B83575E95376A4C2,,,,
AC0B73EEB882C35E111CC02AC9D9E705,,,,
ACF0F3D9ACDD5C9715569A2CB34DEB91,SA7960100001694039314001,,,
A55246993993402ED84DA430B3F1F2F0,,,,
A5957335BFFC56AC50D3B2A01CC932B3,,,,
A56B491B23A3221ED915821DB7A21E4B,,,,
A56FFAC5F44EA7D2D0B907A76300BD98,SA0915134018962005660414,,,
A5B9C06AF61530ADE78E07B153D642E9,,,,
AC0CBB3575638506B16E53247C768D9F,SA0310000011100097295307,,,
A51C26A07B4427B0E7CD85904CFA778F,,,,
A5A0313542CD550B14AE90E20FFFBF85,,,,
AC814282C082D371842F0F4E9A05D903,SA6636036036055444396095,,,
A5089BB3065FE5D819AA171201FEF87A,,,,
A5549C6BB5E8F5B59505E0DA2BCB221C,SA4880205927657222121010,,,
A521F2AF2437A30AF580472ED60BE01D,SA5530100991109288092784,,,
A5DD1FF0F70D1CEA578C46F05756A9D1,,,,
AC5955962DA191AC4494CBA8DD5BDD2D,SA8930400108039196350010,,,
AC1DA4E528C7F9CAC71BAD5BD16B9B8B,SA8930400108039196350010,,,
AC5F54A981569817D77B0DFDF25E5748,SA2193000091860618502000,,,
A586C16C4A1F15605E7DC9143D74A142,,,,
A50DDC83D74F508EF72B5DC53A16AA49,SA7080000856608015635441|SA3380000209608010973948|SA9180000866608014142121|SA3480208753471222121019|SA5180000865608012524446|SA8280000856608010134549|SA1880000209608010913399|SA2580000433608016018241|SA0480000857608015022763|SA5480000221608016189436,,,
A578FB6F35F84E0180761B03074E5713,SA5905012000000111506714|SA6205000068207138759000,,,
A54916E45FE3427CAB32B5584FA448B3,SA3010000049400000545106,,,
A5F49710581883A71659DA06C6A13980,SA4830100991101995819247|SA0730100974017253706082|SA5430100991107212254293|SA9830100991100411492903|SA9530100991105007053227,,,
A59EE6F69923C879404C427B273C926D,,,,
ACE3205FA3624735A9AEEF4929EA8E8D,SA0730400108039195400013,,,
ACFC71F635B752DC07C10DC5C214CB36,SA7960100001694039314001,,,
A53E8E7B9053DE71FCD2C2F45F37028D,,,,
A5B6B58A33A83ED9568B3DBAB1AF9F4E,,,,
ACD9075E9ADE9BD29C81C6D0088BC28C,,,,
AC44415293ACD79A07CBF2A056B3B7DF,SA2220005298200000379696,,,
A52015CDFD9C64B2A2DBFE9BE78C4E4B,,,,
3A76B3A0B5BC782CC1CC,SA1980000166608016056434,,,
ACDE45D0FCFECBD2539235264D86CE0F,,,,
A5B097A50D83AF6334348BE4C0E46A79,SA8405000010011880212500,,,
A59CA60AF9003D3BE03AAAEE7C5C47E6,SA2220005298200000379696,,,
3AFBE87A1DFCBEC71E2D,SA4580000867608012889077,,,
A59393476FC787DC5E28B06B292BE699,,,,
3AFD2303227C1AD542D2,SA9680000584608016190997,,,
A5426C9A9E641BE38DCEA413EA4C2746,SA1830100991104105830620,,,
A56F290C63AA5A34D50220D9624DF178,,,,
A5E32DA38C7EF898A9BE3E4265E3760A,SA2680203868099222121011,,,
A59E55115041B1B243B6E404CEBD70AF,SA0915134018962005660414,,,
A58C5DAD9097B658A0F1E7617381B701,,,,
3AB560E4ADBFA510A1AA,,,,
AC329786901C0B889E7D3B3B1D322541,SA1810000046250578000108,,,
ACFFAFC0EEDA41E5E0391AD6CC47D80C,,,,
ACA7A03C188FD80697435FC5A25077C8,,,,
3A5AD41A8C6ED6EB5BF5,SA7305000010011878686500,,,
3A79BB1ADB6DA84EB282,SA6320000001032313169940,,,
3A8821AA2D252AD7720E,,,,
3AA84CE1053B745CBF48,,,,
3A26046C48605815D8E1,,,,
A5434DCB8D9E30A39F4D33A1B018666B,,,,
3A7E77D16ED29AA8986B,SA3880000197608010079245,,,
3A3516E7896AC8799B0F,,,,
A5E9A301CBCB59DC8F9F5F0D1F07DD5A,SA4080208807283222121014,,,
A5153F7699FA0272EE876153915B23C3,,,,
A544F054B372F1F0B507FB394DF27422,,,,
3A00618E9106D0237156,,,,
A574731B9C90471155E4F0450E41A8A8,,,,
A5BD2DEBB6E8045EB74C24369E6F380D,SA1405000010011878314500,,,
A5304776CB03B8CE56F24675DE554069,,,,
AC08B7F38A90118A41196ED2839A2BC5,,,,
A5086F348DBB2A7132BE323F9BF21ABD,SA0280000205608010055534,,,
A5C7DC72C0C7C93E9447F15646F4D48F,SA4080000867608018890848,,,
A5B0E24AFC10D2B65CA798D2D0CD127F,SA4280000475608010130942,,,
A555BD3009A4871581FC949A1C29BAE3,SA0610000011100356616605,,,
A58F0BE4D9AE2D0B01E46A033467315C,,,,
A576B2A5DE79F79C0F158BC2E63F426F,,,,
A549497766533A4E674F2C5136585926,,,,
A5A6484DB4768BB34CB3225BA1915A93,,,,
A55C42D2101C97DB62DD6DBBE70E9CA2,,,,
A5BBDEDCC8082C899B3D63001A7BDC6E,,,,
A51AB49FE227614E479FB261D4F408B1,,,,
A541FE4835FF51D8FA5FFFC22C8AA8C4,,,,
A548FBFD1D0C6FBA75D3D326DF642365,SA1330100991103057592547,,,
A567C150F34C1CFC33DA23A024F68343,,,,
A50BA111A6D6D02F4579AFA79B56CBC3,,,,
AC209E3705322BC2FB0B2658117A0A34,SA1430100675020233580015,,,
AC7510FF0937DD6AB797D1F7277CAFA2,,,,
3ACAE1B62E3EB1C9DE4F,SA6320000001032313169940,,,
3A68430DA2D454C232F5,SA9030100974017261716206,,,
A51FE96A667B7FA076D9BD45583FB06B,SA1960100000782129740001,,,
A5E2525BB08670DBEDFEEEF2CB60EB05,SA9460100000682136857001,,,
A5ADC1D55F97F2556D60452A83F875AF,SA5560100000782134452001,,,
A5B39937CB668B0B200D678B2C27115B,SA3715000900145364120005,,,
A50508463B0BA47868DD32AD45343469,SA5560100000782134452001,,,
AC2F2633A631252D8DBD9AEB9CC8320E,SA9030100974017261716206,,,
A50B33C5C406A0EB467E24F376FD0993,,,,
A5E33434BA9068C3CE192602F2CE5417,,,,
ACF82C44CF6DE7540F323717B81700F2,SA6320000001032313169940,,,
ACCC55A395D21B64F1B0F73C90EF98D8,,,,
AC7A5CF6E38613253E9490A58FA2BB4C,SA7520005298200000379809,,,
ACF14E458016746B12C884A664F48FD9,,,,
AC8C4E7ED7FE04EDD401F586463F47D4,SA6980000165608016429616,,,
AC2BC64815D80D1D174B1FE19B6B0D2C,,,,
ACF8EE963C3318378508058077418CBB,SA3293000054707835907000,,,
AC2B6D8D821AF0BD001C5A0E059D1B4E,,,,
AC3F84699D0282355A5DFB6E1F5B0792,SA4680206028167222121016,,,
AC339901A82597D562BCE7C680A073EE,,,,
ACFCFCD3AB16A09AC617232DEE5B37C2,,,,
AC8C0C4137694013E7C95D3047C209C2,SA9060100000682285541001,,,
AC851D86935BA6FFFA699A59C2245CF7,,,,
AC32E61A899F5AE14F0010FC11D6F41D,,,,
AC739B1A77B0D5CF81F2297F50FDD303,SA2836036036083303942627,,,
AC5B086959D93790E49BD1A128CB2A68,SA1880201032816222121013,,,
ACA3F936E79F9EB884152C49506A233D,,,,
ACE1C015AD9B2D4382EB96BCF3F4C8CA,,,,
AC472757C0C09430AF488662BC3CE580,SA2815134018967596315406,,,
AC25C47D320BEA52EB27BF192417EE6D,,,,
AC99E107A039C06F3609F10BD8EE8B8C,SA2220005298200000379696,,,
AC7B5C900A4E3269BF0AF823E20167BE,,,,
AC25CBF085FC601DDBAD89BED8E4CE61,SA4578000000001289171898,,,
AC4B8AF98BE919BE25F5133AE7D8CEF7,,,,
AC98D0855AF1A01015C7B81AA31C661D,SA6436036036030324267234,,,
AC9FA61FED23EE1F75DBA74215A070DA,,,,
AC331EDBD3B5017A88DB15CA4E26641C,,,,
AC26B9E08D51308408542BA2739E6F52,,,,
3AB5524C908D875DDF39,SA9580000858608019223697,,,
AC3C0BD9F5600904C2ACA985D526AFA8,SA3215000677146700770002,,,
ACF6722F2A49112DA5C651F453204771,SA8880000412608016510044,,,
AC455D62B6C55E722C2CCDA1841D9A7E,,,,
3A4287B6F954BF02D0DF,,,,
AC171282465F0F9464A0748BFA7126EB,SA0680208800200222121015,,,
ACA2C605F12EFA3D2D6D0D85562D27FE,,,,
ACA55FC70E3281842E3810F828C9A9CD,SA8836036036083303942627,,,
AC6C12326607EA2A91CEA6DA63A936D1,,,,
3A04383EB18142C39C96,SA4680206028167222121016,,,
ACE4B532757035576D7D4FBB48E6D891,SA5193000025019854119000,,,
AC8620D4AE0B7A75772DA8844E0C0817,,,,
A51A1EB1EFFD68DDF017F06EF1212260,SA2180206950459222121019,,,
AC079B6DF8D8BCBEE033B81B5D0BDE3D,SA1880201032816222121013,,,
AC3342679AC753E529D963529580F75A,,,,
AC6C027675B3B0F54A12D85487188A9C,SA9060100000682285541001,,,
AC6D2E8C0463DD260B2794CD6C8BF193,,,,
ACFE9B0DB3885DD540816802C74BC869,SA8536036036035403890591,,,
AC82BD6F893CDD30CD3F2278C8F90418,,,,
AC62C346C7E8AB805E22FD60A3BCBCE3,,,,
AC0646594005363FC574546DE9C15EDE,,,,
3A503C0FFAA45C51E5FB,SA8880000412608016510044,,,
ACBAE3A864110F4E788EF611F251A30C,,,,
A513BF29C7EA85C2FCD156089B36B9E9,,,,
AC86839F9BB7F81A1A11B58EC1DD1FDE,SA1480000867608018182246,,,
A5A287DCACC476A0371D005D974BEE66,,,,
A534C4936E07C6B393B56B86CF4EC185,,,,
A5592F8FAD9929DEB8F59F5E40567CD2,,,,
A56761A976F78B800BCA3C93A8566719,,,,
3AEB85DE51A3700C69D0,,,,
A55976691A037DB73C4B8DAFA65DBDFF,,,,
A5B5DEC0786C1967D943D14A072BEFEF,,,,
ACC0495D15F75B0E9A8299B5E87002B6,SA5736036036026239898448,,,
AC682D66A95B63A74AFC57459698884C,,,,
ACDE8D78D741C8F29B204F32BC5584DF,SA6193000084098211326000,,,
AC43610000893ECA3B59E1563CE39C03,,,,
AC82BD2E6DED73F3F989A8A6F651CD17,,,,
AC4A35C6FFF062C8BBEE0330D53A5E85,SA0960100000682291235001,,,
3AC3614DF3F59E9750FB,,,,
ACA62DD8E86CC48F4D9D1BF07B73FEEC,,,,
ACCE342FDE1D8D86FB248D3B5A674364,,,,
3AF73B52C4D716888D84,,,,
3A8E02172777E34F7B72,,,,
3A608C81A98143156D82,,,,
A565F559F61B7BFAA99C3ED847381FE3,,,,
A5181CC2113B1D7AD4EC8A68CCFF5121,SA3515134018963854633497,,,
A5C9345BF0FDFC0F81303C1CF6471916,,,,
A5F894BBADDF4FBCA6BBA53DF56657E7,SA9560100000681903649001,,,
A5A0512C8170444584C9A24451604474,SA4720005298200000379828,,,
AC4E36957C615A700BCA1A2F444A0FF5,SA4405000068207231269000,,,
A557D196E5A9ED907DC8DF4E35877891,SA8105000068207075232000,,,
ACC5A485414C3AE1B30431A312789605,,,,
3ADB39740B33920582C7,SA6693000098387135920000,,,
3AE7A57C2C6D88A7A27D,,,,
A597F7AC41F1DD0874C86E18DBC56E96,,,,
AC5BB683CBED28CC3B0095C478FD2D2B,SA5820000003406372749940,,,
AC4BE901573E5402D73A7272611821B8,,,,
A5899871C5733D278DD769BFA003DB52,,,,
AC25CC1B9E4D6B8A7E13ECB8F214E28D,SA3580000867608018195545,,,
3AEF8A304158B90A1686,,,,
ACD05E08D5303F8B0E02F778C6468AFF,SA0915134018962005660414|SA8405000010011880212500|SA4578000000001289396647|SA6736036036061183471693,,,
AC318C0B5B182E44F21FA5EF07CACAF2,SA0680205081785222121011,,,
A5922035EE0ADD1FEF0F102EB2214E0D,SA4593000031921531212000,,,
3A89D28C677E0126BAF9,SA3580000867608018195545,,,
AC90B3F768DA63A2437DB4A5667A7399,,,,
AC7243CF623C93E63439BCE05240186C,SA8305000068200262633001,,,
AC38F609C521A1D98DFA59BB14FAE6B6,SA2560100000782291416001,,,
3A441CAB1EEAF2FEB978,,,,
ACBB9EE200CA23EB2336924609F1C5BE,,,,
A5E3D548C6A6404B3FF96888CE541253,,,,
AC668A206D1B8D53284B8947EC4AC8C8,,,,
AC69DA2E9BB9CB75A848C34AE5E95301,,,,
3A6A1C4C23FB8E50C177,,,,
3A02ECF2A953A8276E88,SA9805000068207194008000,,,
3A54870A91D021046B6D,SA4378000000001155958827,,,
ACDEA1442976015D221605B6A94ADDC6,,,,
3A060844D1A7DBE720BD,SA8380000866608017745912,,,
3AE942989203E112DB9C,SA7510000062300176991501,,,
3A0D2BE62BA86419EE7D,SA7836036036080644507581,,,
3A2462CFD6738743A205,,,,
3A921792B6BFAB105BFB,,,,
3AEB16438133F264C586,SA4880201248682222121019,,,
A517000397BF13F5E553D93EA07A827D,SA7745000000611114331001,,,
3A3E263C938B8D73D5EE,,,,
3A83F53CED9837315753,,,,
ACFC8CACD943A09CAD6EDA62EEA45881,,,,
A55F09F4B9CD76FB061F19BE7F1F4CEA,,,10555176,134
A5022BDB2BC455813C0583AECBC5D5F6,,,10555177,134
A59A9FCA225626B0D5A0808148E820DF,,,10555174,134
A58A076FF9DC515B997D0F1A07793CC4,,,10553193,134
A56E3178B72352FF622BD020ACCAC9A0,,,10555176,134
A514FF21B399369408037314D394AF6F,,,10555177,134
A5C4A70ACF163A339C6D5CF9EED84319,,,,
A547D20B2F7C8EFD94AC6EE162DBE2B8,SA3780000379608016350913,,,
A5DCDF4F779DAA83C0F67D901EC53A7B,SA8480000867608012588257,,,
A5AD9B48095FB21615F342244521F7FD,SA0980000640608018543468,,,
A5FE9AFE54093A405A2FA08628C746D6,SA2820000001524364799940,,,
A5715E90BD87F1E763A80357746A1770,SA8080000865608018565278,,,
A53FA3440ACBA95E8533092098E1B84A,SA8780000859608010287666,,,
A55439E847ADC33ADFE621578A2DDF67,SA4280000475608010130942,,,
A55C5603674DCBB65EA4187A8355256C,SA7880000502608016156039,,,
A5B3F7919D81A3DBCD9AFC022347A085,SA8610000018500001196610,,,
AC6936DCB7646CD2C6CE6C970CC6A180,SA2336036036029662254903,,,
3A69CD037D949269B9DC,,,,
ACFADB309314F037A8F01CA8EECEA8E6,,,,
ACFF45B6BAE2B46C6134A5DB8AC3FE82,SA3030100991104818749655,,,
AC01C526F3CCF7A4E40875D47D328BD5,,,,
AC6A4094236CC4C86C907D7AD1622B0C,SA3780000337608010597809,,,
ACCC22CAAD80DDCBEABCF3BE6C6C1432,,,,
3A5DB746FF66B892B942,SA3030100991104818749655,,,
ACD24F3A213EFEB2C97008A9EDA6C61C,SA5705000068204947574001,,,
3AF7B1A75A63FB486D90,SA5820005298200000379824,,,
A5D6C58D8C44EC7CF7FE90901C24FAA0,,,,
AC97B502900481B7AB03AB1F67E4464B,SA5820005298200000379824,,,
A592E5EB2B63A6D76217D2E33C968002,SA7880000867608018962720,,,
AC4B22DD0D8D0D99D322A8DC070603A0,,,,
A506CABE5889CC0C6738895D0B01CF31,SA4736036036029243344257,,,
AC8A6E1382739984E0340689C036FC63,,,,
AC26F5A23BE2F527CEA244E2676C6A7F,,,,
A5A3E961CF58AD7621CE86B031EF83D0,,,,
3A66D345C9C04C56D422,,,,
ACCD301FF9709E7F1906E0AA9FA8BDDA,SA6893000010572702006000,,,
AC78368C15ACB24799819A38AD21EA92,,,,
AC100A7AF67C535C708D0CB0472B9FF8,SA7810000001400034740500,,,
ACF7868A20ECA33D92296E35C5242941,,,,
AC13B50A0050E98CFC4C2CEAFED4EE1A,,,,
AC1A7040BAF53CF7B2B4428F4125F2D1,SA0830400108039206160011,,,
3A3FE5954C6C7CDB4AA1,SA0830400108039206160011,,,
3AB0760ECC68ED773077,SA0593000091298882704000,,,
3A1D5D034F0F4CD67151,,,,
AC80C03C33F994B3EECC2AC9D82A26F3,,,,
AC332CD1C980F68674CD4A96C911D3AC,SA5936036036027604719937,,,
3A8DC1D64833090BE305,SA5936036036027604719937,,,
AC48E61118789611FEDA30E9EA9426FC,,,,
AC21BC1FB38328F18DEEBD92E5C29F64,SA6460100013081440944001,,,
ACC84CCF2B023D026AC9ACD9D138D4B2,SA1815000675146766690002,,,
AC1E3ACCA34A95EB747F02AD07288FC4,SA8980208783321222121010,,,
3AE3FF7F1356C58468B0,,,,
A585DFD7A7E0D45B20750771DB7A2A99,SA0830100880220005526937,,,
A5D2393B1AE9C48E109797BAE9900AE5,,,,
A595D2C5C97CAE5D2560DC32BE9FB1D5,,,,
ACB9FF45A5C75887FC45B237548E2ACE,SA5020000002385762189940,,,
AC1ABEE023900AE4CE74CCF35F45044E,,,,
ACB0B392AAA9C08ED24BBE8BE2BD9C1D,SA4578000000001289416532,,,
AC569DDC1AC61FAEEA661A8E3DEA6C0A,,,,
ACB809EF703F29A4B19360F0F2FE86F2,SA5410000027700000324502,,,
AC77457DFBF1611E542FD17BF20E11CB,,,,
AC72A4F571B9F94410A2E3452DE1C5FA,SA6278000000001145217772,,,
ACEE2BED2EE44B8CEB403FBB49A133DA,,,,
AC3FA27171C8715E9B48CC78153D43E6,SA4805000010011882193500,,,
ACEFE1CE6AF77D462623548BE4651794,,,,
A5D330CD1483AFF264352AAA3125F9C6,SA4205000068205919578000,,,
A50CAD06A16A8E826FD2BBED3A684E93,SA1236036036003768858694,,,
ACD8439D7F7C15C4B70EC22536B85079,SA7836036036080644507581,,,
AC33556AB5BF57809D90C5B3FF836786,SA6580208812736222121014,,,
AC052FFAB1C89DEA1C480AED85830AD5,SA1680000867608018624239,,,
ACEDBF3619C801CD4843168F40B65AF4,SA0536036036099407672467,,,
A553AD750DA83A7F76DCB2088E24FBDA,SA0536036036099407672467,,,
3A9032CDF1FBACC3880B,,,,
3A82C2DEBD70535495C2,,,,
A52FAD2F9608A5711CB84CF4A3ADF995,SA5720005298200000379842,,,
A547224BBBAE20EE7FAFD6DA83221626,,,,
A533F6D621E113966D3AE94F8D3DFF15,,,,
A516BDB49F5EFAB8E517987880CE9621,SA8593000053567474620000,,,
A5057C630B86CEF4916A4AE4FD90273D,,,,
3A5B7981039C932EE889,SA5655000000087267200129,,,
AC512FDF8AA5F7FD66CA4D777D8DC512,,,,
3A7B72E03B04DC25E09B,SA7430100974017262202658,,,
3A30449F870523DCAB1B,SA1330100991105724736654,,,
3AEE43F7C71C84B10C13,,,,
ACD90EAAE27130DC3C0C9B4A73217B92,,,,
3A985D76F691D8D45219,,,,
AC61DFCA64685B2B681118144BD7BFC2,SA8405000010011880212500,,,
AC1C54C8EA231235454FAD33E681266D,SA8405000010011880212500,,,
ACAB515F4916D8A3FC782479EEAD895A,,,,
3A1EA0A2748C12715B3B,SA7493000027206149560000,,,
3A47C8F16021D0604170,,,,
AC953665653D7793FD3A0945AF27CB96,SA7860100000782291811001,,,
AC821094C166CEECDB1CF16C836DBE80,,,,
A5BF514C73D1DE1A3703100B69FFFE3C,SA4336036036081310859217,,,
A5454F315014C40883D2319FB59BD715,SA5830100974017262204498,,,
3A3E371574E0FBD896D0,SA1180000225608016161977,,,
AC56382CBB4023700917EA51C4FBB862,SA9278000000001173015298,,,
AC5F23B6323C64D9A02CBA1632B90387,,,,
AC5AA9C3317492F15A0582FC64F5D673,SA4680000316608016089285,,,
AC6B6C5589208A7421482BD40AF5AB07,SA1320005298200000379858,,,
ACDDBB6320B0DDB63114B87B3AD1B5BE,,,,
A544A126AE27306F944D2BAADF10DF51,SA7036036036098370762055,,,
AC847954E063D182210DF39BF9459CAF,SA5530100991109288092784,,,
AC1E79EF8750C349D36EDA0CF61B73D2,,,,
AC57FE76462E8F753CB30AD887CFCFA9,,,,
ACFFF713C062FAD23E0779AEB49790D4,,,,
AC5CFEB5B4FF43E13BDA28B9E1F40196,,,,
AC998D27F5AB6342C56D6B2D9CEF54AE,,,,
AC8083AEFEFC0A21E69813A58C1A113A,SA8980208783321222121010,,,
AC3CBCDBE9E4CA89805C1CE4AAB3967B,SA4580000548608016174509,,,
3A6F36900BCA764D7B23,SA7036036036098370762055,,,
3A1F7E11FA8DD9B7A1D2,,,,
ACA24B2E839E9B7A08296E3EE7889115,,,,
AC935AAAD3D2D3F45C645C0196BD1E75,SA3193000071638011160000,,,
AC674D19D6F647B23A82B08E5B07EC0B,,,,
AC9B3AE888CAC3F93BB97FC6135F5F43,SA6560100000782291780001,,,
AC3FB740BE8F377BE6ADF8E4C34E17E6,,,,
AC888B9EF5C570167893FECA38BC0ABC,SA0405000010011881618500,,,
AC1A8D1903B89E0F5B5EB9A93E609F1B,,,,
AC28E144B51C42B427607DA186237771,,,,
ACAE205F7D59331037C3D220DF3D83C6,,,,
A5C814AF1AA4F5244FCCF86B4BBC741C,SA3430100974017224874480,,,
3AD5D1E979646B1CF984,SA1230100974017261639040,,,
AC2C729AFDCFBCD21D4D722D8DA2EF76,SA2530100991106980614935,,,
AC4D976FE26717361090F1FF34A8364E,,,,
ACC4E5CD3D3A25D9E8B49DD11F39EE87,SA8360100000682291695001,,,
ACACFFFE1FC41331351B38E3212C4E63,,,,
3A865358494BAE307778,,,,
3A32A3541779E60C1F2A,,,,
3A0B71C9904322E38C45,SA1330100991105724736654,,,
3A6885EE0C5203C1D0D6,,,,
3A3145BA92A10A167741,,,,
A5CFD1445B1E09556545B57CE475E971,,,,
3A6C6D411C2D49D435FE,,,,
3A9FDFBEA1262F4A4C78,,,,
3A2F5AC8418B284051FC,,,,
3A434F4225BDC35C8EEB,,,,
3A44E48DF9AAD2EFDE09,SA0830100880220005526937,,,
AC2A6E269FA1A204104BFD6FEBF28745,,,,
A5AA974E3E2DFE78EAB09D969DB59262,,,,
ACCB0CB5579DAB07D05328276CF15706,,,,
ACCD476C86E50B08632B4C502E9157CF,,,,
3A36153ECAE752C75652,,,,
ACE933E4E87BF4396658BE00F5C39B30,SA1980000598608016573378,,,
A52B5F359C316425DA22837BDECCD32D,SA1130100947001300035395,,,
A5A6F3D02D5A874DFAA757614F7284D6,,,,
A5B6A61C05FFD5BF00E85BD92DF25C17,,,,
3A739FF49510E312F0FA,,,,
3AEB44FBF5CFB947A0D4,SA7236036036045995772651,,,
A554634E1958BFD3818BC0E68C0EF245,SA8980208783321222121010,,,
A5CA4E99E9F9E9F5CAD95B745A1DE55A,,,,
3A146E51908A69FB25AB,SA1080000165608010021500,,,
AC0758DB7E3087575445517352C0F4C9,SA5315000007780270330003,,,
AC7E331DEDCEF82D6191B5B9326C794E,,,,
AC7CE45AFC7BEC00954AB7D220A0D279,SA7130400108039207590015,,,
AC12FD5339A03F590B77649331DDB48E,SA7330100974017262047088,,,
3AFC3D064543D3889779,SA2820005298200000379879,,,
AC021F335F0CE1B0AC03ED5E36ABDB27,,,,
3A26AC3E1C5602EECBD6,SA5480208814522222121016,,,
3A1B02865BEAEC45EE7C,,,,
A5DC33C78576360887B7B76BE0A2254C,SA1330100991105724736654,,,
A5431A5514C6A75BE134E26629F6E9E4,,,,
A55847B2B0CA92D3D7EB264E2D5F8CB4,,,,
3AF948F2E61F577CBC72,SA4593000075901135272000,,,
3A4DA47522B8A55DA3B3,SA5110000062300165226609,,,
3A1AFF6CB06E375F1EE8,,,,
ACA96C2519E4CE066C2C0718D3F9242A,SA3436036036062357171123,,,
3AD0B7FB4221019F1044,,,,
ACC2987C25B4B095743EACE0CD113E68,SA8130100974017263143820,,,
3AC3EB5AB60883158FCA,SA5020000002385762189940,,,
A5AB2BED9C66682E9FF005520880468C,,,,
A564ACA79FAB1910CFC4A665EFE440C8,SA0880000865608012263029,,,
A5892BBE16C4FA66F23FA837AAC7AC21,SA3330100991106767157561,,,
A562961DAB46C9BF5434F5197A83EC97,,,,
A5E2F8F4263B54B9C02C8524D2657CB8,,,,
A5EBF7E9ED0BE898FA9E77D025406AE0,SA0210000001400035106006,,,
A5C131501D9596E76D3348BF104C3A10,,,,
3AA6AAC16CC3A074C8F4,SA7960100000682292260001,,,
3A880CAB2F0AE9F62F19,SA8130100974017263143820,,,
A55C1E79C3132A8595BD65149DDE7606,SA5615000900146727340009,,,
ACC19795975D2C41D81BE4A76752C5B7,SA5015134018968678105182,,,
ACCD04361AFF442003B8FD94EC8C3A20,,,,
A553C6C9A001C73B34E5F45DAF9AC9E7,,,,
A578BE4A0C45F97D195FB2AFF7B3DCDD,,,,
AC0E571B1434546F3FB5ED875C337FD5,SA0836036036024781995538,,,
ACAEA34C27ECC547D4A1EB81761C00AE,SA4880205897019222121019,,,
ACF87A27DF7BD40E917D8BB806AB39D8,SA5460100000782292194001,,,
AC13CC4BC37EBEE30E1E2A133FA1B1A8,,,,
AC27289AA88AC914DB942481EAB240E4,,,,
AC4C1CCB854DFCE3C3C199B2C686A4A6,,,,
3ADF82DFFE7235FBFA24,,,,
3ABD6FBF62237403ED79,,,,
AC832C279EDD2407AEE0DCF05EF573DD,SA6510000012470293000110,,,
ACFE4FB1BAA4B5231880EC5B9EB60D4D,SA9193000060155496056000,,,
ACF1B63699FD3F5DFF4E3987EA163312,,,,
3A21ECC6A8D1224BCDCE,,,,
AC162AB191B898F39C3E50A8810C8726,SA4480000866608016342539,,,
ACB205829ABCE58F2A7E73D868E0E22E,SA6330400108039217020014,,,
AC17AE0F71F9564DE8D4AD589CE009DD,SA6330400108039217020014,,,
A5A196CAE4CDE89D92998277A24E88B5,,,,
AC846D9723916B3B9699435D14F44582,SA7030400108091261890029,,,
A59FA051E5E3C7B93860E26B6D75D7D1,,,,
3A66E333A24E9A32EB2F,SA1230100974017261639040,,,
ACF177D63C698E1226D4F6F504C9644F,,,,
3AACB438D947138A70EB,,,,
ACF5E37C1CD8FDC36A53BA08EBF0ED65,SA4980000130608016439195,,,
AC65458429C4717F095CA9B80CFAC5FE,,,,
ACA1B0705C04F11D8D1EED607C10361D,SA6393000003474511788000,,,
AC52DC08B2D4D658AB7F8C386F469A9D,,,,
3A5DFC30EF1D70C3B12C,,,,
ACB6ADCFF95A9015AD161E30034A881E,SA1636036036025734102871,,,
ACE3FBFF6D2B07856CB0B948BA2A5D34,SA0620005298200000379887,,,
ACA389421A1E3D8BC078F983353FDB51,,,,
ACD1FBD900AA9A0AB061F998E897DF6D,SA1315134018966215356649,,,
ACCAA67E34B0DE14D3B3D4BB54573E36,,,,
ACCE010842491EFE680B52F6726A7D29,SA9360100000682292271001,,,
ACCBA5B664D6996FF16E525499DBA76E,,,,
A58935ED473E2FB409106B3AA11247A6,,,,
ACC39949BD49AE68C71445F1720F51DA,SA2960100001882278708001,,,
AC9BD7C2689074A4855BE412A5611411,,,,
ACA339FA989C7D9760D5B3BA43D8B290,,,,
AC7651AAE4A9AA21735875E614D25567,SA6793000049629980073000,,,
A52A0BEC2FBDFFD062C2711E6B3D9C64,,,,
AC504F4453B8A2BC0CBC212F59E7B635,,,,
ACE0AEC379FE67BF71692BA0000CA3C7,,,,
ACD89751A3481E7549CF8B9FB7E3658F,SA8580000001608016012474,,,
A511A89E760FD6C5851F12968260A005,,,,
A5115FF9032245C027FAAF78D3364384,,,10552225,134
A57955069EE5B870F14C3F635B71E254,,,10552227,134
A5A61FFC63C2086304A55D40231A6173,,,10553241,134
A5633B98C474E560D8EA1105DEA43B23,,,,
AC150EE551FE9ADA604AA59B87122BD1,SA4420005298200000379882,,,
AC9E9FC70AF71C59519F6FB2DEDB6EAC,,,,
A5344CD2D62A6CCAC471432B9D697303,,,,
A5D5EBB089FBF03458AC9B88E6ADA9AA,,,,
A5BED410BB7D5DF01858204B4A47D9E7,,,,
A5353B61B8CFD012000F4971802E3FEC,,,,
ACB5ED13BA1E9BDA102B4507C1ECFDFC,SA2636036036056644960286,,,
ACEDCD0D7A72C29CB0DF804F17174E85,SA5780205259168222121016,,,
ACE3671F0C9A1515BB0F2FD9E02FDD33,,,,
AC0FE299BD0DC8853AD566CD48133E94,,,,
AC9BEF2019A3DDD677FCA9E38E84E19C,SA4680206028167222121016,,,
A525E5BBB0F05F7C2F7D3450F65A48CF,,,,
A53CF5404088D62CF2740C5371BA2F8F,,,,
A5BF041DEAC4AA68631BBB6C34714757,,,,
A51B5266FBBD8480B8343713CD59B09F,,,,
ACB2CB6D7A9CAA4278F6E1B1807CFC32,SA9810000044900000314605,,,
AC86C498E3A14A5D21CFC1DEB30F0BE1,,,,
3A4C269C058750F2CC64,SA6193000059421468556000,,,
3A837FA3BC03AFEEAA9A,SA8415000900140344940004,,,
3A20197CC6AE9FA830E9,SA2636036036056644960286,,,
A50301FA64D3F5005313341F93C2C162,,,,
AC5CBB1AB8E773B3FEC54192DE3773A5,,,,
A5811BFE35B8901494F7A1642B38C3CB,,,,
A55238CC055821DA74C4A0DEA4F3E437,,,,
A544E2BC55C746EC24C3E29AFC895B6A,,,,
A599EED2C6CFAAAF3C9584D15CF4D11B,,,,
3A8FF03BE9BFCE4FAFF0,,,,
AC373A9BC63A592F458B0EC187B13EBC,SA2080000316608016428186,,,
A5BB1B0891A8BC669CF82BF192F00405,,,,
A5CB915A41017F7AFE097A4494302A43,,,,
A523ACA9EA579D88D8C5597F845DA7DD,,,,
A56E0C977D2D59906D9D8170CC3A6893,,,,
3A489F578A82198917F9,SA8180000857608019938501,,,
A5C8638A828A49292A5F6731C1AA6453,,,,
A5035ED0FA486114014C7D42E8EA5841,SA3480000507608010942249,,,
A5DBCC11D58271E7DD7DD6D0F8B32305,SA0980000640608018543468,,,
A509180112192658020779164A20925D,SA2410000065500014457410,,,
A51C182EEAE35DF3F2B5325DDC99737F,SA4280000858608016362472,,,
A5CB97F8684EE37E7E073565E9207B2A,,,,
A5BFB0C85E956FF4D79F24D048A186F9,,,,
3A62537E5B079E65840B,SA1510000065500014889707,,,
3ADB8E402800FE747D0D,,,,
3A1339D605DD4D0E110D,SA5320000009320740269940,,,
A59CD5BD0FFDE1D64AC48933BD0D9301,SA2293000000479079642000,,,
A51D4DBFA5823ABC4AD8F7F5E8BA2B2A,,,,
A54FFABC1FBAD03ECB897C7B1241FB8E,,,,
ACA750AC5DAD4C1FAFD57B852C1C15E2,SA5020000002385762189940,,,
ACC029772D08317CCF441C3DC7F01824,,,,
AC315EB51DE9494570D5DB31BB2DBE29,,,,
3AFE43D32F0355B5D49D,SA6480000230608016174353,,,
ACD8478EEFA7B4227EAFAAD3A71B947E,,,,
3AD1CEFFE634728E4829,,,,
ACC94DD2762C565DAA35AA33FE55334A,SA8260100000682292297001,,,
3A836A0E71D7C540B644,,,,
AC9473A58A5737A7C0BB35BF915A1B98,SA9005000010011886300500,,,
A5327030CB61F29BB254068994074E75,SA8810000022500000053908,,,
AC7D726F9A24FD2D07F41D71D3A99A64,,,,
AC331D917D8D653CFDB1ED50DF927699,SA7136036036096460610780,,,
A54C74D8F06ED2AC7E1FDEDDF9FE9628,SA1360100000682292610001,,,
AC75A9AE1ED5540535FD553B3C39156E,SA7236036036048696867631,,,
AC00E2DC5A3DC12D55F26A5CBF2CC31E,SA3260100000682289805001,,,
A5E92F917E93722D2A82F0E809E45D82,SA0780207602238222121017,,,
A56C8B74A4EEA81C3A053CC5FC99FE6E,,,,
A555961B71D49B8CAE75AFC8D2BD6627,,,,
A5AEFB9776C3F8142DFF3946C7B6AD2D,,,,
3AB68D53B3486DCA3E44,,,,
AC5BEAA390735FE0F6E8F7D957FFE9F0,SA2836036036047434351925,,,
ACD6246B650E5CA58F8DC122F79A7CCC,SA2705000068205526931000,,,
A52196B22C4DA784A5180FD44CBA23A1,SA0915134018962005660414|SA8405000010011880212500|SA4578000000001289396647|SA6736036036061183471693|SA5020000002385762189940,2567755893,,
AC50897450A041895ACA35D5DF25778E,SA3880207530610222121014,,,
A55F5E44C7AA9B76D00A5FD38A7014E6,,,,
ACAD3D13D5EEB446C29B11E6CDB8CB5B,,,,
3ACB25A12F02EDEA9AB8,SA6393000034745131788000,,,
3A4A55319B45AAF57422,,,,
A53F9308B8AED9EA1858FDA1A5144649,,,,
A561252D97BC7A1410660B2E74111973,,,,
A58AD6F73A7EE87236BAB318DF19CA96,,,,
3AB968CF17DAF96844DE,SA2810000013900000731605,,,
ACEF396A4E95300FD329DB858A1CD818,SA3580000503608010957563,,,
A5F5F231353D0AC553A891ADC30C1F15,,,,
A5F1456942F4552FE06A5CEBA5A21A56,,,,
ACD4C169F8FB97BA528F96BC99B46F6F,SA3710000004700001346301,,,
AC3E89C72635192CEB33C37BD489BD91,,,,
ACCEC3B0F442418F63C46810AABEAC4C,SA7830400108036469360011,,,
AC5BDA9B589FE17CB49CCCB4C9C64DD3,,,,
AC5E355C2576D8C5F870DBD0370513FD,,,,
ACC2AB3ECB26021284111C97B9732F6E,,,,
AC1E5CB06588B8FBC9E4A85B947995C7,SA7836036036033161376235,,,
AC209E6840CC6BC80E5E2C041A2F6C55,,,,
A575A0C9DBFB1774428A752E5473AB26,,,,
3AB4D7C4263053CB8D46,,,,
AC4EADF039A6C4981724FF3CA84047DE,SA7930100974017262954609,,,
A52C13E7A205CB5AB185C577392422D3,,,,
ACC6A453A2668F33231BA2798A45F781,,,,
ACDE706885D27C8438057A71659491D8,,,,
AC88DF57AFB85D315529EAA6C48D8D3E,SA5215134018961997340532,,,
AC48577DF2E2EBF89A4EEC1F0712B13E,,,,
A5578A79F4D7EB8DFD9BBA7CE13D1E97,,,,
A55A4AE1CD79FDB935024CE42BE6D780,,,,
A5A84269414CD2850181FA83F2937D8C,,,,
A52D2357E8DCE690297D9E1589650A8E,,,,
A5BE47B3EDDF461A352210EADC043E41,,,,
A52489C42F345DBB1AB092C2323149CF,,,,
3A6957F691F2CA00A86F,,,,
A51C7267BA164702CAB2D67B6098B09D,,,,
AC2383D6054A7573F341450E85CFB890,SA1660100003882275353002,,,
AC4D45CF66A1E846097F4A9E7774AE26,,,,
ACA1C5DABB1E986F7197BB351D71AD0E,SA6215000900146724750001,,,
ACC828DCE7684A618E1CEE5E75690114,,,,
AC3BD0FAFE40F3ADC2B957EA7D9E7CFB,SA1480000856608118138871,,,
3A0F703372A49B0323E9,,,,
A5B8B9B7248190297F982792AF3FBBE6,SA2130100675020067030016,,,
A5E712F7F8600077AAB2A85C69B062E4,,,,
A55DC47B5B9266774C6DCB828DA984D5,SA5136036036052944986016,,,
A58B1B384B422FA3F03F5697711B40AC,SA3978000000001010244238,,,
A57AC73539F0F744C832A15AD4876B30,,,,
AC2C8498E49DB6900ECCAA279CF99F04,SA1680000465608010189916,,,
A5D2809CB088D2BE7C4B37F6B2849C73,,,,
A59FBF3E96ACAA21C34CCEA6BBBB60C8,,,,
A5884C8E60A61C8EC830FC4C78ABB07C,,,,
AC1E910D887A6BF933D28673997B2033,SA3580000503608010957563,,,
AC9F4B9035482098CC028ACE9E2F626C,SA1680000465608010189916,,,
3AEB936EE95F44BB5EA8,,,,
A581C9E31E3A714C5AA487AF88DB002D,,,,
A55489ECAB263F24B520F4FB71C377F4,SA7105012000000110962134,,,
AC3A2B56132EF7D47B33947E464D50D8,,,,
AC7AB5ECB7387F8AA27A88E7671E02CF,SA5493000003406987724000,,,
AC1E4E7DF3802D288BD30848F464AB81,SA7930100991106712439909,,,
AC26FBFF9279140D2426B29F70F959FB,,,,
AC4E8C2FD71714D12A80ED6517DD2444,,,,
3AE1294BEFE170156541,SA3715134018962600100936,,,
ACF7E3E5018AB4687BE0599EC09DDC6B,,,,
3A0568E5FEBF08D48E80,SA4580000503608010532523,,,
ACEA7402CBE8FCB07C00AADE5D41CB80,SA1080000865608014628823,,,
A50DD8E535956CD8F897E283733A631C,SA1160100000682291680001,,,
AC94ADD197F0169B7211B6585B25C0FD,SA0780208774486222121012,,,
A57FF1CDE2420097DFE3C2154B6B13D6,,,,
3AD6EBBEA283B0DFFB2F,SA5920005298200000379903,,,
3AEF4486357714F74F74,SA9860100000782292769001,,,
3AA12A406741AD21A473,SA3978000000001010244238,,,
3A338BFAFC49FA20C4E8,SA2930100974017264300608,,,
3A4458084CC60BB25E9C,SA3080208799477222121012,,,
3A4E5E2D708325620056,,,,
A572075EA3D611EAB576C0C280D0C728,,,,
3A68447FD6BC76C50994,,,,
A501B39FBE503BEB972EF4E57E32DCC1,,,,
A502CEB250945391DE42D8EDEE1C55C8,,,,
3AFC9AAED3E301293DD8,SA3660000000018774470001,,,
AC1EF70215B3E9E4426163842036617C,SA6393000034745131788000,,,
AC1C8EF05C182A103C8AA3C6DDA6E88F,,,,
ACC9CB85B376FB1315FECC73762D7754,SA4180000130608016427505,,,
3AFC4D1E9AD0AFA5E54C,SA1936036036079151198299,,,
3A7FD662D13532346D96,SA7510000048100001377009,,,
3A0A9CEB6B13D5A0BD70,,,,
3A54B893659EA6B59D17,,,,
A59F588A66C7C59B93FF1522C86398A6,,,,
AC408269F99884FEA90712CF1D406634,SA0780207602238222121017,,,
A594A18A9DB05755B3C507637D882A10,SA6330100974017264132089,,,
A58AD1E3DE51C5C23688B3272285E9E4,SA4480000642608010014789,,,
A5B52FC87931E233C2EE6BF5DFE8BCCA,SA1610000011100041021008,,,
A5D5FCFE0E7477C174321005239BBA2F,SA4780000640608012733842,,,
AC0AC12D53CEA2E90A1232D04CE51292,,,,
A5BA38075B8D33D788CAD61B04AA3BCE,,,,
A5E5CB6C4CE964F0392401F65CC9F37B,SA0793000016016453030000,,,
A5644180FA609B2443F2EDEEBDA94ABB,SA9036036036028198479271,,,
ACA91F7B89EDAD2E3292FBDCD1975FC5,SA0780207602238222121017,,,
ACC374092C0E0EA2826765CFD2C25110,,,,
AC228D42A7DAD7D36072E9376C62231A,,,,
ACC6BA449AAE33DBE7F4E8EB391F0CC3,SA4180205147193222121010,,,
ACB6491C65ECD8BA97C81D4C8CA6C984,,,,
ACF43563A0DFBBDA2B28E5EB8E10672C,SA1130400108039226790014,,,
ACD06565EFE07212360C9DFD166AA116,,,,
AC6DCC3ED763578C48AAA3D9ED9B7932,SA7593000048437556779000,,,
ACA675F8FFC4F410C329C16B02EE421D,,,,
AC9D67AFABAC8D1DA5482DCBEA1769A4,SA7805000010011886734500,,,
AC2D532E0EFA910A607B17AE8480DD43,,,,
AC48FC90122B7BC8C347047B42496FDE,,,,
ACC57BB58089AADCBACD27565F9C50A3,,,,
3A5D51BAF7569A1EF106,,,,
A5D9F0282912FB115B71D4930E656881,SA1093000031397801170000,,,
A56118D6285C6F36DD8C3117699F65BA,,,,
ACCE23179774ACAA8F38722DAF309023,SA4730100991100959413259,,,
AC1159038E09F2850B1B0649EEA15760,,,,
A58513703D54EEC6DB160CA7A22257A9,,,,
A5CEB08FC9A2DC516C71F2C0478D3B38,SA7593000048437556779000|SA1093000031397801170000,,,
A5EC91DFF014869AEA4CA1E9FEF09C13,,,,
A5109B63C76FE8D93373EBCA6F66A0BA,,,,
A5857EC77C46DAF775859F18D2DEEF02,,,,
ACA02F2D94888A555E3F6395E1794648,SA9620005298200000379916,,,
ACC312CE44C299A7F6C8AFD04F8A5152,,,,
A530E0E6B9ADB248977A2FF07D106839,,,,
AC5910F68ED1192146AC4A5E91A3D6D4,SA3280000305608016014815,,,
AC2C9302A967BB57D7D422DA7FF0DA3A,SA6730100991100731960315,,,
ACA965DC6E91D209DBA3C4569ECC55EA,,,,
3A9B99CE0016CB62AD3B,,,,
A5E8BB0AD8DDBCF1261114BEB6EC42AB,,,,
ACF11A69011738090B9F78F55E13097A,,,,
3ACF6316048E1E02B51C,,,,
AC626F77DFCA8FEF9379AA6C36341417,,,,
AC99AE1630A577812C1102E92F36A064,SA2193000036922739851000,,,
3A268D5398871B6FA8AF,SA3693000018560338657000,,,
3A33833AF063D7E6ABF3,,,,
3A132306E07E40B963DC,,,,
AC3A7698C0789C7AA73EA18A943744CA,SA8810000011100539800308,,,
AC82085E1E833FDD3D712925DEE99011,SA2180000347608016231260,,,
ACCF768862E9D23EA8B59C50C3292972,SA1336036036007503746870,,,
3AE263BD2DFA92D1B7C5,,,,
A58BC2A1E297E3387F33278DDFFCDA11,,,,
A5137F1BE1E14805220C58B92E82D692,,,,
AC97D99FFC86679575126729E35636DD,SA4193000000296875488500,,,
AC6073F8D63A51FE9C1C1F7180F730D5,,,,
ACD33B15CC671FEDB4C4564862C8190D,SA0336036036023124847046,,,
A509CEFF732211D3397494211036AF95,SA7236036036060430798648,,,
3AD5FC4472DEAA1393FB,SA5380000102608016538396,,,
AC68585495F5767E0384D234454CADDA,SA0210000001400035106006,,,
AC4715EE9A3A75E49B833CDB5C59A151,,,,
A52D68CB2D684DF6F4AAE39A7C1FC372,,,,
A5B18FD9428B4945863C6A913735BB99,,,,
ACBD5CB7AB5A344575A1A45B6D784C27,SA3180208824782222121014,,,
A568A1E19D35CEC5360670AA13A3675D,,,,
AC2A8F2C4D9689AE51E78178E16C9B67,SA8310000011100027119702,,,
AC91E5C6E7227A164BD512816F473BEF,,,,
3A4AE1F87D04D003C8AD,SA8310000011100027119702,,,
AC5D3B9241B8844F78A5DDD12EE165D2,SA9280000859608011298316,,,
AC8824CA17FF2386422DF26B847B4216,,,,
A5507D8FB07739F6114631FF3663CBE2,,,,
A518E30D89F902591871ED8235D1E601,SA1930100991109342554858,,,
A5AFE313EAAE9012C1D719A7908A2CFB,,,,
A53B8502E831B420577E33198B773CAF,SA7680000497608016055154,,,
ACACB3F27FE910C9ECADFA599C78240C,SA0405000068207221884000,,,
3A6A47FF3C860086E23C,,,,
A5D987BCA0D6C71C0F5A91C6990B2DA8,,,,
A56A914053468FE03C4D7C768F842C78,,,,
ACB864C7575C99368CA3CCB12A31D9A5,SA6880000866608014339057,,,
A57A20DCA84A78E181C494BE44854B8C,,,,
AC261DA8707ECCDF50A7981C020A86A9,SA7410000001400034442006,,,
3A8C173ED392CDB4FADB,SA3005000068207162000000,,,
AC09D49C28BE767CBF0B71119EB79607,SA1030400108095693420014,,,
ACDD0F885B9EE58BC943C84DB1448C5D,SA2536036036018648511699,,,
AC3075DDCD873411E168DE924BBBE9A0,,,,
ACD6C99CD3BC0774ED5014707A966CC1,,,,
3AA1691569FB418E6A0F,,,,
A5AE3A35D28A09BF000043C6614C0FF6,,,,
AC587B90E68B9A6AB69519FBA03D4D3F,SA3030100974017264610408,,,
ACC79F7514D695EAE2DC64636FEA37A4,SA3080205593530222121012,,,
AC35548FE71BC906B469DAEF2219026B,SA7805000010011886734500,,,
A5509B13D2351BFAE23FCC51F09E9FB6,SA8405000010011880212500,,,
3A9D90CDDC31ACB5DE9A,,,,
AC0EBA87464D1BAFDA9EA77DF135AA2C,SA5180000532608016147362,,,
ACFC408C1FAE1C18AE1069550886B106,SA3080205593530222121012,,,
AC4955C9CD32B71979DDC81D239DFBFD,SA6480000507608010252524,,,
3AE779DDF45DB0CC94C0,SA3880208822844222121014,,,
AC0B070B81CF26E608FAFE5F8C1DFBB0,SA5960100001682287388001,,,
3AE76B8C5AF98C4504F0,,,,
ACC9E13E43C4B890F3EF704D1A3749A3,SA1060100000782293365001,,,
ACA6AD2A78821F05FA5AD45DCAB1F869,,,,
AC5EF0274101D7DCB61618AFADDB5539,SA5705000068204947574001,,,
ACCCA1BD49098C675A9E09944B6FF5A9,SA2810000010366891000100,,,
AC48E8C1FFB4DF4ECAAEA13859243F64,SA6480000507608010252524,,,
A5D9DE235D76B8E3046F5A5971F77922,,,,
AC038CB61A58C548B83C54E36FFCCD9D,SA4380000391608010096227,,,
AC646E1288EB7BF791C551B23618F864,SA3905000068206239932000,,,
AC009984091839A17E975A1912CA1E67,SA0888020272685222212101,,,
ACFAED2A90024D4C9159B4D191F2075D,SA3180206864201222121010,,,
AC47E8CF259BA0E38B50A4C86597FF69,SA3180206864201222121010,,,
AC659EDA08FCEA6F163EB699BB81019A,SA1730100974017264033201,,,
AC7563FC6539A12559175FDC606031A0,,,,
AC7D7D549740CF4173D290FA4692CF3A,SA9110000036000001862908,,,
AC9E6A508AF0949487B5024E8EE33BD7,,,,
AC062BBA6DB50D8D6E435C8EE094FE24,SA1780000263608010901017,,,
3AFB8163FEC527AAD36E,SA7805000010011886734500,,,
AC19D6E46BD253EB6821FABB76F2C33C,SA6105000068206286343000,,,
ACEB39D660C39D2CC488E28DCD481213,,,,
AC7B734322CA2CA903B8D79D6FC1060B,,,,
3A2FED4C239C19B8C8A9,,,,
ACB7E49D113367D80833F6495AA9964B,,,,
3A0CD2171A359152B4DB,,,,
A5C1DBAB78C21EF4AA42C5EF93F70834,,,,
A50BF7DA0E27E2D7E3F24EFC12C70937,,,,
AC3CCC080814B249785917D0F39DED63,,,,
AC774DB0AC3AC11F7A06383413353FAA,SA7805000010011886734500,,,
A5D3FFC1AC886E0F9073CDE7E08866CF,SA0730400108039234520016,,,
ACAF5DE265E95115C62E705B1A82670A,SA3430100974017264502084,,,
AC8BB7E65203819EA79B657E42E163E0,SA2880206563514222121010,,,
ACD5D062B13ABC3306CFF661B3160C03,SA4593000043558862063000,,,
AC52B8520F1C69CA182E5FF42C1028D1,,,,
AC98B2889AF8399615C84B9A260AB209,SA3020005298200000379940,,,
AC1ED3F061E6C2ED93020422D4085C31,SA2615000007780353960009,,,
ACA0EA2D18F456B0872B39C07A2FDDD2,,,,
AC36A7A51A076D8DD28EEC448F9876C3,,,,
A5455E30845E8B8B161AF66F486D998A,,,,
AC0A2F47615ED4DD1690582EE96B3BAC,,,,
A54ECFE112ACEFE7CD21023873485DB8,SA4880205897019222121019,,,
AC71937C45635E1D0F98B5E3D9CD8F62,,,,
A514D727CCC555FEEDFDFBAB9799D109,,,,
A536878BACA8F604BD77C558A5AF3B27,,,,
A59155DFA2ABA9CC956111BF434E5A74,,,,
3ABEF1FA296173D32D08,SA7193000062411260847000,,,
3A28AE11269A4E22539D,,,,
3AF0280539B634705FAF,SA4493000019485543412000,,,
3A8667773DAF11C4DE49,SA5615134018963057565495,,,
A5F9ABCA55663506FDC40CA0E238DB12,,,,
A5F9249D13ED493695EC1F3AB482501C,SA6780000221608010270844,,,
A5B0845D3B495A4A90DE22CACFB6BB88,,,,
AC2C75B13DA240B82867EE1C78676603,SA0430100991100055431166,,,
AC00FF8C6790CA704DFBE07973F99678,,,,
3A16EDA4B600F75062D2,SA3736036036035430799643,,,
3A863D4A26EABB5712ED,,,,
A541D8FD39E46F00736A68B797E1FD6A,SA3505000010011887982500,,,
3A4B10BED56EEC10969C,SA3780000521608019005008,,,
A501F26E9748060A57365AA718408E26,SA1430100974017000733448,,,
3AD5A5202726A229801F,SA7236036036034547515655,,,
3AEE2716D47FEFC8C9AF,,,,
A5D3175D9D0A1C46C9E5C863D961D508,,,,
AC657F7724E19D5C89EE5E13C058C119,SA8060100011882292286001,,,
ACC91A38E6F81F25DD9904355F1A5405,SA1180208810177222121013,,,
AC747168266EB962B7E862E044B292A6,,,,
A553C8F8BDF432410C325BCBC9C65F14,,,,
A5E25287D18903B271026D2E703FDF6D,,,,
AC74A850566CC5925825DA8050FEB0F3,SA4010000070400000051407,,,
3A86A3B91D91A26D0CEC,,,,
A564D280EFF6B6BCF976508EC01D6576,SA9210000079537644544500,,,
AC2065BCB9FC0E8F3F1AFD1E4FBE1175,SA4680000543608010402552,,,
AC15E9BC7864B09739645694EE5BB53A,,,,
3AD5A9113C430D5CF42F,SA9110000079537645805809,,,
3AC773FD983A38500EF4,,,,
ACD210A8C6492826A37A7656AAFAAE21,SA6778000000001079213353,,,
AC318D38ADFEA588DA863D09301A33FA,,,,
AC57C7B55EE35DD6A79A307439EBE5F1,SA4010000070400000051407,,,
ACFF9B5EC8C585F94BC7307E89FBEADE,SA4010200070400060051407,,,
AC6774C6B91FA9F2BBD4B11EA24435B9,SA1380000867608019733294,,,
3A5847BB6E05B114D8C0,,,,
AC42851AD6694D3095C19FE3034C1FB9,SA6480000507608010252524,,,
A57DE3130EF89FB581E13C3AE47A2AFF,SA0310000079537649644810,,,
ACE5FF527BB6404A82C545401210E1B1,,,,
3A2D7BA2F36C69822D2A,SA5980000865608015508313,,,
AC8D241A7D536018398CF6E733347303,SA8610000031000001072601,,,
3A94E418D0999CF749CD,SA8610000031000001072601,,,
3A6590D513DC3EE5D8BF,,,,
A50E3D2B934AB360193FEC8816E71EFB,SA8680206409604222121017,,,
A5F0681591F24BE70498094EC0347975,,,,
A532891A5F7173DDC7A995466BCBF92A,SA0578000000001177083298,,,
A5F017E3D715D4D93D5526F733C800A6,,,,
AC2753582680B38E00FC32477093861D,SA6080000232608016294605,,,
A53A7FFDDE15542DD9A7AAFDF4F4EFD6,,,,
AC3973C15479A561E4480A2A4B62695B,SA2080201528462222121017,,,
A57F1CA8491CFE461D6F32E14C7DC2A5,,,,
AC5A95F860A02493FD941A4A922492E1,SA8580000694608016674187,,,
A5F90484543DAE45D34BE6008C6B1B76,,,,
A5865F38A8204ABB5E533F23B7018645,SA7978000000001241213807,,,
A548B8B6792203F6751519B459E7665C,,,,
A5C865F9A8CDD976282182EDA6FD492C,,,,
ACB96DC6D4AF9FC0A37FB077A93B5237,,,,
3A9143CE7724BFCF7C72,SA7830100991105867608142,,,
A5636B8E6C63481A9BCB8B9453A673F3,SA1805000068206134137000,,,
3A4B5371ACD987B03AF1,,,,
A5FD815F1E6482DD349EE4A30C677F3D,,,,
3A7438B3DB49BF884143,,,,
A5C2B4F8FED2782F94F694A03B04B72A,,,,
ACB403C751FB6A715980E4D3DCA594CB,SA3480205626910222121017,,,
AC97C8FF09A02AF685222D996939B321,SA4080000865608011077016,,,
A55599ECE36480B06B21F49ECB1117BE,,,,
A57BE9E3A7088BCA1BAC78DB4753E857,,,,
A57026FA6A510B29092C7D5B846B7426,SA5510000011100535465002,,,
A506B0D8D77D314732D5466486E4AC1E,,,,
AC5C1C7ACEAC5F7A45982A4E32CA0DAD,SA8010000011100405120705,,,
A53DE3DB9CEFA9145A0381B081AD886F,,,,
AC05CE99B8A384C80BC43C8553EFA9E6,SA0780000317608010063715,,,
AC5D78121B59284E10931E9F22B6070C,SA0360100001682295007001,,,
ACF9F3CDF12F90AE728B55DDD08906EC,,,,
3A1FF5CEFD375CE02A15,,,,
AC0533891FBA200A9E1A34CE1C399791,,,,
AC8EB7EE49D00A761F2057F86258FA31,SA7845000000032199978001,,,
AC51DC0B7DC4DEF380A4786D3448659F,SA3020005298200000379940,,,
ACE328587DFF28C2CD520E477728D23B,,,,
AC4958A508E5F71789410805306FD399,,,,
ACB9015AB4687CA2D37CCC87698FBA20,,,,
AC099DD84C07717410D3CCD20273ECCE,SA4880000157608010114600,,,
AC28061D767AAD8FD07145D966221ED3,SA4205000068207262155000,,,
ACDD97FB8B9AEC53B56F2A8F5CC2DBC1,,,,
AC3AB3F86DD7FC17CAF22F97CAB70DB8,SA7993000038230244274000,,,
AC76A06AAA04E35F168BA23C7D8CB2B3,,,,
A52442B1DF347CF4BA484E4B2B762799,SA2130100974017266099423,,,
AC9E3BA7BA75A1147EDD551502420E20,SA9280000358608110014949,,,
AC6C98BDF690AFB23C2667426AFC394F,,,,
AC43403EB2EDAB34D6DADBBE52846E52,SA0480000132608010619808,,,
AC5507C61C758AE887EF35B8B7B9E811,SA0480000355608018105594,,,
ACE5230FBDCF5D1313966EADFFA8D9DE,SA2780000125608010255024,,,
A55573F5F7DAE49A616A154C6D87048C,SA2630100991107242894575,,,
A5431778BAF608EDC31CD71F54F7DE6D,,,,
AC383DD0C3CD702394C988EB7F427810,SA5460100000782293746001,,,
AC0C24BDC25ABB168EDD8C8B25C38A6C,SA1730100974017265973298,,,
3AAC8AB3DE02180F404B,,1049445503,,
A568AE650F6989F9124F13226587EB12,SA8715134018967613111058,,,
A5A5792135E38629715DB7B4696F6314,,,,
AC6B56CB3EA45C58078D852743B1637A,SA0320005298200000379941,,,
AC5D75353338049216F7CAA7FC227974,SA6680000290608010048386,,,
3A526C070A5BE73871D8,,,,
A5E6A7BB149C104D3702914D047049B5,,,,
A5B5CF90486C7F0E3E45D2641A8CB160,,,,
A556CB33FD7C712C27B6B7C6CA29E031,,,,
A526EDFBB7DE60471994F9BE0A38BC93,,,,
A5F826C98B79687341BB9EC78EF18ED7,,,,
3A898EFA17CE73326500,,,,
3A1966B108322565065F,SA1530100991106742333645,,,
3A3ACAB70D2CAC28C9B7,SA8930100991100415821884,,,
ACF5C8AF2B8459E3B6D0648C787407F3,SA0880000389608016143258,,,
ACB51BCB9961227AEC84F41FD35ABF45,SA2130100991109419375621,,,
AC05B38E9A75844C8490D983366D1A91,,,,134
AC772F294328DC35F119948E6B534CF8,SA3910000025600001293907,,,
AC88359EE647F4496654968818E3D056,SA8680000331608016755563,,,
ACFD8FF88705C13254C67ED789028FF4,SA8380208812912222121011,,,
A5DF9EC2A42BDC3DA203B6D65FC8AA4A,,,,
AC8AB424124F342ACCDBEBB911EB16E5,SA8930100991100415821884,,,
AC64002733A97783CE3565D5190C76D9,SA8305000068200262633001,,,
3A90887C60A548AD9E8A,SA6880208834434222121010,,,
3A1AAA95F8AD1DE79C5E,SA7730100974017266183290,,,
A5EDE847AEA992D2C624B849511AA091,,,,
3A3A8619BCB2A49F041B,SA0880000389608016143258,,,
ACADA8816E94D734C4D26E1EBE70FE12,SA7380000330608010201557,,,
3A71ABDB3558C6627E3B,SA8680000331608016755563,,,
AC541D5E720E6423501F793F70CC94C7,SA5378000000001105536883,,,
3A668C0B1F24EB2B1523,SA8615134018968713939826,,,
ACE30D31B163A98081001A580CF1F093,,,,
3AC1A598C08128A4537B,SA8693000027979708509000,,,
AC41C7F5A20E684A72D3167A21008FEE,SA8693000027979708509000,,,
3A165C0FE03D19D7EFA0,,,,
AC025D3D33C7886247E48259023053EE,SA2315134018969207357456,,,
AC08D8FC47CEB3B8AEB889C9AD301D8F,,,,
A5B69105A8494FE643864985E0719DA6,,,,
AC6546921B83B3BF5C904BCF66D0745E,SA7036036036044134012596,,,
3A46778E9B85E42424BB,SA5880000585608016301726,,,
3A65A4356C5475ED12E3,SA3993000044369099206000,,,
3A0B590486721D7D5CF0,,,,
A5A8BD1327232F7F1D79C971FB8BA1BB,,,,
A51FF880D805C9977EB6A9739CFBA0B4,,,,
A5CB7269757FD98F566E3D8B617AE35A,SA9620005298200000380013,,,
AC442B43DB081A1F28C1F4581422BB12,,,,
3AB30F1E29105E2E1FF3,SA2620005298200000380012,,,
A5543C5BE0E128C5844CF0E161D9C3CB,SA0420000001243312089941,,,
AC6E024FA90C6D858FC8A37EB5CAAE87,SA5480000666608015412138,,,
A501E1B7DD2365C98D465CB7F617B85D,,,,
A5DCB84073E022E365EA493910AF445D,,,,
A54E133B25873CD5600923257B06655A,SA5680208837042222121018,,,
AC259051868DC30EBA7F171E23061D5B,SA1280000109608016541500,,,
A58BDC4C4BD685FB217ED75FAE2DE0A3,,,,
ACA826B4DEC75E4C2405D585FC59E155,SA7280208836968222121015,,,
3A6979FB54AF11774498,SA5910000065500046168505,,,
ACADEFD7C3355267FF319CB8E9EB68AE,SA4780000543608160505388,,,
A57BD99E0FE7052DF835E4C881267914,SA6105000068206286343000,,,
AC7297E2294666088EC87557C9C3A9B2,SA5080000107608016609010,,,
A52986AB587EE3F336DCBB94CAFD6367,,,,
A5333694C90A03F95FC2BE4F77EA27F4,,,,
ACF9FBD85E1B1E77C68E3FB562B7BD34,SA6030100991103595216723,,,
A5005C16DF044AD05B475727F3FB9E4A,,,,
A552F56CF1350B7831E46E87C210CD98,,,,
AC644747978955ADF821EDD682180832,SA2030100974017265688840,,,
AC867FCD82310A6B61B5765E2A26E264,SA0430100974017265684084,,,
AC98B07128FF38656EF03ACD11A43097,,,,
3AA408933B6114B7C8A9,SA0680000548608016175696,,,
3A9E4840197D91F8FFCD,,,,
ACE41CE3B8C2B5AA4A9B6E5D7F460CCB,,,,134
3A8F5D1C7FC8FFA9CEEB,SA6920005298200000380014,,,
3AB76E5A3D16150B6A10,,,,
3AEE50557E229F93BE99,SA4636036036041653161689,,,
AC5834CF419207B776BE573C392A76D0,SA7180208837408222121011,,,
3A3A7084B332BAA255A6,,,,
AC4518DBEC12F436969D9C9DBBA0FD0C,SA1905000010011896547500,,,
AC1AE15CFB8F9B09AE2612F545F77F51,,,,
3AB08F4440B8E5A7F53D,SA5480000859608012754291,,,
AC0A2A29E722A97E2553CC0EE652AC10,,,,
ACDAF8FA801CBE63DEEC255EEECABCC7,,,,
3A272EEFF04A820E9829,SA9880208837445222121013,,,
ACD91D861B99CEBC25137455FCA3CA4D,SA4760100011882295759001,,,
AC560E9C3085380F663D9300855B11AB,,,,
AC0F68E6CC6521D9CDC1C8960B74FAB9,SA8080000134608016161696,,,
ACCD05A0EBC1886BB82723D43052D6C1,SA8080000134608016161696,,,
AC4331AE3D57CE1727E1F9DF6E3AA486,SA0380208837695222121013,,,
ACB7BEBFB41637885869DDFB48BA7010,,,,
AC771E238BC90F2B29FCEE4169C7F27C,SA2615000007780420250003,,,
AC0CA9CBA3E89CAEDECC85DE1E1FEE73,,,,
ACDE4EAF5278554156A4046504B4F1B4,,,,
AC5D94D387FED1C46431C45F7509C2B1,,,,
AC6D3FA83CD20156828FD56D57135E8A,,,,
AC9ADE8F56D80287D75DB8D4BE08F5F4,SA7180000582608016043719,,,
ACE00BDC3F877C4E0CFFD0ACC7BEDEF4,SA1515134018961650012716,,,
AC947120D0A0A75BAB574FEF52BF9298,,,,
3A328AF729680AE2BC01,SA2010000062300177606210,,,
3A054AEF65A4BBFBD71F,,,,
AC4448966FF73C38DF6C090B25DE1E37,SA0880208410276222121017,,,
AC5EB07FA8EB073B9FDF63E9AF042D7C,SA4215134018963168058641,,,
ACDE0ED9177B4DAB354E90C295687418,,,,
3A5AE55444E2775F590C,SA6820005298200000380032,,,
AC7820170B42441771A722D5E4211EF5,,,,
3ADB2F0418D39963F54F,,,,
3AAC3F3D5EDCE4FA3F5F,,,,
A5F0B71B35552FAF668E2AEDA1117928,,,,
AC281511C1B70D64B4051D8A1C005C34,SA7836036036095498679308,,,
3A95B151BD0CB623AFE8,SA4820000004090076479940,,,
AC741FC1CD5B40E9FF3BD9144FAC5CF7,SA4820000004090076479940,,,
AC12753E4424DD8C655EAD16DFFB39E3,SA4510000026200001079108,,,
3AF00A228A3BE0A64322,,,,
AC5B489882FCDBE6C6623E385B00FDD2,SA0815000007766005010002,,,
3A1A871554D237BDB88C,SA9380000640608019936331,,,
A564D5BB7A8354606DCFF4F0CA82DEC1,,,,
3A34EBD18BB379E9F5BC,,,,
3A66992FCB95003D0D26,SA7793000083769362964000,,,
3A21C484BF1F4298714A,,,,
A5BEB16E5A4C2A76C0498AB7139AE172,SA1080203345868222121012,,,
A5A5DDB7940567D5D4FCE72E87867AE4,SA9778000000001289627541,,,
A5A0381C82568272640B23AB5A33DF8D,SA0380208803819222121019,,,
A596FA996C2D159D4A7BA59162764665,SA2680000293608016022119,,,
A5B70471738299D10A44B3ACFA2E0623,SA1980208839344222121016,,,
AC3DD1273A14F409E991D3C3ADDEBAAF,SA7805012000000111526354,,,
AC0B5CCD58F086781F66725B071E1470,SA7805012000000111526354,,,
ACDB1709B608777095E22DED6C7B4801,SA8905000010011853476591,,,
ACD87D1C628B51EF5D690B9E7166D8C2,SA7410000011500000097002,,,
AC10C18FF20D6644F8173A34534659E4,SA2436036036025790980714,,,
AC09D320EB57543925697B72CAC46A1B,SA6905000068207272964000,,,
ACE1C5B5DC0BDC730F78CB2FDF30C798,SA5780208839769222121014,,,
ACD1AF6C11BD54849F9DC2A89751120E,SA5780208839769222121015,,,
AC1ED5FD35AD26BA9058C35B4D4E063E,SA2730100991102480811865,,,
AC7036858AD98208D11FDD4EA632279E,,,,
AC0638A95CE0D11680C4C763F376C67C,,,,
ACB75188362F4ED7E44E7E7A91D7AA3D,SA9515000007780228100006,,,
AC13CA37FD87D326D728B1EBDC351B29,SA6380000355608017319899,,,
AC6631D4B026ADFD36ECAF9DF3A0D6A8,SA6180208840212222121012,,,
3A5DEC25874F36B4632F,,,,
AC2E2BBDCE58994B52729249F2F2D4F4,SA0430100974017266382484,,,
A53071B9E67575A77D19506427180FD2,SA2010000062300177606210,,,
A58C389AA4F3A30BFA11CF3BE19A970F,,,,
ACE33669E3CC4405956C00F28E0B8180,SA5480208840113222121012,,,
ACC6A682D4496ACA8E70E4A74AE4C2ED,,,,
3A616FB278812EE1C2FB,,,,
AC8C68D3E5284F2868280A1E7BC5AB56,SA5480208840113222121012,,,
AC617A557580D932BE45BDC5E263D768,SA4636036036064536125848,,,
3A819A509AF74F50D06E,SA4636036036064536125848,,,
3A20E15ACCDE87679329,SA5315134018967288796147,,,
A5473B979C90582E991EFA62CAD78042,,,,
AC863F17A7FB9137688AB2C1AA66190E,SA3715000007780181520001,,,
A53DF99E1A8D144EA7E3C9FFE86D581D,,,,
ACE9971CADC5585302D59112CF8D2141,,,,
3A2C2A0B597C06FB900C,,,,
3A2EB8BE8E1881289F00,SA5315134018967288796147,,,
A5C1F91D88AB3C3F73CA0D422113F893,,,,
ACA8C6B1484304F810804F7E175B63FD,SA7793000083769362964000,,,
A5ABFA8BF0C0CC1710CF3745162DBD36,SA6680000435608010056559,,,
A50A49CCC50E7B58A440758C0143DF01,SA7780000455608010296697,,,
A5DA3CBFBE9A99E041F388F20B8AF85E,SA5880000133608016101420,,,
A57B959A271200F3DE087D5416E5D1C2,SA5860100013081701315001,,,
AC284D6CEC739C8897049C86949C2E58,SA0530100991105878089918,,,
A5E0424AB284161CF2E19031E1F5BFD9,SA3478000000001038507121,,,
A5CA6E559CE506009969288D708D49FB,,,,
A5789B05129CB2163FBA6991473EE669,,,,
A5B4BDAB9BF43F4E6133ECB5D7FD3F02,,,,
A51BC224E2D3A33BF83A3A018F2DD828,,,,
A58BB634FA7AE25E06333D29E21304FB,,,,
A535ECF052C5AD293CD118BC3CB2860E,,,,
A5B19DA0E4520A02052410BB49E186AE,,,,
A5E6FCE6F0F02CF50EAE818B75FE153E,,,,
3A20822AC4EBB7135541,,,,
3AA4ADB22209E8BC42D6,,,,
3A9B9E5052BE10FF1E62,,,,
A5AE1AFDF3C99E3C43223E90BCB99CC6,SA3180208824782222121014,,,
3AECEF848894823001DF,,,,
3AFC56DF66C16679BFDF,,,,
A5EEEFF43D5410C458777932DF56DC6C,,,,
ACF43BEA1A847681843C03E7C20A0705,,,,
3A272147A7EFD4177DE8,,,,
ACA4AF6A2BCB3242849E6EA0FE4EBE18,,,,
A5A0C63C54C6BA3278A964ED979E20BC,,,,
A539F7A9B36DA528F9A84F036C4C6279,SA0810000096200002178000,,,
A52CEE6886BFF1DFB706A48692F3C9DF,,,,
A55B27CE0345F047599AC4B2943DCAD3,,,,
ACEBDB39C43845E519B210A7DDA35BE4,SA9315134018963704884823,,,
ACFF2A4374FCB7ADE5B883AD590E1E96,,,,
AC932A9A3E17966F59DFEF0EA1D94DCC,SA7160100000682296203001,,,
AC78160AC5E908FC4EB7D250B7C3B54F,,,,
AC20E126CE10D2A6D7B36B97CD7A5321,SA9710000011100496998605,,,
ACA647F77F1B84F9ECA74D15FC6D4E87,,,,
3A09A24F935421BF0110,SA0210000033400000498104,,,
AC80B1D853123EDC63185BE9C7C7FE27,,,,
AC3D219735D0EC17A125E63BAB18D01E,,,,
AC9E5EF67DED3BE2392962A10FCB3CBC,SA7636036036097365551432,,,
AC20AC4B74DAC1A1E7420C2BF374D2A4,SA5493000066678239874000,,,
ACDDC0B23C3AD325D21CDF203E0E84FB,,,,
ACA8F44E9A1989D3CC84CF1859A58BAA,SA5493000066678239874000,,,
AC21AB5AAEBE3791E98E2C9D56293C06,SA8210000011100494498506,,,
AC20BCDA7D4DAB651B8276FECCB1009D,SA3260100001082296174001,,,
AC57EE1BB77F44D23AE76D9035541EF7,,,,
ACD019624815C9E009CB746267ACDA73,SA8110000011100312928104,,,
ACBB735487AEBB9724EA5C1642AAC41A,,,,
AC5BB7C72A830BAFB256C250E33A596D,SA1780000866608016547210,,,
AC47DBA33BF0D366F426429C3BCA52AD,SA4210000025900000460705,,,
AC5AD0B546CF43FC54AF644858DF8D55,,,,
ACB4819E42E96094DDDC37BDF48958F6,SA2830100974017266383216,,,
AC0D90F5469D7F7CBE6C5118CC70E66E,SA4793000055802867637000,,,
AC790E6E9DA275660BDDF3DBE9F82922,,,,
3A6708231112A9E67651,SA9610000024300000712304,,,
3A9668EF95A39F002570,SA6810000017000000233605,,,
A5E6628959CA3E2B971972CCB17B69EF,,,,
AC7F43150933B018E726DB58FBCB9C8E,SA5936036036003526049679,,,
A58101FACC10C9520A2274CB7237CAA0,SA3315134018963036358411,,,
A5BE4E51D713C7A2102014558D74C9D9,,,,
A54630DB1CA5D7DC2812866B2E8F4177,SA2310000035211001000110,,,
A5437E604EB36D684EF26122B61650ED,SA9315134018963704884833,,,
A5E5D3737EF7980C859888D584706735,,,,
A59A06F43E8D8AB4555726213BF9C963,,,,
A5DED75B48774BEF239314109B141D77,,,,
A58CD54E4063084CD5A381B31CCCD5EF,,,,
A5631D979BDAB71BF2EA94967E6B2735,,,,
A58354351E3B7CE5988A9DA9560FDB05,,,,
A5B94A4EA30F05CEFEEEA301426D136D,SA4560100000682296238001,,,
AC50D13666F82D174BF13ED544CDF7FF,SA2736036036002388992490,,,
AC33514F8ABB09EF999B66E241976B94,,,,
ACF5BD6DA045E329C74157E10C2565CC,SA1960100000782296095001,,,
AC2F5B697DFFE6BE67382F69BA195FC9,SA6180000857608013023052,,,
3A8CA60DA365C7389CEA,,,,
A525A1321BA8A1D263CF11CF56560F11,,,,
A5A92EF4B86EE7EFAB5AFAECCE66ED7F,SA1680208843705222121012,,,
3AA3D5DC9D550A9C08DF,SA5005000068200206645001|SA2430400108095747240018|SA8060100012882061101001|SA8210000011100494498506|SA1195000001016061671002,,,
A5FD148A6A14F9C89C54AE2E9BB61FA6,,,,
AC24096AFF9C911609D8564F103FBCE8,,,,
A5A1791829345A6283DF3FFD11F2B67F,,,,
A5B70A8F24A773700D769CBB0ABCA964,,,,
3AA8590841BF41CD2C1D,,,,
A53A7ED0255590EBDD91B49F8D8B6DB5,SA8410000062300178221105,,,
A546CDA7CED939F115B37DEE872572F9,SA3015134018967477845875,,,
A52E071CC354EE13B836E3D3A5A002E9,,,,
A57440821C270F89A64E933554C5DC8D,,,,
AC832AEE914DFC0EA2115AC9A0C71442,SA9010000026200001081208,,,
ACC59BB5C40AFF332DB811E7715A5E3F,,,,
AC93BAFBC1EC0683310371B02420BBD5,SA8380000314608010288604,,,
A539816B03111597AD6A43EB1F4171FF,SA6610000040700000512010,,,
ACB3D15DE25F21172EB6BB21386747AE,SA2636036036080023101297,,,
ACC3593E22B0393DF9412FDC0D09BC35,,,,
ACB6F8B02E44CB93A71C3940442638A2,,,,
ACC687325793C7FE42393E82FC13CEC5,SA8515000007780485780007,,,
AC9EE09328C70C03803F211097224689,,,,
A54D795C6FEA446428104BCFFC43259A,SA3015134018962783477234,,,
A5F0E344959233E73FCD373733E7A96D,,,,
A508A05C0C9283B77272799239C78DDB,,,,
A5794A281681EFB6D655EB242D56220B,,,,
A5BCFBFEF18F7D48E46DB7A013DE1513,,,,
3AD5B95745060BA13AEE,,,,
A5DDE2C840DB4D43843AF3B10ED934AC,SA6293000068524270673000,,,
A535CCADC7BEC2485A5624B94A98A7EB,,,,
A5C4425D1DD9DD549B9F14927F37FB45,SA8890000000029901759315,,,
A5ABD449DDC4A94007C7AE045C48DC34,,,,
A504FD450913F8F7ED6D69D1EEEB8493,SA2160100015082292135001,,,
A584EEF0490FCB849AC950AFAD97F6A0,SA9180208734215222121014,,,
A59A3E5C97722AB7E20EAA3EE88EB84A,SA6336036036050191367163,,,
A5000D65B3E1433AC486E47EED182904,SA6705000010011899661500,,,
3AF02672BBA1D27E10AA,SA4493000017034340123000,,,
3A027D67103B6E76308A,,,,
A57E3E4E18EB9E9B10EFCEE1C30E4C43,SA6736036036058738984781,,,
3A0AA45620092D7B82C2,,,,
A578911966EB06B616A6E4108317825C,,,,
2A0E003DD3A29D27E777,,,,
AC3BB1A263556631B77C523944A6307C,,,,
AC04D16BCFA9CA4137B41DCA07C82318,,,,
3A0059CAC943F1654A11,,,,
2AB2BA24D34205939C59,,,,
AC29B386B80F92E6C9C57F187DE8E17C,SA2736036036097392048737,,,
AC2F7BE415EA8DC377E8A26F489820E8,,,,
ACA03D27A755C331E0BF0BAAD52ED919,,,,
ACFBA53346237EC7F2AA9E2438A0DD36,SA9615134018967622758516,,,
ACB0F7EBCE9526F67640FE7517410FB0,,,,
AC4B2CB7049FC352FAE84AD6A25C2B00,,,,
A5D8794D5313FB1E9B6924BE6FBDC56E,SA4915000007780182890007,,,
A529365232D39E96C894790A4E4549A3,SA1178000000001232169587,,,
ACD5C68E3645409A47DD5FF26C32B135,SA7436036036084539882541,,,
ACE2942053B27C718662C12F76058626,,,,
AC4C091364B319804D1DA9D54E71E385,SA2480205410377222121019,,,
AC908AB4A0A0F506973161D59A9E4659,SA3420005298200000379868,,,
AC6ED0F331C134A0DE369C1A5CBCB900,,,,
ACC2EBA35CAECAD28A9191AED16A54B7,SA1380206208379222121019,,,
ACDA264608688F1D9B9A1F99AC699179,SA8078000000001178191434,,,
A5CBB57421D8D2F39EC608EAFC00CFA9,SA6915134018963342001562,,,
A50388B4F197B821FD3A44321CCEAAD6,,,,
AC9B64FCAC7E520CDB1469CD4B647FEE,SA3220000001244556579940,,,
ACFB3F69CAB5AA031148E263063CBF69,SA8280000347608016310866,,,
AC477D84F8B5CF0B5B72E57C65BD551B,,,,
AC86CEC34555B3087FB014AD81EDE8AF,,,,
AC9A4650FA9D1EEB408398F2848ABCA2,SA8915000007780179180007,,,
3A3D3DB169A57D7271EF,,,,
AC360C6D545780711892FBE59AE280F3,SA6915134018963342001562,,,
ACCF816F5B0EF9AB3906A4F71C837FF1,SA5493000048781255359000,,,
ACCA6A20B249B6447A5C7979E5934F25,SA9336036036018302184294,,,
AC88575D6AB75DAF9BD985586BCE7CEB,,,,
AC275D741F79AF5D5439C7A376B0C72F,,,,
ACE636771A6BA5A3E530DE95D7309C90,,,,
ACE3006965BD408FB0359A7EB4C73679,SA2805000010011897337500,,,
AC05AF413148C75691EAEFD1ED17E275,,,,
ACE460D3574A2B62D1C0E2B110050BC5,,,,
AC15EF409E4DA9E20962BDB7D56C62B1,SA6193000022696309032000,,,
ACA65C7F652EDDCA0227977A604EF115,,,,
AC4F498F4CA844D7CCF80EAD2E6C3F56,SA5980000865608017137137,,,
AC827330778CB25A0151A56E83F7C623,,,,
ACBFA80C93A46E92D8D63A9DB32B1319,,,,
AC634F2160F1BEBE707EF236CE5B0C7B,,,10580231,134
A53337C4F31096A040ACA7FCF5DC356C,,,,
AC93025FF76010F1F3A319CFDC7D351B,SA2480000282608016287806,,,
A5F7889AFCDF8938FA06B4D7A2752A76,,,,
AC98E4CDE293C839D94AE14370E9F3AB,SA6980000355608010138347,,,
AC4A99BE22E88555576B4A7082BB2EDB,,,,
AC82EA0D1C44B92EF8AE8E42336D89B1,SA9493000065365944989000,,,
ACA82D44D89FA3D8143C6A54E4BF2514,,,,
AC1B29DF4CF2CBF48F3F07E53E4E5382,SA0810000001400008573100,,,
AC342A725498BFA1F07A08584B0E3564,SA6915134018963342001562,,,
A5FCEB2D66ABEC18CC4D2FC49CD9DE33,,,,
A555F070303CF598DDAEC8D35979BAF3,,,,
A57E4A1A45D44862DABD54E53B73C454,SA7610000024800000723406,,,
A56A273A4FFA38E7BD7E556392C51888,,,,
AC1955647A4FA6181E69D6787AEE35B6,,,,
AC3CFC9724A755C98DC24A9C886D10E9,SA5160100000782296813001,,,
AC2990735F6FFB153CF9ACB100AEF9BC,,,,
AC55AF43A13D4A57B6A5B2FBE7D60D54,,,,
ACF6503EDA4ACF741ACEA988F361BF84,,,,
AC98D1732DE2155E149C9FA09DF47148,,,,
ACE8AFFC582DAE35951ED97F27948439,,,,
AC5643D20AE5E8963656AC5C77521F70,,,,
A5519912E80DF25F2C737C40030652B7,,,,
ACCCC6FB85A9B2C109F4B47B97293E8A,SA0236036036055028051907,,,
A52940FB9F115F38C14195AF2DC180CB,SA8330100991106166343123,,,
A5A42BEA134978AA49419CDF5518C829,,,,
3A9136F049F7B62AB027,,,,
3ACF9587C2BF4EBABD6F,,,,050
AC49B87E5F1E1B6593CDA86620A8698F,,,10584235,134
3AAD714C625F4B79E8EE,SA6230100974017266569232,,,
AC224D54437BABF9DA135433DA34A0AE,,,,
A51E25F4564D9E528D25C2FC6F2F8725,SA3978000000001293294409,,,
A5C6AE6CD4B7D53CB770015C66F29091,,,,
A5C1F8D75FB7E28AE1B511922DFBA6F2,SA4215134018966418283523,,,
A5C303870294B242EFA78BD21043D32B,,,,
A5BF4F448D9362144AA30FA49F64A559,SA6230100974017266569233,,,
A5C6F970DF8F2961C552849500EE7158,SA3630100991106168861313,,,
A570EBC7AAA81AD42F1D9C4A337C335F,,,,
3AE8CB6B3E0B260031B1,,1088601792,,
A5C1761E9889EAC65B9167F74B343C0E,SA7330100991105412017953,,,
A5002461F361A3639D0EEB5F466FD71D,,,,
A54594F0BC7A3CC0B919E650198BD1EF,SA2145000000028404150001,,,
3ADAD3F735FE0356034A,SA7610000024800000723406,,,
3A8E8717B1A9F82CFD5E,,,,
A500AD0540953675D631072523A39D7E,,,,
3A41FCAD8BFD57A83FE0,,,,
A54604E5149375555CDE78B76F6CF122,,,,
A5979D9802218EBE47271994B159B27F,,,,
AC60785B991C799F8464EF2F7F6C7D9B,SA0980000644608016871958,,,
AC1D52EB6A8338CBA41022E8C7AC3A23,,,,
A5C1811C02E826B6D2A91340BB10E6A5,SA9510000087200000284705,,,
A5619482BF235D1F93C179F25D86CC7E,,,,
ACF7BCFA13FAF4470888CB31F3C9D6B9,SA5180203968492222121017,,,
3A02D6ABCB4789A4DD12,,,,
AC6620E3FC4DB65839121D25BBD36F21,SA9630100974017267215222,,,
AC504B5212E7CD8E453EF2391C51489B,SA8436036036059526606821,,,
A53677299082C6CD086567DBFE5F718C,,,,
A5F17C3C476BAD8B33BC345BC3B69048,,,,
A5FAD4BB1DC518CE9B8F4D527E7D9ACE,,,,
A53D466E4BCB6D9F360978E051805B84,,,,
A514523B77BD9842516A2966D9B41491,,,,
A5A5966C1DDA08ED0ECF2C9C9649D021,SA7030400108037593310019,,,
A5013E54309B4816FA6253D8AB32B417,SA7030400108037593310019,,,
A56217DAF5B92F5840381A16F4676818,SA9780207648662222121014,,,
A5BB2A3595857B0D37AB9EE4D7518A4A,SA8280000866608010233668,,,
ACE5A1ABBE2C18E5B07B3B43CCAB02E8,SA2980202474564222121012,,,
ACC7B6B82C648B340FE1C790DDEBF2C0,,,,
AC198FE1446E11DAA7E2623D57DA4A5D,SA5880208849263222121016,,,
AC7CE0E9E97DDF7156363E861A97BBFF,,,,
A5C1CCC1141F9F462B2F691B9E264E2A,SA7078000000001291027543,,,
A539B69241FDADDA56BE4510EE5A3D2B,,,,
AC96C4014D307BF86A6BD4C5AAC023C8,SA5960100031482244335001,,,
AC9A75AE16243F662C3C678A664CDBBC,SA3280000614608016249334,,,
ACB30A414338106B9B566C921C493C7F,,,,
A50E2FECBDA51F7447A599EAE33C4D1A,SA8430100991100378972353,,,
A5A923A416A8C0535C7F52D22AEFCFB0,,,,
AC3CF916DC5B3FBEFA146B45ADFF9D65,SA6280000130608016149513,,,
AC950E64A5B959CEFAD7CF78C637A046,SA8436036036059526606821,,,
A5DE1D5CDEF04701688F2A8ED709934C,SA4845000000864188008001,,,
A5558450475C0D627E35269D116E91EE,SA2993000023230270034000,,,
A5C7C794C6661F1443F284B326196A85,,,,
A55D741A4771074EFA7CEB4FF9661EF7,SA0220000004214430429940,,,
AC0C8208F3130F96F7A6F8282C224AC9,SA4845000000864188008001,,,
3AE54F3150E76BA12736,SA2993000023230270034000,,,
ACCAE65B320C004CF55D6EEEA6616CF2,SA0880208410276222121017,,,
A5C6DD28FFEC745E072CE9FE250819DB,SA9236036036035853927785,,,
A53A19BF0E5B629823AF6B3CB75CD09C,,,,
AC86FDBBDC34C2192D37BDEDA3CD7B55,SA7280000427608010134257,,,
A57CA44B55A15D74210B7434E768F8BA,SA5690000000029901786857,,,
A554C5E7361B382D29C8A8F7370311A6,,,,
3A0AA02946B4DD2DC3E0,SA3236036036050164627634,,,
ACC8A23BD22D0B7756BD7EC94B8FC405,SA2805000010011897337500,,,
3A453852F9372D10F1C4,,,,
AC31D10289663F072BAE1C3E396BEB80,SA4778000000001208591246,,,
3A4C103A02394D57EF03,SA4778000000001208591246,,,
3A94ABBB339756E46E64,,,,
A5871D90D4DCC92D49A43B248ACA4F36,SA7536036036057333823237,,,
AC521571240C9C3E6E153E72DF1CE2E3,SA6780000858608013925479,,,
ACD4D418839A6EF1F7131B6B0FF77E37,SA7180000296608010306598,,,
AC3A2D5C1F1CCF2653480E346CE7CDC0,,,,
ACC498B4196FAD50D07B48896992760C,,,,
AC1827FDABD78F0006D787A67D1384B6,,,,
AC9457B3ECC530750446B0A386A466B3,SA7805012000000111526354,,,
ACD46C20A3B5724BECEDDBE262FC908F,SA4020005298200000380148,,,
3A75F4C1A16DAA530763,SA8760100000682297435001,,,
AC978AFDA62B7C2AFC19B1678338B516,SA4145000000028405108001,,,
A568773D3BB8779E3B2E33DC646DED71,,,,
ACD6551CCADED3BA4B77C4FF63F6B8AD,,,,
3A1088DA42812F46991F,SA2793000021013100819000,,,
3A1AA58D2C1C87347D6F,SA5620005298200000380151,,,
3A8FD77D50833CADB299,SA8880000991608017382418,,,
A583CFDD7B60D802D26DB813987741A3,,,,
3ABDBAFC8AAF5A2C3EFF,,,,
A5152CDA9153FC3E824AA487E8EC73CD,SA2930100974017265891408,,,
3A3796BC4B6B6B91039C,,,,
AC8A43A4E5E24D1D1CAC1366452BD942,,,,
AC15FC5E9B99BCB517A008BD48571664,SA3210000008667520000105,,,
AC172C42D034CEDA93AA5DC78591D89D,,,,
ACDC09926E3537255EAD0AFDEE20134B,,,,
3AB22557D39B13D38711,,,,
3A59F7559B1C070FEFBA,,,,
A5DF244241ADD3921E5A1B89ED3DA0E4,SA7810000028900000980506,,,
A5B07617ACFE7F358C58EAC15ABDCD83,,,,
3AA28D9D618C5D74C9C1,SA6805000010011883830500,,,
3A1A4DF65A3338F4FDB9,,,,
A5A456FED82FD95032A191310C8383AD,SA3420005298200000379868,,,
3AC325D45C85C90A0C5F,SA2160100015082292135001,,,
AC50F6755ED13D78EDF8E534D6EC38EF,SA4305000010011899656500,,,
A52F8301E86F3E01508BACF2C7C55D74,SA8080000520608016079734,,,
3AC4E97EDDB76BC46714,SA3378000000001290799968,,,
A5B82D639B0826589312C359F7CDD436,SA5480207587512222121014,,,
A5C14137B5C595F5211D724F67BDEC83,SA8936036036007173245938,,,
AC63879E881F29255D17A13B512CDD00,,,,
A57526D839FBA99B3C2F66D0615C18D0,SA2880000567608016132834,,,
AC6F03929B82FC238A944644A4E64B8A,SA4060100000682297308001,,,
ACA1EB77AECF254476D18BD711E52066,,,,
AC7CE3B2770F8C8EB31416A530BE431E,SA7905000068206499674000,,,
A5A6458824C7CBD2B8AF57369C537F0E,,,,
ACA56E043D796FF4A44CDEAE0ECAA0C0,SA8415000007780532790008,,,
AC8E1044F60062F36A5B7D4A74EC3861,,,,
A5936C15AF1652FA3303C083016E5638,SA7036036036081124672275,,,
A568AB07B7FFE0D069774B3E8F9203BC,,,10593066,134
A5A26B2D608718692C7B41ACC81673E4,,,,
ACC271244A1D4D056BE22C4ADB5066A3,,,,
A51CDAC2E21CD084C7F84DA8F9318050,,,,
3A4657ACBFAF3E869627,,,,
3A1A7FCFEBF56D5CF756,SA2730100949000010926735,,,
ACD3A075AAA7E9DB460BC630EB111341,,,,
AC57C4F72108B50B3D77582B4A403256,SA8380000221608016659073,,,
ACA4421893110409E76D5F0A6ACB5200,SA1780000513608010043453,,,
AC1CC6D622E77E1501693F91B72F1641,SA1780000513608010043453,,,
3AE798855AA9F49E8C01,,,,
3AC308B1AA4C89CE763E,SA0815000007780549940006,,,
AC033083741A4BCD1093253C59C735EA,SA0815000007780549940006,,,
A5B4AA98E2696BEFB390883A182CE38F,,,,
ACFD02AE7A00D184B5047934B4870F8F,SA7236036036015130076995,,,
A59B00723DB994C2FEBA9F1BFDCF8119,,,,
3A70A8D702D0B82E0A66,,,,
3A4699C7DDD63771C401,SA7315134018967487865589,,,
A5D3D8352E2E39A51FEFA7347A99C3E2,,,,
3A8275EC98ECA05A043B,,,,
AC21658019E766D165D1A43757A071B6,,,,
A562F2B0717DD92249AD1A5988428F69,,,,
A5E59DCE8A4100D10C22243F5577E108,SA2693000028835672726000,,,
AC823EB4D74AD7BD6704CC4FF0C7D7FB,SA4736036036046087966848,,,
AC6F89755B3E531D5CE8DAB2A51CED8E,,,,
ACFA3AC2925ED09B73CFFEEE2058D02F,SA2693000028835672726000,,,
AC629CE9FDCFCBE6132B770F53DBA6E3,,,,
A58955E483B43A0722367E00AF471F0B,,,,
ACEC87C0ADE5B9D2B3F392BC932E3982,SA7780208851464222121015,,,
AC56A0313E649FEC1ED2CB6EA3CF1C25,SA2015134018963346228928,,,
AC2AF8E169AC58E55A3D72FC626D0890,,,,
3AB755A81B00FBE677FE,SA2015134018963346228928,,,
3AC5551A427A23837588,SA7236036036015130076995,,,
AC499D3902A521658634F2C344D34401,,,,
AC5DB0153A9E2E33E9D8D8095AA2BD30,,,,
AC854CD85D6461AE18E8BE1414EF7039,,,,
ACFCF823B5CE145ED9D3C52EF4EDBB2A,SA7560100000682298063001,,,
AC0B27D0129D141241869E70A60AA83E,,,,
A57857300745D841C344B287BD3A7CDE,,,,
A51284FA3A20B2293B91461166BFD731,,,,
AC8A9BCBBD405EAECE0322EA37A0B8AD,SA7510000000429831000105,,,
AC8F59D179DC6BF01AB604F091928E7F,SA5130100991107443132874,,,
AC4C8B3B4CF35B1183434845D66F002C,SA1536036036012104609512,,,
3AD17984257F94975745,SA9130100974017266823626,,,
AC641E5E0EA2B5753CDB94A5966D34B2,,,,
ACC81922D6B162E269073CE9A8FD4777,SA3315134018967502296611,,,
AC688EF5C59127BF31D8930E650534F7,SA2780000202608019755525,,,
AC26026B20A13334154CFABE06259FD2,SA1180000412608016195598,,,
A50F3FE4AD57E3EAB8E92265E9792006,,,,
A58F97DDBE446F9D4EBA21DF1C748AEB,SA0980208851503222121010,,,
A5A808137E23E2C99BEBED7E41439A4D,SA3080208853352222121010,,,
AC2C3621B6EA9A05C7D7B99F551962D3,,,,
A558257ECD39FDC12F984D09179FF1A5,SA4245000000028401693001,,,
AC5C43998B40C577A4E0E5EC233BF9E1,SA4336036036056688763434,,,
A5B4CFEC160E3175453F092B2470BACE,,,,
A55B959C7D8627AFDDC1AE7CBDC148CC,SA7480000477608016389482,,,
3AB3D949D1C20C81B4BF,,,,
A5ECD06D8F579F85ECFFF3F70ADECAFF,SA9330100974017267282206,,,
A5856C804573C8DA851CAACA1261F7A5,,,,
3A806D0413B9F00A8243,,,,
AC951F52C9EDC577862727B62B4EC7E0,SA6630100991109738696289,,,
ACF79442249E842AE068DA807D6ED902,SA8080000134608016161696,,,
AC4F92F75D5C696909E0CB0E45F3216A,SA8080000134608016161696,,,
AC75B41A1937B91DDD60A48AC9E85D97,,,,
3AF3D197282803F5562F,,,,
A5734BC6003841FF78E8D8CDA7F2DFF2,SA0915000007780556390003,,,
AC7DABEA9E93650FE01A68598EC29B3D,SA1680000208608016182040,,,
ACEDEBEEEF15C4FFB221B8C1A542069A,SA7805012000000111526354,,,
A550873BD0A1074A7044E0835AF8A21D,,,,
A5BAF1330C69A36B00986CEF09AC93CD,SA9336036036090243737018,,,
A5013222CB1742CD0CCB1564E23F31F6,,,,
A57096737FA669B27C039177B20C3DD7,SA7236036036027903993221,,,
A50688FFABE1BB8C9FFA5E4650EA6778,,,,
A5353C33D38680C203A58DF542029242,SA3280203896123222121015,,,
ACEA2A5D6ADDBF5F20C18D50F66D5B18,SA9805000068205642244001,,,
AC91C88132AABC7145928F3C35266283,,,,
A5C828F10F08778DBED9F42C615DB644,,,,
A59FD8C90F0CCB713A016361C5D86203,,,,
ACA3FA9151346E3FD65922C0CC6E04CC,SA6315134018965962866980,,,
A52D14A6FC78D684121AAF27E2A0DDA3,,,,
AC4A76BB8DD683B5CB125F985AFF5900,SA1105000010011902721500,,,
A525901F1B2B837689C58DD06B477921,SA8436036036063850927640,,,
3ACC56564EE59A8FB547,,,,
A5EBD2E56CECAE06E2B522A051EDF63A,,,,
AC685F003061868D2B8DC638214674D3,SA3680000572608016024091,,,
3A3A845BBC5764DB82B9,SA6515000900146729320005,,,
3AE17F53D3093EEB98A8,SA3680000572608016024091,,,
ACAB06F476678EF5CF11ADE05943A5B7,,,,
3A803B9EDDFFF595C91B,,,,
3AA1CE6DC960AC449CE9,,,,
A5AFE01F212A4DAF2E68159A81E751CB,,,,
A54131FE1E9D7E91B7CC3C4B77B92EEE,SA5936036036099322561755,,,
AC4AE725026433645E35D24023A9758D,,,,
3AC0BE85889744A713F7,,2523286355,,
A57A4F0B409D2ECBD83A1C76326A3F3F,,,,
A590B095CE6746D544114D29E9F39B7D,SA0480000331608016271942,,,
3A27A8832ED744F91877,SA8815000900143447890004,,,
AC23F1989C7D9E39232909E0FF4758A4,,,,
AC69AD58239FA9CC6DCE0C3CB2264591,SA6480208854498222121010,,,
AC81781506C8CD0D7E1BCD3950A9DA7C,SA3680000572608016024091,,,
ACA753CC67C09CCCB6B3FA3B32D01E5D,SA7980000225608016105172,,,
ACB3912DBAAB605856D1BFF90FA65159,,,,
3AED8ECA1E07585D8EA8,,,,
ACF8CA3E09D3DF5440A8380DAA81B859,,,,
3A1A3DE00EA311ADEFCE,,,,
3A1222F7557F9DB75A13,,,,
3A1F1C1C94CB320AB931,,,,
AC6E6D252A5B8C4F4323553CCC1C6FA4,SA7980000225608016105172,,,
3A385D36CC97A9934C5C,,,,
3A2140A07593A005BE97,,,,
A51C8E3E7FF656F5989D2C91D431E202,SA5420005298200000380187,,,
A55F1425CC44D92D75EF5027602AB754,SA6810000016400001398508,,,
A54965ACAA4D80C4EA22DA58942F0D0A,SA7405000010011904080500,,,
A519F67A8CFE13AC36F5CFE88CE820DC,,,,
A5CDAE76BC5DE256DAF5B8DAF8CDE02E,,,,
A5A94FA8F2C65E481F003113A2B99954,SA2030100991105671550361,,,
A5ABC9C75655DD21CADA51202AADFF2F,,,,
A5BA66D5C288CE4C181BC55538E710BF,SA4230100974017268928244,,,
AC4019B31EA16AE12D52995AA3F1093B,SA5505000068202353016000,,,
3AE21295F378F689D995,SA6810000016400001398508,,,
3ADC604D2F8FF9F281A0,,,,
3A7224CE3B6153575506,SA5410000011100344340100,,,
3A4C80575C07B8D50BA4,SA5480000636608016081871,,,
3A096ACA9B0D4154DF4B,,,25119292701,169
ACAB6FFED70E8873FDFA77B9E7663EAD,SA9730100974017269127268,,,
3AFC2392B6AA7DE1D5F2,SA7130100991101165346155,,,
A580C1CB33B51EDBBA5E60E662E5DE7E,,,,
A53A3D162B2619859493FF2CE988E282,SA8905000010011904750500,,,
ACD510468FFA1179C3F07DBE68795FA7,,,,
A551CF8CBF00D055D31CA0F7646A4F38,SA4960100000682299068001,,,
3A626B65AC637D7549C5,SA6705000010011904026500,,,
3A24229F38FFADF64EBA,SA1810000026100000549300,,,
3AD3AFB1ED9BEB5F76F0,,,,
A5E4CE84E2BD50E971E506594DA68210,,,,
AC9385BE18D82414E393E5466F834C51,SA3210000008667520000105,,,
A5C3370A7AACA753BA210F64A37F9F8E,,,,
AC303F49648739B0720F288D840458AA,SA4405000068204998135000,,,
A574E4DEEB6F9B6632784DF3C92FCBD9,,,,
3A53EBFEA149575E5C47,SA9730100974017269127268,,,
AC8428FAC48D1ED5333CFA1C7E010A85,SA9060100000682299121001,,,
AC6B3CFE87B8FC9D87BDA294745CAE0C,,,,
A50869867429F37DE5573CEAC4F95E97,,,,
ACDDBF193207A258180613F9D3CE89F1,SA9730100974017269135416,,,
3A41023FB7258AAF04D3,,,,
A5A646BCDE34EE0102A1FA02A1C7F0A2,SA1336036036048006313568,,,
A5B767FA1C5842261A484E36743BEAE6,,,,
ACDEE694BDB53FBEE9F8033E8F105539,SA4215134018963910725561,,,
ACFC450AE845AD71D585D7191C18D9A6,,,,
A56EA8BEB81E94E8DB0B582CBA91B230,,,,
A5730D7E34BE43C41F6D675482544795,,,,
A5E73577E104A092EB6C43C5BFA25986,SA4836036036070301030394,,,
3ADA4385076F173F7245,SA5236036036065864354791,,,
A5AE2546302798FB29406C1013CD2F1E,,,,
3A14FB08A8F68F1AC329,SA8060100001182299110001,,,
A52266478A295C64E312539878546073,,,,
3A570CE3FD9A8D2FA930,SA3930100991104265247317,,,
AC4642AAF6FB3683EACAF38D61AC7E1C,,,,
A578331F0D7E73990B89363E65FB492B,,,,
A564C5742C0B31AA66B97D51E05CDD99,SA8936036036068515165469,,,
3A288D961BFFA3D67A1F,SA8780000109608016050882,,,
A587EC869744B8CE0CC1061472147C78,SA9105000010011642180582,,,
A5163B0B7146740AAD58C43E95ECE463,SA7936036036082284563387,,,
AC3335DF521D34999A74D79EDB20373C,SA2615134018960503396179,,,
ACABAD4252B848D9597CB082F11CA877,,,,
A5D87D391ED2D42662961AD4485AD1E4,,,,
AC8F536C37554CF8E442EAC7A067F8AB,,,,
A5CF309B233B2C0AFC6D76A3CA3700E3,,,,
A5F1784014BEA4CAE0095A586ABD2658,,,,
AC99592F1A014EA1972757490E1D2AEC,,,,
AC54BD4698AB6483722DEFA714E6C0CE,,,,
AC6F9C58480B73BD6E6D2199C7987A67,SA4580000991608016543366,,,
ACD18E553FA115BCAFD9B803C1B2B9EC,SA7805012000000111526354,,,
ACB143CDCF609AABBA97ACBD9D241194,SA8980000316608016515602,,,
ACF0B566E06D327541BA83C3E139655A,,,,
3A3E276A49479C31A7BE,,,,
AC47713E749A7018F525307AED408432,,,,
AC11F940D5CE6EE7D5CB49F83A7FD5B6,SA0580000233608016114349,,,
AC8266DF096BA1E99C9CC0A3B11AC434,SA4880000277608010491971,,,
ACF545A9871C122E94C1F28C570B23CC,SA3480000866608017115033,,,
ACA2A5D30FEA0BD96A052637A36FC10F,,,,
A524187133846FC2387C584E433F6A36,,,,
A527DF37A470DC0B5C701623EDE31F75,SA2705000068207255568000,,,
A588B27D2B375EE7D4D1978B9BAD01B9,,,,
A5A1BF36F8E169D246D06CE4745AF22F,,,,
A5ED255A6C1C4841473A549FD447A035,SA0230400108055242420018,,,
A57C257AE20AB0C9C994C2FB56D62385,SA7878000000001045064208,,,
3A61EF769DE9425519EA,,,,
A52939689406F5D16B1B207F5DA88C58,,,,
ACE4AFFC1671A6A5C00F094A961CCB18,SA0445000000860184340001,,,
A5C6A7EF899ACDA9F05262832C858040,SA3036036036048010052321,,,
A59D2A7D19D66CB7367C7782CF578253,,,,
AC97ACD594131A9144FF5F2CE6CBC0B1,,,,
AC6207B357B7B7FF6E64FCE8EA284FD2,SA3980000640608019059647,,,
A5B2FD3E1F35FDF195F1B1CFAB2E7A78,,,01506323032631,368
A5F2D7956FF417BA613974EE197F103F,,,01506348032638,368
AC54B3FD762166643161A958B878C6A1,,,,
A555FC13F14AE143CBF7706537114B1D,,,,
ACC6EC5EBAEBBEAAF6E27E1B11928892,,,10596123,
ACC7ABA86023F2FD9266E4C6B37F2B5D,,,10599152,
AC07ACFCAB9AAF0FC9197BC6A8E2B622,,,10599152,
ACAA28B7C290401F5C2911B6D7CD094A,,,10600143,
ACC81F9A70CFA3F86BD808AD8C1FCDC9,,,10596123,
ACC7C462EB27262F6FECF9A7BE2220B2,,,10600158,
ACCC915779B3C51C3B91FE84B9C7DA00,SA8480208779977222121015,,,
3A89EA5CDFFDAD944D33,,,,
A56482C3F7F32C38A062BD00F7376D90,SA2993000031471207965000,,,
A5A00042392E6E5A3401760FE20A7E8F,SA5180201338066222121016,,,
3A9546137C2E50B958B2,SA9010000065500049781003,,,
3A6BFECB0EB967D2C61E,,,,
AC9C76E84D000BC332191B8660CBEFED,SA9105000010011642180582,,,
AC9CABB6B9E359C14BFDDDE5E3C74E77,SA0780207602238222121017,,,
AC1270AB774929AB1BAEAA912ABA272A,SA3680000109608016107538,,,
A526197C160DA41663691A0AF84F6590,,,,
A5C07B4E9741AA6D6FB54B8082526AC0,,,,
A53735485E22BC8558DE252A1275FA51,,,,
A5901BF02513C2AD73CDB93D8C84BBBF,,,,
A5DD688B7D007297BC7173A2A293D098,,,,
A516512ED082916625780E9ACA7A7EE6,,,,
A53D5ED70E0198D222F4240F2D1B6B12,,,,
A5431416D41B8B30B022290EA173857F,,,,
A59DD16F952F37AA7391AA04228BCDF1,,,,
A5832A6AE35202543DB06E1702F1CCED,SA7736036036023991943458,,,
A5A017AD7B21513247D159A7C910BCB3,SA8610000011100530479905,,,
A5C8E99EA2D641970CFAE23DB4E9197A,,,,
A562947DDBD6D7070313C5F1F83A86D4,SA4030100974017269003649,,,
A522BAF5A1A0DB4563B7BB679D243DB4,SA3593000008340498508000,,,
A5A4F5B89A02C3379249DAE17F5C94D5,,,,
AC0A9557856493904F30FC96D77C3DAD,SA5610000025700001797802,,,
AC403B433CFE6199E0EF2B4AEB91450F,,,,
A5839D91F21E92BB54B82AB462174F5A,SA3730100974017268349438,,,
A52928BF7C6A82BB3905A9C34F5B63AC,SA9878000000001292994393,,,
A5F346A0B17031ECFD21E2660408402C,,,,
A57C56E84FF8DF24E34F14E234A0324A,SA2715134018964257263569,,,
A5A68DD776C3A854304A39B76AFCFAC9,,,,
AC40B516CE7F4F4FB72DBE366ABB0016,SA7510000021000001060301,,,
3A461F5860E0FA5061A0,SA2715134018964257263569,,,
AC9C714CCC6BC895446073F9B0446380,SA6180203654472222121018,,,
3A3FA4FF132A676CB9DF,SA3730100974017268349438,,,
AC8110F5257830D84321B5172B3C89E6,SA8430100991106437684988,,,
3AF744051881D2C98E98,,,,
AC2B9FA986537D6CA9B0CB5DE90F54E4,SA5515000900146761850008,,,
A5229880B12FEE4AFC4C930A3D2EF8F9,,,,
AC4C620115FAA67EFE7C53D62B38ACD7,SA0730100991105724461185,,,
A53BAE70FBD1B6ACA2D005F2361A6E9A,,,,
AC2BCD04E1AE06A427F62F6D52CAD38A,SA7080000121608016194536,,,
3A8B9FC9B5BC91042913,,1127797783,,
A58B985FE649A72F5E62529B01071CCB,SA1336036036031974741000,,,
A55905385DD06A0F591A38B51822E44C,SA4636036036074250178626,,,
A5ABBC71C183E8E306112EAA2FBAE621,SA3680000867608014135883,,,
A56B7C7948C45F0D1AE7927B61E3096C,,,,
A5D26652F9DE85B3651792751ACBCA8E,SA0710000008200000934610,,,
A526A6D37872B6B90F289F62BC668D11,,,,
A5722947E4C4CB06953BEFDEB4D763C0,SA9345000000028404747001,,,
A5336E193B091676B904502CA2FC08AF,SA3415134018969188153198,,,
A59D5E8169EF6792C98FEE53DE0D9EEE,,,,
A5C6749D101ADB19DF9A64372D58BADC,SA5236036036058471533741,,,
A587782726358589682D3E855CE840F5,,,,
A5E2B339C74A25F82793B358D5DDA342,,,,
AC7A6525550196AB33ACF3F89E1A717E,SA7080000129608010640692,,,
ACEB1668901F794EE8C8C740041DE33B,SA3860100001682231160001,,,
AC561C1BFFBE1A6E58359E8977017FA8,,,,
3A4B6174619EECC2A9F3,SA8620000002291909119940,,,
AC58CE310DF767AB7463CA199E072C03,,,,
ACD8829B9698DACF4B14367D11E2ABB3,,,,
ACCA175B63ADBA8FB2A53D496715133E,,,,
AC3A83BFB3670C8417C1AB34CC7AC278,SA8620000002291909119940,,,
ACB894371A9D215DD1856BBF53723174,,,,
3AAF76CE9B4AE438C24D,SA8305000068206554108000,,,
3A3BF9024E0AAC49896B,SA1230100991106370767342,,,
3AD23E7B7B8B0EB7D781,,,,
AC1776BD19EA28B4ADDD88995522C0FC,SA0480000868608011041042,,,
A591C0D4D078E5F111BD7601B0B1261C,SA5320000001012884269940,,,
A5743179D79B362AC490FF5275F690D1,,,,
A585403BC6485696FB89C3C080E1B8D9,,,,
3A0314406902DFEF3124,,,00126108296251,903
AC96CA8E6DB225458676807B8BA2C664,SA9793000079374051034000,,,
AC2977FC4734F4DF231BDD0A019C107E,,,,
3AC008198CF6CF46E9AA,,,,
AC9DD602415807A47DD29BB834A40B8F,SA8305000068201587514000,,,
AC6901BFE2FFE3CE95C081187768114F,,,,
ACCD6FB90C460F357EA812A4A87A0A2C,SA9880000575608016026317,,,
AC98D3FF5E6635421B0F78121EB9BC53,SA3705000068206067409000,,,
AC8C81C84B41CA6105CBD0D214CB0524,,,,
ACB5B0531B0354C2308E0BD333DC462F,SA8580000221608016303532,,,
ACBAAD3700D08427B26349A5D950206C,,,20778743130,153
ACD6A326591E421E5C384761138452AE,SA4580208851090222121018,,,
ACD495524C72A1EDDCF3F72EAF5977CE,SA6405012000000111694222,,,
ACF42AA7204D902309C17D32E94AC0FC,SA4560100000682244828001,,,
A552968AF722AFB907B64851E585D4CC,SA7578000000001063139242,,,
A5A7722D26DFA8AF5836C74393696EEB,,,,
AC1BF0B3ABA37888F99C05BEED101982,,,,
AC05552D9BB3027E6D2330EC3EA3CB71,,,,
ACDD04AA976932FE3B832BA7955B1C17,,,,
3A4ED3A82EB474859446,,,,
ACCDCD24023A0AF59790C30E190EBB2C,SA4636036036060710217704,,,
A55661616FA7C70AFA25CAF02FC4FA16,SA6230400108039325250013,,,
3A59AFC026FB4D9667C8,SA7580208851371222121012,,,
AC5A9696382E057C2502FBAD4B8F8148,,,25181519094,169
3A08834B0FF591E35164,SA8715134018965496573095,,,
A50961524F63A90CBF8967B22051493E,,,,
A523CD0E561C505EBEDF7909F2B4685E,,,,
3A2E5646446F715F4562,SA8715134018965496573095,,,
3A32162C9C250FB992F1,,,,
3A5184B15EEF357AA579,,,,
A5FB214DEAF8048F4BE452E3D5A9F38A,,,,
A5D38F411490B51BAE216A34093EFD9F,,,,
3A38AD7C343203B67C57,SA5936036036077609877376,,,
3A7067FFDFE17085BFEF,SA7480000539608018071175,,,
3AFC08982B28D52E5F9C,,,,
3A7995D77187A8622F95,,,,
ACA3B8FE54ED4D4721E7AB302B57922E,SA9030100974017270100498,,,
3ACEED819E7A65EC3B96,,,,
A5C4EDCD996ED527267390680B1CE94A,SA3936036036056805317154,,,
ACE1156ED5095E0EFCE6133D4CB0FB02,,,,
A55AE9845CB5409745054753A1508607,SA9060100001981496169001,,,
A537C846B98C33EF5ADE7688EF6D864F,,,,
A5FF6CD00598A8966564B3E363B929D0,,,,
A53743C442B456835C520705D5266F4B,SA2380208863378222121013,,,
ACAC457A25C62E1BF696F16FD825AC88,SA1136036036016023851419,,,
A514314B98169D8186F27D90160BDBF7,,,,
A5C3F0111FA3E30F86389A67AADCF90A,,,,
A5440A6E1B771E98814F08F9CE7E8537,,,,
AC16BFF99CDC7096D6B745237859FBF9,SA5936036036005468233731,,,
AC126A73F4054300168CD539288854FB,,,,
A5B0A5A00B462E6FE9F16E64A98774CA,,,,
AC7329009D3DB4E889C1C76309D7EEB9,SA1310000026100000542600,,,
ACAD7A88135B96802D85ACFB32D5A383,,,,
A5AF1C23E0042E52F25A6D942EBAA929,,,,
A50FFE45DB8375C9EA848C8223DF138E,,,,
A5FF2F335858C446F168F02A7E5C0D26,,,,
A56536F4B2332EF7BB727AAA444DA0EE,,,,
3A629F78900AB38D310D,SA2215134018963053813662,,,
AC38F267F945BC4E6D4D802FC0608935,SA5705000010011908591500,,,
AC0B788C2B9C5345516734545A98C2E2,,,,
ACD3F9141CA1BD86FF69CFC773BC4E15,,,,
A5C59A5585AC174523BC102B2A9D3C7A,SA0630100974017269551438,,,
AC553DCACEE5CF32F3446FF7CD5C410E,SA0515000007780627060007,,,
AC2BCD3BB4C0EA504FC90D3BBE80D005,,,,
3A2D63710EC89711C83C,SA1180000859608014511541,,,
3AFEAA1FE64885860CFB,,,,
A5796E24D7A3AA20D36889566F58CCF5,,,,
A523FD0E171799C1DF56C76BE4EC70C0,,,,
ACF794C76FA47E311BBBCF7E728BE80A,SA4580000119608011000542,,,
AC46C9691879C9BBA1F6747368FDFA5C,SA4536036036033510925447,,,
A5C5E2DF9835506E184562A0F12FF446,,,,
A540DE01E9D4501A201C39587E7089A6,,,,
ACAF188E8024369E31913EC23E94BD48,,,,
A5B75EC007CB7D4D34CD8A9A5C55A4DD,,,,
A5BDF2CF0D8A97A25D414837C2FF756A,SA9293000047559898402000,,,
A50E66666F9638D635343E836F06934B,,,,
A5D0A2A0FAB6659A2E9205C98D26D95A,,,,
ACEEC041ED3B4FE5D36B80189C2C2DF9,SA4793000055670989541000,,,
AC5004A8701C0A7918FD8A6DE03DE2F8,,,,
AC42F5C3AD31B02DF839703D639AE274,SA7780000857608018945390,,,
ACA3DFBBB173D35CEE501920D5ADC131,,,,
AC66354FA6BAE9BF1AFBBB9A6040DE5B,SA0415134018968106993193,,,
ACECD9F7C6B9F6314746B27F309C0C47,,,,
A5CCB509A62FF09876761DC443BE3FE7,,,,
A5674DFD853980A7AD5809B9628BB41D,,,,
A51FF357E3060D550870599EFBE85506,,,,
A58B19A1D26887EB315CBA7788C96AD1,,,,
A50FCF863BFB7391DD752B4EDE4CB697,,,,
ACB24A52FD49C0A477DD80AF8505F06D,SA6193000095723098920000,,,
ACB8C2B5ED8ECB487E7C5230BD613E0A,,,,
A50A242FA1F3B321DCAFE03B02606D8B,SA0378000000001281119229,,,
A54864BD82B931D4F489C35B6A98EBAA,,,,
AC0584895319D444D23335CCEDCCEC53,SA3780000502608016134564,,,
AC046B80E8714D07D0148ADB456A9300,SA2580203919478222121016,,,
3AFEB520C36BC50245AC,SA4945000000028406403001,,,
A5FC91347310A6B6FB6D0CFD3CF856FF,SA7280208866436222121016,,,
ACD7554253C777B4F7289D154A7A1D37,SA0845000000045120268002,,,
AC991A75FB57176212D41B668C1AE55C,SA8493000096080873260000,,,
ACA4B299D0C5189BF1C814554040AECF,,,,
AC6974BC71CA0BC267C8312CE597B468,SA5715134018964869386476,,,
ACBEBCEE02C1CA9E868825D1F0DCECE8,,,,
ACD14E577A41C418E408EC2068414492,SA8180000382608016035303,,,
ACA3CB8868749CEF109BD4401E9341C5,SA8010000079537654300006,,,
ACEBCC3C53A2D727C3CC0EDBC79F6A62,,,,
A5CBE8417AACE4C5C6AD15D55254D819,,,,
A5FF298863A63BCE82B5281EC2DF7362,,,,
3AC99DEDFBA975BC9114,SA5715134018964869386476,,,
3AA73EB0F18642DA3960,,,,
A5FC5A52B1F8880AAB892749200AD1C9,,,,
A5D8A9EB6C9F716A6182210C06225A91,,,,
AC7D0701D9C3711744823BAF69575F49,SA9810000011100482257206,,,
AC6C16998C97B9C26AF0AE4753DC7DCE,,,,
ACF05D84543DC360D03EC2B6391692B5,SA8680208783736222121019,,,
A5491983EFE5BC20E79C831399D36F67,,,,
AC2CDABB72B9D90281099F4131E7D3B3,SA3836036036063390523012,,,
AC983BA1237AF0450927A65F7DC4AABE,SA4730100974017270147444,,,
A5E59A9F9D92D5C15F87B03B5EF5B82A,,,,
ACF9DED86F328BF2AAC3DB36F8013BFA,,,260309808680|25181519094|20778743130,279|169|153
A54C01E2F73C09E8AD0CC13418D2B412,SA1605012000000111521941,,,
A564F316A9CEEE4CDC4ECC598B7A949C,,,,
3AB9855D46738F1263C9,SA4610000001100000878003,,,
AC594BAB5CA8B11DFE8FAA1CFB3EF945,,,10615033|10615034|10615035|10608025,
3A32950C8918BD2021EF,,,,
3A9EE45AD6D26792DC85,,,,
AC966C51AF1B1503FFFA59C2FFFCE006,SA6893000092077284231000,,,
3A85C9057627745CCE61,SA9193000092810857426000,,,
3A180153CE57A9EA21D5,,,,
3A38177B54952B05A5C5,,,,
3AADDBF161BD1647EAED,SA0880207778344222121011,,,
3A1D42920C79BC21566A,,,,
3A51796608C81DEE2737,,,,
3A7BE71AAA64E96B3A4E,SA6380000470608010004423,,,
ACDFD3B55F0929411BE52C7930B72DA5,,,,
3A60875C2AFE24FA740D,SA8315134018963414080361,,,
A547B94D2E81446D9A6CFAB671DE8962,,,,
A511A1389C7D1D6794CBC62A9CCF259A,,,,
A5AA7C3FC678C2947105103B94B9F88E,SA8836036036028298459244,,,
A5AD229C6A062C847749EFBD99693968,SA5305000010011910223500,,,
A5ADB4925425995FE40F48E253174510,SA8680201959712222121013,,,
A538E59B837DC4B2863BAEC7E371360D,,,,
A58440026604C366C022C552C424371F,,,,
A5F740015BBCFC33361F0F6B8F729F04,,,,
A5A984A20387D751F4E349ABE777D2C0,,,,
A54A818B2716BCBF7F7EBD6AB5C96F7A,,,,
ACDE5951DE52B87C99174B45400B7C78,SA8180000867608016889776,,,
AC142479C0D7207B14BF8D366960101B,SA3080000857608010026892,,,
ACC9F76A921968969BC5AA890D75820F,SA1880208752153222121014,,,
A58C11C22473232681C80151D1CE376A,,,,
A563368061AB32A5BB3294897367FFB6,,,,
A5ECF7AE140F68B461F600F0C1DA1DAF,,,,
A5596EDFF1FEF709009EA24F73556669,,,,
3A3074F89F624E7CC4FE,,,,
4AFAEA037B66CE51E72E,,,,
AC17123977090499D8BEFCA1289006EB,SA1630400108093210090023,,,
ACEB2993FFCDAA7264371BCAC216F75F,,,,
A50936B26C18380FF354CE1B73E5AD97,,,,
ACFC70C552855DB991F17B209C98ECAB,SA6436036036043731477642,,,
AC6BF128EFA001FD45298275B9E6FC6D,SA5905000010011909230500,,,
AC6A087B5CDB5D302E6389626D81C132,,,,
A57946FEF7547B3092B0BCAFE82D2AF8,,,,
A52942A269995D2B0A36BE7DB13C83E8,SA9180000524608016080985,,,
AC287BFD3008C26377DFE4B7BBB0F7E0,SA5615134018966484995505,,,
AC616625242BB114FB0C0BB2F79B478D,,,,
A585CE786C9A68C92217AC1706EB4351,,,,
AC184105E21630304046707200599AA5,,,,
AC6BD2067228C6EE1A2E1B24D7FF53D1,SA7493000072695256562000,,,
AC03CBB177B8091E8A12DD1207563BB4,,,,
A5E8E0AF77477E7F8C539EEFAF4FA979,,,,
AC666F14862A52144360A50D528E269C,,,,
ACC3DC8F3A64D3B3ACED23FC4F4265C6,SA2230100974017269593054,,,
AC18DEABC7EAA3BB6048DD6BB697BCA9,SA5905000010011909230500,,,
AC4461F726C6962EF072F231D26A6336,,,,
AC4C4DDAA7318F41BF7ADCE974CC2192,,,,
A5D45159DE5798D2C2E9E62C6B4CB0B4,,,,
ACB56262A31C947C32F1318C668E9B33,SA7315134018969163189740,,,
AC55230D710161C229046C3846E0AF3B,,,,
ACBEAF1AFFE2829000E893D0D2462808,SA9680000155608010170317,,,
ACEE230D3B1788328AE47CBB550438A2,,,,
AC5C9C9A351BF0E1B2C53E211563D6AC,,,,
AC506542C387AED4A51D8F7E93FCD8A7,SA1493000016069620336000,,,
AC1BC19875B21E17A076CA11E0F8DD50,,,,
ACED587F789CA4A05209B7307A215413,,,,
A5E715E2E481560B90EB3CD89878A73E,SA4580000653608016073520,,,
AC8B06C6766E2F7EFD5DFF7B47797F0D,,,,
AC74B50FEDD12AE8A22159E1A82F355B,,,,
ACAE61A97D4AF69D546B18D09AB9D97F,SA1630100974017270229094,,,
A55E3DD2681F11B566E6128BF674135B,,,,
A54AADC9E8C38ACEE0F122F46555D2F8,,,,
A597A4F001756B9ABE9832057BFDAF49,,,,
ACCA559BCD929801E7F37256D0F331D1,SA3905000010011908563500,,,
AC8C87BF2807A2389BBE154DC57331B9,,,,
A518C0D228F4751F7AA56DAC9BC56829,,,,
A5A3744A63732F7A561C400611F70E92,SA2780000210608010881080,,,
ACC31F25547787A106A9FFAD0D4A803E,SA0510000011100099195501,,,
ACAA00CF59464D0E1856B527E3FAD911,SA6636036036029913365110,,,
AC2780F431A912CE803158F7E9971E81,,,,
AC56348752539B42BAD9FB0DB2044233,,,,
ACD0B721C2F325587715B3AE6A336A82,,,,
AC2A44A24CB0D38CC149141214340541,,,26144440958,169
AC79272F17795FA7B38E182BA5870510,SA9093000005576050661000,,,
ACA00FBDD37349D7DE1FA82F47DA53C6,,,,
AC0C1E79A4DC760C2A2DB0D6DD7FA1DC,SA0893000076821914623000,,,
AC30C8DB8859B382484A2E4E8A279267,SA4705000010011864291586,,,
AC73ED92445546011F28B690C7D821A5,,,,
A51B04DA9C19E77E3FF5F0BE526D8DC4,,,,
AC595B72D0969238963FEA31D5A9189D,SA4115134018969881424003,,,
AC48D7678EA89B3C797B74C0B6CB5666,,,,
ACE406BC0DA6F366AF1644ADB894666D,SA8680203831464222121011,,,
3A5376E2811B3065F926,,,,
ACE3005D65794C790A7B4F644143CD0B,,,,
AC6849FDCA5B5090C08F0C6EA835B443,SA5610000024800000732108,,,
AC2F76764DF21F80F1FC0A801DDDA248,,,,
ACF526F71D7F13AD65D19D0F8EDDA31D,SA8715000900145253080004,,,
A53A383946B65819EAE201EAFC6EF485,,,,
A55F1019C835AC565C6796BA2FA650F2,,,,
A57E95D596ED0B2B880EDA254E45B931,,,,
A506CA9662D9FADCACCAF09F6FC4A2F7,,,,
AC8CE8DC5D2AC770A5C9179474CF7DF8,SA5980000856608016719905,,,
ACFFC694EDB3D0D20FA5CB4EA59BF82F,SA4580201738662222121018,,,
A524ADE3668575862B392209692D7706,,,,
A5F3E5474C0D28298AB8265A66FEA78E,,,,
A5BDF7B06FC032C2A5C2AFFEB4B1F1FB,,,,
3AE07C375479CEB5090D,,,,
A574691E322D353046EA38D8C3ABD32C,SA7793000041268312832000,,,
A5AA8A98177E4F56AEF4A8AA5DD8119B,,,,
A5CF122FFEA646AB3FE731F072B8A351,SA8380900247696992540011,,,
3A6AC0DCDF25755A9843,,,,
AC1C24C4529751298CDF9DE1DF08B632,SA7580000423608016247149,,,
A5898F1C31CE8B18A5CC43F423613405,SA0893000076821914623000,,,
A5704416BDA7DC78B755298D1E1B64C3,SA4715000007780693480001,,,
3AF3124E952BD616FA92,,,,
AC6E9E89BFFECFC49CA7EC8D70E3AA07,SA8630100991101920211137,,,
A511937D060AB65F97FFBD1C489CAF5D,,,,
ACBB2AA06FD935F350C485D30EDE5C38,SA2780000188608010353724,,,
AC293E7E411169B3DC3A8ED66F5378E4,SA2005000010011902347500,,,
ACDAC13473E2D6418ACAFC536FA995A7,SA1330100947001300190656,,,
ACF9108ADFCFAE0891BF477B39D04953,SA1336036036014665988832,,,
ACC21BF7B3A3AA47084983BB936D5A00,SA1680000498608010018322,,,
ACCD1FD8C3835C898819D303DA122D86,SA7578000000001063139242,,,
3AA9DE0AD5B4BF544146,SA8810000027953910000106,,,
A51CE8C1AFC06F5B77454FA248768FD4,,,,
3A071DB016208AD0D46E,SA7120005298200000380172,,,
3AAD33E74F48D8D002C2,,,,
A511B8F367C7C355C5FD0C1AC0CE4238,SA5530100974017270279026,,,
AC3BBDA3DFF1DDED0DE1715E9B5AEBA2,SA2330100974017270169604,,,
ACB055C8E73ADD1E5A01C54501F448D9,SA6680900247899992540011,,,
A5320D0B44F371FEB90AC9D302E75E3A,SA6680900247899992540011,,,
A51D932F145083FBF894318C19981B20,,,,
3AD7FEB4E462C3B254A6,,,,
AC1A82DD43CD539DD479FD96B0056448,SA6705000010011909458500,,,
A5DFCC5992DB204F2774F24E75C3626B,SA7080000347608010966382,,,
A5537F35D9F73BB25F6A63E65598974D,,,,
A5A00D0D239A9AAF91785662E42B481A,,,,
A5FDDEDB0F084202372805E2CB960F74,,,,
A51C06D9C8F3B665DBAD914CF9EA5D66,,,,
A5029CC5EB2CB8243BB0AC8CBA626864,,,,
A5E3639439F47A918A18F7420D0A49F6,,,,
A5D483098B9869BE69E135772ABA623D,,,,
A50EDA36649D9B605F66D68C3F40D574,,,,
A5921C6507A547D0765230315D1C8DB9,,,,
A55A08FEF99025F0F192B0D989FEFF8D,,,,
A5097F17053377D93DB2C52AF9EF7F89,SA1830400108038419270029,,,
A502D6151A3D35693633DF96E7A342B4,SA5730100991102487740423,,,
A5E17389A7C2378E3F8E5131880EFE09,SA2105000068207120955000,,,
A590DFCD072FA05356B540EBF86F0C42,SA3710000012553441000101,,,
A54911EE1283C24B04A41DB201DC8208,SA2310000004700001254306,,,
A53736BFF7228268958C3F0CFA6E2238,SA4036036036026550245695,,,
A521E7F156A256BD0F140ACF946E5DF7,SA1760100000682250141001,,,
A549F03B8D02EDAACEC2F83DF857CBC6,SA4415000900146310050008,,,
3A7282727032E94721C2,,1021116767,,
ACFFA54B2E34AD9D9BEEB06A6C25E345,,,,
3A842FB0BCAA408EF866,,,,
A551CB67EEDF7D30EAA672A9353F40B0,,,,
A5BEB5DB5DF26B8C27F761BDB443EBBF,,,,
3AE0BF2DD251C60754F4,SA7930100974017270763206,,,
A54A6BF640E6702EA72BF4EFDBF63783,SA2460100000682299083001,,,
A5CE2CC2AEB85588BB24F5CA66982F6E,,,,
3A2F89D4BFE2B30091D4,SA4610000001100000878003,,,
3AC03ACF90ECD2565A08,,,,
3A144787A95EF095D8E7,,,,
A5834A382C189EC59F8573EAA3F290AF,,,,
AC722F2D78B90A152B856630752052F0,SA3036036036034903669759,,,
3A3B9FA96ACD9324C455,SA5630100974017270167846,,,
ACF01E0412697AB47A0BBD27DDB6A97E,,,,
A580387FA52F6920F211D4804DEF9CB9,SA3693000034347179934000,,,
A5ABA9C47600A137FCCC34104679DD35,,,,
A59F8382174925AE81856C4DADBF9373,SA7336036036050253865732,,,
A51C2F6AC57A266F4E417454F112712D,SA3705000068206756594000,,,
A5B0968E4D0D35A96750D35F33421BF5,,,,
AC57D39FF8CB2B18B2266310CD410242,SA6030100974017270252843,,,
A5E30024D48BDC4B7BD94ED6FCA4C8C1,SA6336036036095836965138,,,
A55202B21BE3BE28CB29362F02A31CC6,SA1045000000266033224001,,,
A5CB57D41ACF7123BD4E4ACA3822F126,SA3930100991104265247317,,,
A51EC655348DCD3A2B575CEB67F3B8B6,,,,
A5F1277E1BF646F1D8BDF193EF1D7B9D,SA9030100974017270974662,,,
A563543FEF1DCFC536DF3C3810546C08,SA4520005298200000380349,,,
A5663C46ED1D639210E4C705AAFD9C94,SA4080208875822222121016,,,
A52F2147C4DA4249EF6BA432E482D71A,SA2836036036027228248266,,,
A5F80CDE43D805E7E2E020FDC4A58EFA,SA5993000090281013579000,,,
A59816CBE69290085983A41D98DA2AF1,SA9030100974017270974662,,,
A5A658706335A180679B96FFC3A143A5,,,,
A5FD7510D1F4155B7D50E761BE562C71,SA1960100000782296095001,,,
A56399AC96F4396482CD4F26CAEB6456,SA5615134018966484995505,,,
A5E37BBEE4EE11113B4E419A944E3D70,SA2580201732111222121012,,,
A531BA50C20C6EB708C18A2667E2DD80,,,,
A5A5B1335F7A4F2A06B0E250366073CC,,,,
A5B3EEC809193DF71E250EF510FF9F96,SA3693000034347179934000,,,
A5EE00B1971FA2E67CE7E139E9D5059C,SA5830100974017270577441,,,
A57377C5737B014F94DE310AD6E27E80,,,,
A5876E139D2EE4BBA8D11AFC082A435D,SA5380000867608013996673,,,
3A1F8869D7C87DFD2240,,,,
A535C46F4AED0296B1634C426FFE33DB,SA3480205489649222121019,,,
3A771811F707D940DBDF,SA3480205489649222121019,,,
3A8CBD76F0604522E708,SA2980000433608016232636,,,
A5252B980503F0D17FEA93334679A538,,,,
A57B662D99B7C657156670DA87FC1FF0,,,,
A5B078B9804AED760CCCFA1D615C2CD2,,,,
A545FB008CC91870FF8CC0CA83A46D8D,,,,
A59F752210F3BD094C4668BB1DE082EE,,,,
3A832D6D005B4EC8C54D,,,,
A5DAD845277E42D97329B322BD0AFF10,,,,
A5998DF539F0618C990E29B4737DC858,,,,
3AD08283413D5231324D,SA1330100947001300190656,,,
3A2053390908B7F712CA,,,,
3A629605E07929FF9BF7,SA8380900247696992540011,,,
A5BD2039A6721AB792B1CEC457AF6DE9,,,,
A58FFBF78443D5E72988FF74E4EB5F53,,,,
3AEC27CF38B68662A349,,1110905625,,
A5CA60DA9D035E0FDEAC8A6EBCEB1F9A,SA8380900247696992540011,,,
3A4526565EB36797A6DC,SA6680900247899992540011,,,
A592A37431822C132640E1AA791EB596,,,,
A5065EF4F971DEF98F7704F22F84203C,SA0210000070300000181203,,,
A59534D2098B0BB37C85BF617D0CC30F,,,,
A5213AD8D63808D1415162C70CDDAB14,,,,
A51F011D9EB0B0A37F0BA8893307911C,,,,
A5B4B9E4D45BEA54F22019411C4FC61C,,,,
AC9240268722D54B91DC6B4D23F6E98D,,,,
A5E9927B4A0C02268B54B43B67D79074,SA8793000051720868314000,,,
A5216AD8AA4400E5893CFE7CBE19E183,,,,
A5194793FBB7EE6C895E2DA76CB0F952,,,,
3AE9FD3224DB93E0555E,,,,
AC0049CA1FF1A1EDA0ADAC69756DAD71,SA5280900249213992540013,,,
ACE37E287A6913A232DBA77DF08FFC41,SA1030400108037458490023,,,
3AD786B5247960E926CA,,,,
A591846CD1ABBDF13DD53B2A2479E4E7,SA4236036036014503537172,,,
A5C3CD10DF3F1B5DD9BA38906F34E32B,SA3493000052936559122000,,,
A516CE01FB0A91B4DAA23AAB945087E9,,,,
A5A3528CE0BF94A610D7CE422E979C4D,SA1605000010011914261500,,,
A5682C8E4AE15D3E474E6796D603E408,,,,
A559029C3450138E88C80AEADD13DB56,,,,
AC3A270AA18683D74CB1366AC506D477,SA6415134018966416986042,,,
A5BDA51D8BAEF95DD5939AC0679F24E7,,,,
A56CAF9E48CBEE1FEF0D81C5733499D5,,,,
AC12F9316CE945ADA8F84758F79399F5,SA1980208357973222121014,,,
3AF44D7C4D7D357FAEB1,,,,
A5863019CB84FC1C51B29CAD6791E42F,,,,
A55C1F41E8308A247547B6B6333387D4,SA8093000073187025005000,,,
AC4075F310F713FA52673D5B81BE5107,SA0915000007780590120007,,,
A58AC30E301F5B7C1488CFA20370220F,,,,
A5BA29E19BD2AC0BDABE6EA05B31F410,SA3005000068207003114000,,,
A577792D5349ACCBFA8B77FF80C2F04E,SA2980000129608016908309,,,
AC138541D77F1C3055D9BABE39EDA780,SA9280000165608016467517,,,
AC74D846B475BCFFCFA7E2CE1F107BB7,SA6615000007780748060007,,,
A553CAE7D13926569C09EA997620B6A3,SA4336036036004830840811,,,
A5A2D648082BD43B572F28D183174D68,SA2330100974017270169604,,,
A501128A02BDE6443BC5D931D280F7AF,SA1080208877056222121019,,,
A563E3BAE95070C7E08CD177CD00B533,,,,
A587AF9F0A64538513728E57770FEB83,SA1336036036041867429463,,,
A56FA5A9CC9F20DCAE062A4696CA7A4E,,,,
ACD7E502ACEE9BF961B03B5F420425DE,SA4680000124608016075799,,,
A5129346AB87CD7FA11C7126656B698C,,,,
ACF7199282FA2DAC843785198C27F3E6,,,26144440958,169
A59DD9E7FD35CAE4EE6284CA940B1F0C,SA6480000271608010446005,,,
3ADA5F14B0016058F6C3,,,,
A571AE33229C20C293015691D2A0A5D5,,,,
A5DDEA365F32957B13881A21F1D39ACF,,,,
A57BCD72274BF13AED52D6C7F6533C11,,,,
A540D9F8FFE73B37E0ED1788B9550CD1,,,,
AC4C550025D330AA7A1B17BF6962B1C0,SA2980000129608016908309,,,
A5CAD188D3190073A8EE4D96EB0CB02E,,,,
A5032D34FF6C75D4355F6DDAA7D9BF6F,SA9493000050478010666000,,,
A5808C58C6FB3AA5668940B9461A3412,SA5760100000682303855001,,,
A59066A551BAAA98AE8B387089A5BB0E,SA8830100991100026519677,,,
A548BCE73BF307432AD38367FA2B876C,SA7080000129608010640692,,,
A59E156EB2216F8DC160A4AA7BD432F6,SA4020000003053346459940,,,
A58933AE0373B66550F51E5BDF0FDC59,,,,
A593252508AD775CFE8B2C579D692689,SA2780000379608010680570,,,
A5BC6EDDEFBB3772A593F87161F2FA36,SA6780208856482222121012,,,
A5A288AE4F142CA51E192E1A19B855B0,SA6736036036068710982675,,,
A579CC0E53609AFD65346A4F6F1B55B1,SA9630100974017270427474,,,
A55B84166862DFB97791D9EEF68CBF72,,,,
A5C7A05F5528E0B7B17DCE722AB6EA5C,,,,
A5E1145982AB71FB9EDB424556A95A29,,,,
A50FB78D974C593C2F1C9939E7E090F3,,,,
A50D521E7B193D96A3AD1438B3D8D88C,,,,
A580DCF73E72507727E496CBB3D6E378,,,,
A52F30EFCB2EA472B24BC46A4D61EFBC,SA1330100947001300190656,,,
A5E2290065BF8749D1B70C76A778961B,,,,
AC4BCC901FFD8DB357F6F33187E2CAAC,SA6505000068204032565000|SA1105000068204032565002|SA0910000051200000538410|SA5210000051200000461103|SA8880000584608016214615,,,
ACBD29062FC1B6A44AE0B859045AED3A,,,,
A50158628D957C4DAE6ECABD8E6372F6,,,,
A5E3B321EFAA54D83CA3A9672F028F50,,,,
A50A3A2F001C03AF37D3FED289D60A42,SA6736036036068710982675,,,
3ADCDCB3664F9066C205,,,,
A554A0ABC8C4364A68B88533D51E901E,,,,
A59EB1BCFF22A06E2CF5CDCDFF56FA71,,,,
A587334916DFB68C30F14EADD0607C97,SA5580208879757222121010,,,
AC13A0DAA9C26053C0439A420DA1DC9C,SA2680207290239222121012,,,
A535D60829BA3EA26265BA73DDF0D8B8,SA3115000007780757920008,,,
A5E3098771F25E17B498A79077959C0B,,,,
A5F4AB1A70C852FFECF028925A323805,,,,
A5F1C1221D74FACAC87E56FAA442379D,SA5793000059813494136000,,,
A571B1087DDD1F4E9EE02574165C7269,,,,
AC5843236B7C510CD9AA428EBFE3679E,,,10614199,134
A52A523DF81A28143D8012E0514D4F35,,,,
ACBCD4CDA0D1F7AB7DE3112155D48D42,SA9080000355608017712457,,,
AC4DA80BCD22DEDC31DBBF9545555288,SA1680000868608011242004,,,
A58A885E599586D8C8B2B5BE56053081,SA5015000007780758510008,,,
A540E4BBEF0FAAA406785B0FA288CCE2,SA6705000010011909458500,,,
AC46B2795ED5933A9E57BE98F111F17C,SA6080000119608016439547,,,
A538C1F3EF4DDCD234040B34F50DE393,,,,
A5D7B56216A4C72A95B8D89918954930,SA4693000000554866135000,,,
A5CC623F2BFC226254A2FF588D68F90E,SA1980000271608010071910,,,
A5E6D4B9EE22DA3D61BBB43ECB1BFAA3,,,,
ACACD5D20B9357697A0B9503D77FA514,SA5780000996608017736097,,,
A52C6F2AE124A2164BDCDD985AD9A001,,,,
A50FBDD4DCC32D35CDDCB6530FFF13FF,SA3180201552090222121015,,,
A58F5835E46D04D73042342EC8B25BCC,SA0593000070792261308000,,,
A523023F38448C855DE5A3B6AC7FE809,SA4060100991106185879018,,,
A537BA05B830815F220E159AC646E5F1,,,,
A59710A35286918C0CD17DD3274BFE9F,,,,
A52FFA762BF50E940A8C7E9B218614E9,,,,
A52C33BC4CF414E41EB1586091AB2379,,,,
A51CC2A9B952BC35619AD4115CC682B8,,,,
A54268943CF72F35940FB39DCA1CA8BD,,,,
A5ACAD1FE9D19C0893C249FCF399A82F,,,,
A551902E402C328EB01706368F7D6AAC,,,,
ACB63B12F227EF810AC2FFC6D14D2CD1,SA9060100000682304553001,,,
A5685882C77F8399FE7E801EEB2D6EF7,SA9130100974017269777470,,,
3A3DFDC1D1A25182ACC1,SA7160100000682304448001,,,
A545CD181E725BC62B6060DA66EE803E,,,,
A5DC9B9659C54212897EEB95205C19BA,,,,
3A7D667309FBC227D712,,,,
A5BACD690F310C7E067B7B884A4AC1A0,,,,
A5BF8354130B58C4DF9B66144D7BBB74,,,,
A51BF7DB4166EA134F55A7C3EDBCB7C9,SA4310000016600002496406,,,
A5ABF50D8597DD3134877F2DA14C219E,,,,
A5E7A39661E43ED7501BA088A61BFA3B,SA6530100991101791351671,,,
A50BB4693557E1BA0EAA8923669BB73A,,,,
A55CE2875F573AA22942C956C0AE5BF2,SA0710000008200000934610,,,
A5EA15C60E14A132CE15D9AA4E26F8C3,,,,
AC27049665F51661744D3F426E599C8A,SA6236036036017042419759,,,
A51C94ACAD39A642CF83F4B13900D08E,SA0710000008200000934610,,,
A55063336B5228715CD8F8EAD8F0B2D8,SA9780000316608014352164,,,
A514370A0B54CB3D77EAA08032262B2C,SA4160100000682303981001,,,
A58B15BE2CD29B7FD7553F662BADDCDE,,,,
A53983D1BBFA868342ABB33529B12E34,SA3580000145608010527808,,,
A569CE02A51DBCDD9213ED4910679635,SA3136036036021695456773,,,
A5AB56492C279FA6600BC0A9AFEAC132,,,,
A5A6A47958477EB44AC881A572D77319,SA3136036036048376604730,,,
A5BD358AAB38C300A356D55E5E7E3C65,,,,
A5ACCAEFB38D0C44D5BDF22A7C79C3E7,SA4680000857608010451561,,,
A5C476F5282E2BDE8155440AA3ED724E,SA1830100974017270306852,,,
A50791ABAB26AEC869B8DBC15B822A9E,SA7010000010374278000103,,,
A58121C00B85A94DDC54AE81F34F1176,,,,
A5CF021EF57C4616E8E9C236EAF443BD,SA0930100974017036788632,,,
A50F4D075FC11C6B77B51232F3C62520,SA3736036036018134436897,,,
A502418088AFB748CD27645AE25D06C3,SA7636036036037780618800,,,
A5E018854140BBA2432D4D2B274A1C90,SA6380000859608012150110,,,
A573ED025C248408E0B063A55D266C9B,SA1510000030300000175500,,,
A53BDC8B1C65C93CB5682F4356383A63,,,,
3A002610C09D233438E4,,,,
A5AA712999C1A7ED93BC1ECC53D1EA8B,,,,
A51E0BEA86FFBA805DB223FD0ECBB058,,,,
A57800B4A1342C6E1435B2CE4D8C2635,,,,
3A4B27BE870304D266DD,SA5505000010011916003500,,,
3AF2CDA00F9CDF2A964F,,,,
3A68D1DAC39503513488,,,,
AC80EA76D73C0705D342D0CE38D3781C,SA3580000258608016021767,,,
3ABBE7053D11C10F9C04,SA5505000010011916003500,,,
A5F15E029AE86A28501E551C5B53A36E,SA5505000010011916003500,,,
A5C2ECBE58AD1CBCF1DAD7CA1CF648BC,SA5505000010011916003500,,,
A56507CE88FC44400413C7ED89FD1386,,,,
AC579C300C0EF4C48752CD901020C432,SA2580000859608019923113,,,
A5C00523B0FDE1EA17ED923CECFF41B5,,,,
3A5EB1A2766F4024D03E,SA6630100974017271130876,,,
A57329B883544F810E56212981F57C10,,,,
ACE98E8DE480B89A924ECF580C01E2FD,,,,
AC45F8CBFCEE891DAD66A9F69D34D7DC,SA2180000455608010084887,,,
A53616F513A80F142E2B6627A6DB1340,SA7978000000001278546779,,,
A51EA767342AA07856B230A77D4804FD,,,,
A543EBF195A05F3A9340FD31F0FB07F9,SA8730100974017271560208,,,
A5AF8A639BBFA148A27FA4FCA84DD313,SA5880000597608016119736,,,
A5983ED34B323E57F05CDAA6CE632947,,,,
A5E871E9E08442083254F6241CB012A9,,,,
A5AAD1CAEE2DECE011C7169FBACC6C65,,,,
A5B0B6E70DAFE2993C2CF651322846DC,,,,
A54C3644DFDE28AA6A49EB9529EA93B2,SA5215000007780759550006,,,
A51D695A353D82E69F1B89B0A4C981D8,SA7410000065500019575200,,,
A58FAE9F8938B58797C52C278BB48BB4,SA1505000020511916689000,,,
ACECD84B13DB8567C0CD34AA4DA4B6A0,,,,
A5AFF9CDDAC59969AA7C1717FE0B3EC2,,,,
AC124BCD61FCE7C270F3A7EFDBBA32AC,SA0460100005082300963001,,,
A51425CEF99EACA752FB7E1ACF620D5F,,,,
A578B8F04F5055716106A31F6C6DDDC3,,,,
A54A1C190BF6A8A8C258C88CB4770C6F,SA7010000010374278000103,,,
A5C9FDE138F084FB9E2772C8BC8544BB,SA8936036036063086879114,,,
A5BEDDB1E696638B3056EB36ED7277ED,SA3515134018963178381119,,,
A5897EA0B191395100FA301291DB3540,SA6645000000267142172001,,,
A587D3A13B3CE821F29AF8CC39231163,SA6030400108037033070015,,,
A56674FAFE96B0D2DE856EEC02308324,SA5780204278618222121010,,,
A500248227C3AA4BEBF54D000F2A2CC6,SA4830100991101840683946,,,
A56BDDD4E598274D23161E1A6CDAC355,SA4778000000001160054871,,,
A51A9B7B25952F2071FBB7A536C7AAEB,SA3020000003234816199940,,,
A5B5B7940124D35409EA6C0555242CB0,,,,
AC01C4C839A8592EFF11C3D9B45FC770,SA2005000010011902347500,,,
A5AF0E274980267B237B7BFEC24E6062,,,,
A56F9B642CD05117A2EAA3E3D1EC1DAA,,,,
A5E3C1925241B08A28D57896ED50462E,,,,
AC4E23FF1182AC0C120A10828E9F59CA,,,,
A5CC61661AEA1FA0C002F5E9AD3BD470,SA2530100974017222394449,,,
A5AAB69E0D75805B82E8704C287EE4BC,SA9478000000001091030086,,,
A515F65E93F4C725FB27AADFBDD71D31,,,,
A5C495EC0467649FFD489C8EEC6A4297,,,,
A59899BE86DEACA67009E81D8AA7AFDF,SA2415000007780777360001,,,
A5E5D07D6B63B75497A93BC7FD2DE1BF,SA5880900250254992540013,,,
A5E10812280F5D4CFCD304175899DDEA,,,,
A5536C55A7BCD68FB942EE4C8CBF0B9F,SA7336036036070238870889,,,
A5F47AAA5C530491420CE008508EB476,SA1405000068207272900000,,,
A519C6F2116BA4F2C07B4E60F2B0B5BE,,,,
3A59E2812E4A8DA03CEE,,,,
3A82FF3995AA1A9C6F76,,,,
A58BF898AE1AD6F9D2EE22C4434A422B,,,,
A55201AE9BA207DC29EEBC6EF57C44E4,SA6736036036035441904148,,,
AC2070AA7E2D18D4C4EF6FB148D13287,,,,
A56472384D095002AA6D04EAF7AD8D00,SA7215000007780780920007,,,
3AD4D15F37AA6A541C46,,,,
A5656108B6AAF9CDF17E25B771B86745,SA5880900250254992540013,,,
A52CD5A097BB3BA7ACAE5732F3E784BD,SA1236036036075928606613,,,
A52EC1A198CC5C6D859C8A86DE83596E,SA8136036036064274858822,,,
AC6AA919182E08730D8A58A14AE92420,SA9080000355608017712457,,,
A59FC60E05A2A8B6FAF3F60D20FB1465,SA3905000010011917390500,,,
A53626502D93900123D2B2BFB2D728AD,,,,
A51A50DB6D20A394B9FC20513B66FC6C,SA5993000005756628421000,,,
ACF82F0FF1CFB71D14B45F5144A34EBF,,,,
A5152C87C9C9A3B0FEB2AACF404B9E6C,SA8430100974017271202429,,,
AC83FC8842B9F1B69934342922ADBBAB,SA7480208865174222121014,,,
3AFE9F31582FEE542093,SA8430100974017271202429,,,
A566B246C712A94A20F85E08A747AD60,SA9580000204608010635716,,,
A55CC0092B08E73AD0F88F4346FB2602,,,,
3A8ADB958564A7045559,,,,
AC2C7A997434960A85D77BC75E89F756,SA9810000021820349000107,,,
A5F31614E76FB4DD0B55C7D7CFD02485,SA6736036036079247186598,,,
A5519DA2803C46969259E26C76B901B9,,,,
A5732DB5E22992BE02DCAFB52761A855,SA6336036036007882776574,,,
A5A73087F70AD16C4FBA7C45AF9AF55A,SA3680000457608016031781,,,
A5031AD248AD17E4DC666F091F36AAA0,SA2130100675020067030016,,,
A53276CD1044A106B76BFC33D3E43FA6,SA5530100991101432946842,,,
AC31AD79BC81B4783C454DAC34A4FF28,,,,
A53DB5143B9333E301F27D977DBCF161,,,,
3A120C435F3326FE8C3A,SA2130100675020067030016,,,
A51FF11D98FE0AF0CA4818058D52F078,SA2505000020511917459000,,,
A5A87A90F7257F44B200E2624E294E14,,,,
A5D50620DD7B54945EAA8AD5D9B3D37C,SA3515000007780759140002,,,
A52B568C071BED035FF49AED58FC1951,SA2593000000886013206000,,,
A57F5E435110CF07A3995574688BDF15,,,,
A56FF9E04D2CEBD7D038637BDAB4B7F4,,,,
ACDB5E70E4519D3F63A08170B1D3899E,,,,
A5825DDA623DCF3AB0147FEBA7FB11A6,,,,
ACEAD6FAA8530AED4C9FE0EE47266ECC,SA5920000002385464219940,,,
A58A40549FA07193AE2F51481DFC7868,,,,
A59FECF830F0E145BCE51309AF5A8F74,SA1780000425608016024314,,,
A5E722EB70FB2870595600F4A8596FB3,,,,
A5674AB587E26CF66AAD637040F543F3,,,,
A5D90A258AC28C267B869FC129E38A1B,,,,
A5CEE4999769B5FB7FDAA188633D66E0,,,,
A5CBFA75B8980E39764375A5FD1B61E0,SA6936036036000923470629,,,
A59212869E5BF3DE68FB76000EF14037,,,,
A59C5899DFB09F24D7D2C12E606D2407,SA1015134018965617873175,,,
A5FBE35C03B2AD133782AC0A017B01F6,,,,
A55325660763925E60CB20B739A83281,,,,
A5287FD0DD930BC1F71D5D0177C65870,,,,
A50098EADBE780EC8D595E1E51AACF73,,,,
3AAFDB9E55D0ADC8CC18,,,,
A57A19313F080B0BA782DB6211634751,,,,
A570EFD21BA46205B3381E021B57288A,,,,
3ACE41511A2F28267F89,,,,
A5C6D7C61EE6BC5DEF1FBECC0A5EF153,,,,
A5DAF3A773CF851E57BC3215CF9C1757,,,,
A5E70DF7044AD0F54EBED5A125909109,SA7580000865608013801892,,,
AC0BD11BFC8CED26440085B7817D0C6A,,,,
AC1EFBB627040E633595579AD1729CEE,SA1630400108093210090023,,,
ACD5DE46C0C5F130E6D33CF4DE6DAB8D,SA1630400108093210090023,,,
A5A71381783BDDE224F6C58CD5EE283D,,,,
A578ADFE4828D3310363AC521CACCCF0,,,,
A515F4E5ED429CA6F37DC2591171E9BF,,,,
A50ADDD0A6B6D75A57300C5FFFFFF961,,,,
A5F97EBA92AFD88B6C30C39662911686,,,,
A53450065A144EB9FD70D6AFAFB60E58,,,,
A5684350BFB75841396BD9CECBC05B35,SA4380000621608016111337,,,
A5341A5AD31967A388200D67AD2B6155,,,,
AC2BBD9A21ABD5DCE9B9013FB852F2FB,,,,
AC02434276C98210EF3F6414BFBE6569,SA0460100005082300963001,,,
AC44E5BBBAA775403AF313839EAD1F58,,,10615250,
AC21CCFBBF9C88CC4D60D863D6D029B2,,,,
AC0BF8F7DA293EC508EB44B130B58B46,,,10614285,
ACADCB87E308C9A35DC3B15740EEE738,,,10615251,
A5F90DE3FE2F420EF07EB78A1DCB6AB4,,,,
AC309B91DE9C753220A1BE116F4F0C38,SA8180000867608016889776,,,
3A1C31DCE34D9F573189,SA2110000001400030904400,,,
3A09AA9FB288DD208CB1,,,,
AC13B7224B96D4DC9F18EA8BEEC688C9,SA6930100974017271577022,,,
3AAFE569C22E0258CC74,,,,
3A1095CE046281FBA5F4,SA4380000236608016189272,,,
AC98DBC2B65B688DB6DE8DBDD884AC7F,SA5530100974017271443220,,,
AC806CB592C0D86B8941FC9052A25208,SA1480000102608016537158,,,
A51597084AE6F86960C05BB13B89BA1A,SA4030100974017271844003,,,
AC48547DC2E3AA542127A892CFE38C22,SA3580207886362222121012,,,
A50216CE18856F07C1263D38DB7AAF7B,SA2536036036010887573127,,,
3A763CAAE3F3CB2E6304,SA5530100974017271443220,,,
A5A6B848EA79C1BA8E45BDC5F2049550,SA0910000031559697000105,,,
A566684CA73D82248AF28CE60AAB1A7C,,,,
A5DD7CCCFA521CDE17822EA006E69D43,,,,
ACF60DCA78DD0B78775E33AD057D2C2A,SA8405000010011899030500,,,
AC892C57BDC144782F0D0A14939AD261,SA8405000010011899030500,,,
A513CD238CC8D3A7FE936F45027B19C4,,,,
AC40AC468E6009F96021E1AF26CA861A,SA9430100675020486230013,,,
A5389E51A02728206EF550EBAB0F85DC,,,,
3AD24E0CE978DF2021E9,,,,
A51FD17284722512294CAE1AC0C0008E,,,,
AC4DF98F7EE222F8D597D9792C7C2C22,SA7305000010011917680500,,,
A5656FF301A906BB1088D9DC4CACC652,,,,
A524DA94D02D5729477AFC545998BE87,,,,
A5E4724C95CE06ED4F2758883FA15320,,,,
A5C2116860FFA12C6971E064BCFD17AD,SA4080000694608016795859,,,
3AFD30EFE64D3ECF07F0,,,,
3A0F4D05C644E7242DC9,,,,
ACC0565E3A46CAD7C08A4398A54B4D2C,,,,
ACB0E9919AE1CB9662661544FABAAC2C,SA7705000020511919232000,,,
A5F513A45B79C148AB4AEFF2234BF71B,SA6936036036078567247796,,,
A5053F7F3A08B900041755400EF2BFDD,,,,
A5D229B952EC86643B40EEEA423CE69B,,,,
3A586216DE4E217D3C9B,,,,
A5CA3F48FE34368A9DB82C2489EFA0FA,,,,
3A322075BE4F4EE713B1,,,,
A53F5DE5B31946E70F0CA590F7D8B231,SA3930100974017271879814,,,
A56128BD7A6043625439EA5EFFFA2F47,SA0715000007780759160003,,,
A5212B7A646B23C3C6A7CBBC55C0F9CC,SA9730100974017271170670,,,
A52AA709A41F93598900EF63DAF37CDE,SA6905000068200437277000,,,
A583260C5887689D47A810B145490B17,SA4960100032682302830001,,,
A5BC46E3867E727F9E8C761B7F567567,,,,
A5CE555300335888E94DBEFD50B1BCFC,SA2105000020511918994000,,,
A5F35C75DD221BF4C95CCF0661837606,,,,
3A3950DF877DEDAE6E6A,,,,
AC3B9608E138A75AB8397E48A33AE55C,SA6405000020511919395000,,,
A5AC49699AEEE9DE7DD930AD2B9A28A3,,,,
A5E2CF253BCCF4BC02732E9CA2EF0694,,,,
A5C7574953CB54B2510FC429613D9232,,,,
A5E09B5B06FB672D2D118AC63E6BD6C6,SA1336036036023617700471,,,
A50AAC327FC42A18E8F0A6C5F707C67D,,,,
AC457DE7A54B7D0DCC528C81F749EA15,SA4905000020511919210000,,,
A5599E1184159320B82B61D5CDAAE731,,,,
A5D22529BE2B041AAF4B33765B36232A,,,,
A5FC45B1FAB0E974865B7AA78C6AAE2A,SA7480000867608011180676,,,
ACBDF19AC4DB9E743FACD0D6468CC900,SA3393000054468057125000,,,
ACEF989B01FBF0D6FE081C88FA7D8BF1,SA5660100001682295790001,,,
A56416796253B1A42FAAD4A445BEC125,,,,
A56FD651B7920DCDACC89955F7C5A09E,SA5536036036074820223505,,,
A55D370F9758C4B2A5C02070BDC4BC0E,SA6730100974017271835078,,,
A566873AA429BA9A385F89817AC01ADF,SA5130100974017271565027,,,
A59AEA052B89906B5879320D742AFF8B,,,,
A5741D5B9A72E9F7F92BA24DF005F9D8,,,,
3AA8E1AFE03A8CF9E95A,SA6405000020511919395000,,,
3AAC86E8043958AA1B8F,,,,
A5BDDCDEFDAB99CC5804E0587E355BB8,,,,
A5059CE393430AAE06614ED3387EB0A7,,,,
3A04CC51B8B9C3D20ED1,,,,
A53E922A64EE3EA7F11430CB65ED9B88,SA2505000020511919496000,,,
AC7A3B7C97ED78C5862599DFAB6A3C3F,SA2505000020511919496000,,,
A5AA30BFD494B51FD3EAE7FF972B04CB,SA2778000000001252660646,,,
3A05E1E8471EF233E2D1,,,,
3ACC50B717FDBFFB0DFC,,,,
AC892823245D15B4341E95FB22B63EBA,SA7080000866608018926636,,,
A5C4D433CC15EF4EB43ED2CD426DEBF7,,,,
A5EF04AC844AC3FC952D142242DA4B54,SA7060100001082285326001,,,
A53E18C63F1B8605F23A8CC5275B3EFA,SA5160100001682279400001,,,
A5FD732480264886DA91448EAD58E305,SA4360100000982280418001,,,
A54B8FF1AD896D4BFAD7ABCE5150DE2E,SA5293000082520303873000,,,
A57A403415A6E0C253DC524B6F914C9F,SA4330100974017269909866,,,
AC14FF66A0800D8329F21673A2191AF4,,,,
AC2C4457840478D74614FD1B31715AEF,,,,
A5778358D82D5628C96CD9BB5ABDA493,SA8580000414608010067064,,,
A518393186C06585E2AE9DDC98FE2514,,,,
A5B783E07B74A5A130B9F6903803700B,SA7060100001082285326001|SA4360100000982280418001|SA5160100001682279400001,,,
A55F0B4509DF78A96B9E7E1AE7ED66E8,,,,
A5CC371D89BEFFD693FB375482C4EDA3,SA7636036036089825600782,,,
A5F2F6B19B3DFB97B8106B6EDC7FA829,SA2210000079537654276509,,,
A5F035285096191F1B0D4E4D268BA1A5,,,,
A56CAC46DDF0C3D90592F9EE75664DC7,SA3505000020511919490000,,,
A56C96A4CA57A944E8A363DAC168A8C2,,,,
3A6FFBDD6119703B9322,SA2505000020511919496000,,,
ACA9E129178E6356DF79D632382E07D6,SA6580000694608017484206,,,
A5D396DD3E4F9B150E89956D07C6D416,,,,
3A00A420FE7CA29D1748,,,,
A58107F73908AD6A6D0010A776CA7849,SA6315134018968955973961,,,
A549145A4809E0CA08EE351127B0EFE0,,,,
A53FB0561624AC7BC259579F31A160BC,SA3305000010011920129500,,,
AC6DC91E2F0B6F878666C473B963C4E3,,,10614362,134
A56DA83B1D397E69981C463536073C32,SA8005000010011920062500,,,
A544ACB4ECD7DB6FB950748681E80CA3,,,,
ACE20F41E738B9E5E19D590486BE3AC4,,,,
A5D6B959D913572737D246BA01FE9618,SA8505000010011917731500,,,
A585CB36A2F107B29064E26CAF533462,SA6315134018968955973961,,,
A5B22F304DD9F52E4D3A28F0E3820CB8,SA8330100803100466539015,,,
A51950412B76820E2AA83A31BAFD30B1,,,,
A5E46B36242C35780C1C6E417B00F9F2,,,,
A503676025C35AEAF0E7520F40D10D7A,SA4115000007617224020007,,,
A59E81C11D49BA62652C6DBCD560596C,SA7320000005045127309940,,,
A575AEC79D1DC62C1A7AF6317BA30FAC,,,,
AC92ACD82CCD454A4D4FD43BE851E95F,,,,
AC613618A78DEC6707F8DA1EAE3180D3,,,,
A560B4C5180E9B3041E9E1ADBEDB7370,,,,
AC6670C5A5B76159B9E463C5526493F1,SA6315134018968955973961,,,
AC45941FAB7CC78266AAA292359C2BB5,SA6480900251175992540019,,,
A550A76EAF6427D67E6DAAE955242380,SA0480000596608010172815,,,
A57600FD8036E548B9B72B0ED64FCE7B,SA2730100974017272584056,,,
A52C706DB6EE8B72A564B8D446BF5AAC,SA2960100000682305967001,,,
A5807450D215D5ACB3F4B3A5F7C8ABDD,,,,
A5D3841C212D3DFE3AF8BB42B9C8A61D,SA7530100974017272016421,,,
A597505AA34A1B0DB9E03F6746C12078,SA5880900250756992540017,,,
A51CEF7398D3C8CF1C0B3E463CC71B87,,,,
A54E1539967BFE834C47FF80848B9CDA,SA6110000015581014000105,,,
A5C1455E8B13FFC7EE66DE61A7080A77,,,,
A53C80AD0119A7981E8AF398064C042D,SA2410000013100000919800,,,
A59BEF577540AEBE98A57A89F38FEC22,SA8530100991104546932549,,,
A5B3E7467639C1ACA2E40B39B7100EFB,,,,
A554300D888ECC8DB98F8235F592D836,,,,
A5B340D61D716AB03BC4E8CCD70FEEB6,SA8436036036012768049955,,,
A5B0A3F5CE00F3EA64DF4F940F7727B3,,,,
A5EA149C20743CCDA0026C58300DF329,,,,
A5DD54A3EA5C10D29E8FE2094FE072F3,SA1830100974017260758269,,,
A5439A8D60F7F1B463EA84514587A745,SA9493000054825124157000,,,
A5802A80BC51241E8F926E7FDD8248E4,,,,
AC439861E65553FBF6950A40F2D1A129,SA5930100812200002571599,,,
A5D611306DE726FA009ACE9E59272AF8,SA0220000001172768449940,,,
AC7000D7F6A7A980F51686F740BDFEB6,SA8110000011100296476807,,,
AC5070F23F61E5CF576371C95631E93A,,,,
3A176699C2D77FBFC9A5,,,,
A5B73C24ADD9ACD0AD07E24E75C9CC62,SA0915134018963229766755,,,
A590E3AAB9089ED3B1F72475CD06EBEA,,,,
ACDA5C885B41EC06850AEF39206C38EB,SA0480000640608019529854,,,
ACFA98DCA6E43894373CC0805EF82E25,,,,
A53E227A6727E249DDF26786C658B70C,SA9315134018960049289570,,,
A52D12CC747203E4D7654ABDC1E06F3B,,,,
A56AFB2989845A414BE9DF4798974B48,SA6205000068207291534000,,,
A5100FC919227FC50DFE2809A530DB60,SA2778000000001252660646,,,
3A3D7D7BFC548872A97D,SA7605000010011914322500,,,
3A8BC85088B4523DF48D,,,,
3A6EB341B77D999DF05F,,,,
A5DB44C9CB9CB228D9D2FE70D442CA2E,SA0545000000027588797001,,,
3ADFCE9DB6910ED59117,SA7805012000000110506302,,,
A5E859F50F80173F5501E2A7E8FA5170,,,,
A5DDE84356D33D2781580D9C4DA6AB06,,,,
A5798F0543C6A3B35E1B636EB8E5296C,,,,
A52D7DAC45896D9E7E5F9CFDAA724BE2,,,,
A5BDFF4EB716BB6B30F5BAAD0F3D8C18,,,,
3A7ECD6FE8F98148ECC1,,2556254528,,
A5F1DD36F50BA635B16DF892E3698558,SA8960100001882306996001,,,
A57280D03612DFA9341B86F0639456CB,SA8780900250695992540017,,,
AC23859EFB7AFE969D9CC20B4D5F6BBB,,,10616316,134
AC50E05264E37FF4C1B01B4AB8AB6483,,,10616315,134
AC76FFAEE74A287D9EFD64AF250FBA19,,,10614384,134
ACA03F54300117A09E836998A8743DE2,,,,
AC07C76F5CC22DF5D4C908CDCCE979BE,,,10608358,134
ACAD46ABBF2EC1A6173A54F8C0067D96,,,10616325,134
ACC98FF18FC2B6DFAE0AED1529AF5CF8,,,10614399,134
AC60BB9566B31EF3D304BF8DEBE74470,,,10616330,134
A5FB25FF06AE6FF40C8F907BE71E9710,SA5015000007780861870007,,,
3A04389230A814DB1FCC,SA9730100974017272713649,,,
3A69F268E5F06129A729,,,,
A59EE21747511E4AD31D4917BFEB8B41,SA9230100974017272050841,,,
3A1D8CBF69F06274A8A0,,,,
3A0C645DF812D9028ABA,,,,
AC52C3EF199D2E9988CE378FD4C2EB24,SA5693000083705666879000,,,
3A161D56A09354095FC4,,,,
3AA5E0EA9C9AF13DCA5B,SA4720000001873307369940,,,
3A5BD209F2819C59F8D0,,,,
AC1C1313F6E00A73D6FD7FBEB6C9B4EC,SA6180000471608016222788,,,
ACEBAF9161BEA1A3FEA3CB5F3C3661D5,SA2530100974017258232069,,,
AC6A6EC96CCA93D6E9C0A9D2D167C29D,SA6080000350608016285310,,,
AC4A3DA90B568AE5D5AB5BDCA02996F1,,,,
ACA1F3B00DFF200C907D4D225D44EDA5,SA9280000165608016467517,,,
A5B3DB2539F93BBB5514F9A5494E6B73,,,,
3A515D81A890242221B9,SA5693000083705666879000,,,
3AE46BC00E864176211E,SA8780900250695992540017,,,
A5B5B350A631A5A0250F63DE86BA7ECB,SA7480208891772222121013,,,
A571250C7192063B94AC43FA744CB0C5,SA8030100974017272048244,,,
A58E1CC28BE6E62E1038D6D740287A85,SA5880900250254992540013,,,
A532DC2189747588801D7D8EA25EF497,,,,
A5505D3D5D0C7E5A89095D9FF6F4AB6E,SA9230100974017272050841,,,
A52C7D626E3C79A227E42DEBAC2B57F2,SA4720000001873307369940,,,
A541801988CDE36B91FE60CBCAFE1956,,,,
AC973286E37B33B4220A2E4FD247FD80,SA5393000083069410571000,,,
A574070FA29B4FE959F447EDBEB1686B,SA1736036036032556963446,,,
AC37DDBD453CFA689FD65E9515BCF9DD,SA6580206989230222121019,,,
3A509998B0A5BDF6833C,,,,
A535C71A832C1486F3A6531E243E0540,,,,
A57DA447730CC533DEDB5693B7826649,,,,
A5564B5B85D420C658F5ED580924CF30,,,,
A57DF2B2C6F03CE63687125DA5C044B6,,,,
3AE3183A3AE6BBFCEB20,SA3715000007780862130007,,,
A57A1ECACC5EDC2AF92105CC1CAC6864,,,,
A52C6E590A29622DC24215447E18777D,SA7615134018964210936166,,,
A57DC117A1ABDA1B58B2F4E1AE4DE61D,,,,
A51170CF9118F3F99BF3989964EC7E6C,SA8960100001882306996001,,,
A5B3D15F8950922051DA94021914F4BD,,,,
A50F806B25DEC9C600415B6477BE709B,,,,
AC037AFA95C368FD5C11D12596E53315,,,,
A52E7284D06DA36EC0B4C16E4CA32EF0,SA0515000900146828920006,,,
3A1FDAD9F02C61776F5D,SA8615134018969742984502,,,
A55D7C1F0458DD95CF6049770F353A21,,,,
A54817218556841E32498E750B0263A2,,,,
AC2CA2C3282AB12C1D381B00382CEB6A,,,,
3A8FDA8762B0E092B89E,SA1160100001182307571001,,,
A58AD70310050067B255DB24CF112BC4,SA7515134018961916353266,,,
A50C43028FBEB7740FB6F2F79234418E,,,,
3A3A19CBD5890D825D2D,,,,
ACCE7B718D11121D43BA2F0493F038AB,SA8615134018969742984502,,,
3A0EC24972C6E7C1BC4D,,1132650803,,
A55E5C2AB7A3887BC6CA51E240015C9C,,,,
A594B09622E745DC6640E0F71C355F51,SA6580206989230222121019,,,
A505854175599FD2CA2746A7F8B89AB0,,,,
A5640EAF4FECF6B5B1CCB895EE4A435A,,,,
A51EF846D7BFC68AF749EE22D91190C8,,,,
A5FA9AEA66F8CE13507397D2BA199967,,1042203412,,
A5446BF77BA112463218C1CB1B74BE73,,,,
3A37BE02895EDE27F379,SA3093000059963096903000,,,
A5C7AA2E8B633EB0C64D3823528EE3F7,SA0580208892673222121011,,,
A5506AAAF2CFDD4585B3369A5159F537,SA0580208892673222121011,,,
A524C74F8A2C2DB66D5451CC496BFA51,SA3910000044300001117305,,,
A57B6BE792AA47785CB189C63315F184,,,,
ACF030A689DB574D31FC76892F112CBE,SA0736036036002776130617,,,
ACB7210094088700C36D35A684CEE446,,,,
ACB522FBD35A28489C06FBD741CAD2E9,,,,
A5FC9885C8B29138B2BAAD15E776F600,,,,
A5501A59B5EBF634061315455A4A7EB1,,,,
A568B7B814BE4E08701B4BA6E0DA2492,,,,
A5D849A9C49071FEFE004747BA34EEA5,,,,
A53873C7CFE981BBC3B32DAF8F72A143,SA2893000054093476108000,,,
A5C4D4B1034F87A0EBF8E46505C9DE1A,,,,
A5C2198106ACE05F0A304D3AEB50DAED,,,,
3AD6969822D94849A95A,SA8880000335608016520781,,,
A5B3CD88E6E3FD953C5C05CF19C51CA8,,,,
3A5A9872A6DCDD477AE3,SA9280000176608010137329,,,
3A09BB0F1629320B4963,SA2915134018964170611784,,,
3AB94222229157979E2D,,,,
A547A14E67C77E478CFB264320F9A2DB,SA9280203720644222121012,,,
ACDA950E3E007E4A75688CA40C355B8D,SA5005000068205997642001,,,
3A2688E4676EEBC8B7FB,,,,
A5EEF26D618B1411FD56E01226D06608,SA3836036036045867024581,,,
3A93F0EE986B2FA91A3D,,1117939577,,
AC62EE7FF8B0732BC180F59A5D807DAE,SA3715000007780862130007,,,
A546B3E89DF8FAACF7782167D398508A,SA9336036036021106486207,,,
3A7DBE6E6E1D6058AB2E,,,,
3A6F4FC7BE3F7E4B874E,SA6015134018960421568889,,,
A5822B119C0A165C5CAAEA6FC2B51BA4,,,,
A5E026E2CB14640F97ED98B82B1AC6BB,SA9536036036049160352811,,,
A582D95C7D5B7EA9EE5BE5F4535F2D04,SA2836036036017592598648,,,
A562941EE1C0897D9D925A39DA15272B,SA8880000335608016520781,,,
ACCD554B43D77D51782B050EC8E95C04,SA5480000866608018345894,,,
A55A10CB9B3A3B33BAD4779CD5B4D193,SA3830100991100245162748,,,
A534913CD679E69D44439899B098B98C,,,,
A5162AA54C0569C77AFEDB6668423742,SA3215134018969065006011,,,
A5FA8D355B92D43BA616F60DB8571C82,SA3780000219608016155407,,,
A59DDAE6CC1814F6C5D488CE77511FC3,SA3036036036068796102684,,,
A503AC1EA8D3A879986D20378990D439,SA3036036036068796102684,,,
A5402082D410044BAED1C03CA7DB8524,SA6560100000782307009001,,,
A512097A6B68373763B3B5346E68835F,,,,
A512B89CDAEED6E2E394646B7DF3F423,SA9536036036049160352811,,,
A52FD09DD3ACE474C1A54EE964E88D80,,,,
A5FBD6DCD5B19CF020B6DDBF48AEC6C9,SA4136036036061559766492,,,
A5CDEFA47013B2B13327E02977F2B896,,,,
AC23D5C5F25BBFC3338A91A869803F0E,SA7205000010011919155500,,,
A5ED355D58139C35818347242BE7ED96,,,,
A54D1BF99BB43CAE98606016839B4B1B,SA3715000007780862130007,,,
A50BB69FE6CDBECEC9F9E28DE23F6C03,SA3215134018969065006011,,,
A5CBB6C921FDA85CF66E81BADDCBD65B,,,,
A5C5F64AEA6368EF834B9DB91A7F4376,SA2936036036069721752750,,,
AC40A492BD428FD0E2C5CB43F7D8934B,,,,
AC3B6430F9953B5BEEC7EFC06A5B9DE9,,,,
3A5689315EDE4E14D781,SA2580000866608015624499,,,
A5273E173A5D470FEDDF25C306CBBE03,,,,
A5904EC6175FD0ABA0F559C2361DFA03,,,,
A59597DCBD843D7B72A8D02D51485F92,,,,
A5B136FABAC1B9CF82B81809B87AF2E1,,,,
A5F7E4FDB0B7CA73594D348C46217652,,,,
A5121BBB444D4CCAE3AE97F30E9B8DB0,,,,
A598329002F5912B5531503481A49FBE,,,,
ACC4650811CA7C8E36DA1A2C5D879EF7,SA1980000865608016182407,,,
AC0E52056E263CDB62BB7A4801AC7495,,,,
AC374592F1C13204D66211FF26148A0D,SA1980000865608016182407,,,
3A86B459EBA4D86246E4,,,,
3A3C4C46C7369EC0B0A1,SA5480000503608010214783,,,
3A58127152DABC9F9734,,,,
A5FF4FCF0563AE865167C967B688A0D3,,,,
A5B7422EBCDD77A6E7DD69F5B3B0DB29,,,,
3AC199472D76DD0399AE,SA6680000858608014667062,,,
3A3E33F818B7B7633157,,,,
A55988B88BB7EAAE8C5CA5BB2C9301E9,SA2580000857608012749384,,,
A593410DA428C2D079578FCAFFA66C7F,SA0660100001982303434001,,,
A55B7B67DB693C0B494446650A9D617D,,,,
A50B37F3500CBA73976B1014EDF66588,SA0880208889944222121012,,,
A5693E59B549348027DE4782F3B8BD40,,,,
A55644D4E183996FA649F8A99F91D0BD,SA0880202714028222121018,,,
A5D0D346CF1A16D12988F15FC479F5AE,,,,
A58C499034EF1A169F5FEBD1C0F24AED,SA9836036036077304037323,,,
A509A786E77BBD2DDC6422647A36C679,SA5980204150146222121015,,,
AC325315F4DB136694A8033E7B1243D1,,,,
3A9B8A8412F5E9D022B3,SA1093000089017808585000,,,
AC9846A910D92C97ABA5C1220275458B,SA3780000219608016155407,,,
A57E3AEEA0F27FBECDF844F5E3B16D97,SA7380000591608016180973,,,
3A36E17D4EDEAABB1C4D,,,,
A58670B72621984A96A733DE84A403EA,SA7693000013625083878000,,,
3A345F0F0F21F3F57B9D,,,,
A58979FC6047AF9065D8A6733167D192,SA7993000061575313135000,,,
AC83ABC7AB2F79948051918B29E54598,,,,
AC4B33FF9DF45A1B1351B8FCD34F5FC8,SA7510000065500048105307,,,
A5CDEB00FB3EA3C2C246935EDA4AF23B,SA7180208894501222121013,,,
A542ED6308A00262D47594C0F5417FA6,,,,
A570E46B1A900D99272B3A790C0623E2,SA9315134018969518482338,,,
3A23DD522998DE53C87D,SA9593000070340224085000,,,
A5F839BA593BA4CF4ADCEDB3D28E473C,SA7180208894501222121013,,,
A527165E80A1EF657172BC3DF138C60E,,,,
AC3791836270B83C4AB64D0ABEF9B8EA,SA7380000591608016180973,,,
A505A8D47AB6D05BB34E78B94553D5E1,,,,
AC903B88C3B34CDA91D02ABCBC5157B5,SA6536036036086383725245,,,
ACEF868C577729262B86E85928117DC8,SA4136036036058820309855,,,
A509B9CBFF57F47BD46411E137D050D2,,,,
A54AF5C349E53D263AEEC011A60DBCB1,,,,
A59689B34E76A089BD6E44970017A1E5,,,,
ACB387760FBFF937BCABA8DB99EB6EDE,SA9593000070340224085000,,,
3AB6AF93E15C305FE90F,,,,
3ACC96E1E2F5CC5181D7,,,,
AC65F0D080CBABB21BE1DB200F7DD2E1,SA9305000068207175290000,,,
A533BAB9CDAD347FCBE20EF5DB8F8AA8,SA8036036036026706617608,,,
A562E6939859B9D2B8CBC191D9F8416F,,,,
A570D00F5D761709BC72A3A4AE6A2D77,,,,
A567DE1CA276580DE89E15B8BD787FE6,,,,
A5897AACA4B1431EDBF6CAEBD30B5AE8,,,,
AC44203A8E5A059C226DEF4BC1A498D4,,,,
A55A06CBE4A0CF44F8674CBA0E790E95,SA3580000146608016082948,,,
A5D93F2C4EC412DCF8AD904C33FD3ACB,,,,
A5A5672D5D4F2CF908252CC046E24D19,SA3415000007780859710008,,,
AC784632061815042B229704BB5C1DBD,SA3130100974017273130870,,,
AC9B477625065E4F743ED7B07AE3E8A0,,,,
AC142DA7143671185144AE32FB738343,SA3415000007780859710008,,,
A5F17D02A5F6C8663D1E2C869A45E741,,,,
A5F771FBFC892714A458F721EA497F32,SA0536036036095260213203,,,
A53ABDA0BA71F8E907735CB610178ABE,,,,
A5855199C22EF8426A1A2131EB84BEB2,SA6636036036019711784609,,,
A504D00BD2D00D4DD23FE2352206A905,SA9315134018968303592161,,,
A5A8C585227AB93A762CF60FCF729EE6,,,,
A5B79CB18187A6DBCC31D1DE69F7F098,,,,
A59A7B546149B16D027A34202F025EC0,SA0330100675020511010010,,,
A5DE269F8E73D38D778461BC454AFA45,SA5115134018968233093899,,,
A5CE4E1F8AC5705FD79C04639A4E6DA8,,,,
A5DD1C3A15B813D461143AB9556789D7,SA2636036036068740036562,,,
AC0AAB1FFA8CDACB47805D710524B80A,SA3893000024880622519000,,,
A5294E316229BE30C98EA12DB2444A8D,SA3710000026800000319809,,,
A53742959571C9604979A17A76F2A6F3,,,,
A587B8D5359564C9381F861B36CF2F06,,,,
A58F0C65A09021A95C3FA42EF1537FAD,,,,
3AA74D08020C06F67924,SA0330100675020511010010,,,
3A78F2BC0EE93C1C541D,SA2636036036068740036562,,,
A5CEA631C397E7F8830740D19358B9C6,,,,
3AE4885BC882622422B2,SA7636036036018590631948,,,
3AE54A4DA5ECD5B56599,SA6080000176608010743282,,,
3A3F25B752260E5067D1,,,,
3AF3B8766533F38BF80C,,,,
A58B4AFA09204A6B3C6D4263EB20D88C,,,,
A52AA67D6DE92EFBAC93BC72411B8AB9,SA9793000086589755322000,,,
A5885F24E3EC8D3DCC91E8E6980AE80F,,,,
A5715769C303E8793D34F84D0CD2C9AE,SA6410000010300001191208,,,
3A1726C86CCF5BECD0F6,,,,
3AB202F4F953CF7A74A9,,,,
A5C26305C857F39EC7E561E90A5DCCF8,SA7780000858608018736111,,,
A5CC9FAFD6E52BA3823E456CB4383F84,,,,
AC59871D75CD542ACFDEEDFD6E272D78,SA0680000857608010843676,,,
ACE6E5434C9416F780E624A367235E5E,SA0610000011100217156601,,,
A588A532097393C823FA7629320F44E9,SA3710000026800000319809,,,
A5E1BD3753753435D63D7762F1E9AEC5,,,,
AC752185D3D596CEBAB460D637654ED1,,,,
A56FFE2E733C639208E1E0CD31508AA6,,,,
3ABAF7C260816AB8D771,SA0380000866608011394337,,,
AC7772BCE24E039DC835507ABC07CF27,,,,
AC785E09436FE84152EAA1DED649EFBC,SA6080000176608010743282,,,
ACB889A7D3882B34D39ED12E71282547,SA6410000010300001191208,,,
A556568D812A6C30208F1766A445ED6B,SA4115134018969854566740,,,
A5038267B5E673FBFC4AE839B769CE1D,,,,
A54AF1440AE851DC5E77538A3BC25E97,SA9536036036036781133756,,,
A59D490EE58C40C4759BB7B49334F69E,SA1780900251722992540018,,,
A5216665735431F91F0B68122CB77A71,SA3515000007780861530001,,,
A557033E558F0CF348D1715C73D2DE65,,,,
A555DBFBDE0BD34143AACCBA747700FB,,,,
A5D2BAA9BBE246DACE15F2FC95256BA8,SA4036036036026232486984,,,
AC2596E2E9C8F8B52634DAB48E5BB40E,SA2430100991103219656166,,,
ACFCE41502880D4470906CB04FDDF3FA,,,,
AC69BCB09F9A18D2C16BAEE8AF92939E,SA3680000866608018311201,,,
3A559968D5E470674F2E,SA1615000007780909970009,,,
A599FF82A7BE3D06DDB0A72F6C4CD226,SA7880000224608016071193,,,
A598F00F832FCA6D1D03B24B8CC84B74,,,,
A5C2E48C0EE64F462303E2792397776C,,,,
3AC7E95D26A551A288FC,SA6580000521608010484509,,,
ACAB6E06C31B472E49F1AD2781A47D19,,,,
ACB183586B703853B45DAE9465937F71,,,,
AC345842F2D17174BEDAB11B1C4B31D0,SA1880000176608010961900,,,
AC01D13C0F8B6736D7A0CFA2CCEF32D8,SA7580000132608010038470,,,
A5B7B55D52BDE154E8FECC4C086394B1,SA4980000595608016107485,,,
A506956CE3CAA2831C15C88DB4AEE2C2,SA0320000002421228269940,,,
A5DE4799362DE9BE257DDFDED262DC48,SA9515134018967538518690,,,
A584E79C4E7E37EAC3BE1B7F915998FE,SA2778000000001295802754,,,
A5BC14907A1422865A05C6F287123E77,SA5836036036094914414427,,,
A55F9E658D9D8A2E8C4C0AB4CF8E93E3,SA6005000010011839887510,,,
A5A969BCF57B3EDA96F34F91F88BEE9F,,,,
A56A414AD9C52432B538571E0E49C4E4,SA3580000146608016082948,,,
A51937287C670044E09356CD360B930F,,,,
A56EE416F8432AEDF491AFFD73C28766,SA5330100991107568089402,,,
A54C69FFEA18869613D2CB498D5B1FE4,SA8636036036068735811811,,,
A5D74859263EE2C1811216CC3EE44A56,SA0315134018964928029380,,,
3A184AC8C983BF2CA524,,,,
3AC80A68F467767E3407,,,,
3AF614F37D8181F47A71,,,,
A5136FD6D6464CEC63436B462C60BBB9,SA7180000221608016310768,,,
A5AD2662FB1762EB8A2CFC2AEC0578C2,SA4193000071547270079000,,,
3A90F114A4E2DEA12E07,,,,
3A2A1BBD2EEFB8F24A93,,,,
A56095D2861EC9B1424321AC3F6306D4,SA1780900251722992540018,,,
3A4320ACDF1C75A98353,,,,
3A6CB2E7089DA647FFE8,,,,
A5E3D56A9B5E9E1747C6377267982021,SA3305000068204300149000,,,
3A83659A3BED018B9CF8,,,,
A58C69AEE4FFE0CA6B45FCD8B8832DAB,SA2780208900079222121012,,,
3A85EC12561EC68D2DFC,,,,
3AF05D98F8CB51A12664,,,,
3AAE764BCACBFF71B939,SA4510000045200001131702,,,
3A875F87FF6121B1200B,SA2478000000001082478759,,,
A5B270E7045FF140685686553DB58B53,SA3036036036034903669759,,,
A5049D547B22B01C6301353E8B5E75A6,,,,
A51839377400C79A40A012018BD6392D,,,,
3AA495299A0273AA6D4C,,,,
AC9024BCCDD30E54D56D224B6B2D5B0D,SA5010000001400034973901,,,
3ADCD044A32337D08F51,SA3593000072611121385000,,,
A57D7A8B3A13833F44E751694C14DED0,,,,
A5529680802F982D9D9A65FB7F4D6DBF,SA4636036036062968809451,,,
A58CD875B32484C311A43EE2054AE05D,,,,
A50B17DAA6A8A0D929F1264595EBBCD7,,,,
A51E9D5B94D4496C015C29325FFB1C77,,,,
ACF6848C1F21A3FE08FBAAD0A4B649AA,SA8680000530608010371549,,,
ACF2387780C747E91663C92AF37832C1,SA1580000867608014852024,,,
A54C1C7CD77480E91D16B01769FE4B54,,,,
A5BFA3DCC70B7C88F5B3526579FE8F08,SA8236036036004177013646,,,
A52F2CF65B18B3C1ED1F338CD8C21615,SA0780000868608012125836,,,
A5D600E5B7FF298A6CDD6BCBEDCDD06C,SA5593000036829897076000,,,
A52E42EF200E3697AE987401DDEB7B2B,SA9278000000001263215695,,,
ACDE591FF2B06BA75AF61A079A791CFB,SA7310000045597541000106,,,
ACA9E14009B1E5D6A1AAD95BF0E9A583,,,,
A514C646C4B1090A88D9FCBA347DF8AE,,,,
ACD0FEBB5CE6B013337A216373BD321A,SA8130400108092949480020,,,
A5F2B26E0D923BCBEA8E8398B9CD4059,SA4980000539608017238783,,,
A5604E7E48FDCC26D47E8B892628F4BB,SA8015134018960740470385,,,
A51E1D1205227C16CB2FE66E5A4DF7E3,,,,
A5438072715505BAAA48BD504125C160,SA9236036036028910262228,,,
A5AB253E883B3501C27B5303E8CD4286,SA6436036036091656368425,,,
AC0AC4D8D863F07F8D0FA606EA08451E,SA3610000087700000587509,,,
3A67D7D9B39F89C51F45,SA3205000068206166352000,,,
AC07CDBA2580F79BBD990DEABA35B4F4,SA1180000138608016118312,,,
ACA86EBF17BE9FC2981A4F2430988C14,SA8280000991608016409519,,,
3AEF9E7EBA9E1BC37B8F,SA8493000038310910150000,,,
AC21D424AC3C039664A904C2F9C43CCC,SA6005000010011740753510,,,
ACF6F0280F4E7B7FE7004B522CF1B388,,,,
A54E9137CBA22F711172F75EA993E964,,,,
A53A13C35855E2D6AE8982264D291E5F,,,,
A5747605E56F725A5B556AE84FF00BE0,SA9480208126146222121017,,,
A563C7A1F13FC4A0F2E27E22F8F93E41,SA5280000001608016050995,,,
A5FB4F73290A1C9C481CCD6F1DC161C8,SA5380000996608017150450,,,
A583A687AF5A8E1F654440DD8047E283,,,,
A58DDF4A17D5A703FFA1144E7786B713,,,,
A5990721A407E5181F958B5D6D849171,,,,
ACFCEF274156DEE0165B11737CEE01F8,SA2980000105608016417622,,,
AC780F9B48976718D32C5F8D54B5DAF2,SA6680000151608010293568,,,
A535BB692AFA98695584239FF6977B3F,,,,
A51D51D651DD2AF9A3AA1F16D6AA52F9,SA3336036036040294606501,,,
A5D93AA7B05265768F2C75F55E55FEED,SA1480208900762222121013,,,
A57EDA0286859E4B20758A2966456A2B,,,,
A57916D87079FCD703B030E312AA7771,,,,
A5C1BD6CAD158E41F5533C26B5AA3DCB,,,,
A5A67B9BD6A09A589E5BAB6C655A248B,,,,
A5801032F5BA9F138486BBA272E1EC31,,,,
AC88DFDEC45F2A517170256277F44095,SA2736036036027308901165,,,
A5A44838230804B1572F23931643DBCB,,,,
A51B732012A0C8432C2579D3499D52C4,SA0330100675020511010010,,,
A5F29EF57D2DCE8234E177DD6FF2BD2E,SA8080202551301222121015,,,
A574BDAA7AC02613919CC76C779CEDD2,,,,
A58463A7D75D749644B6ED9D697F1620,SA1280000225608010262128,,,
A576790F5526A038F94AF13E896C14A9,SA0830100949000011824133,,,
A5C014C4DA2C512C4674E2AB4B44B3A0,,,,
A5489B836F75BFBB3DA15C1AC8798298,,,,
A597567C7C80408D06D4C0843C68D141,,,,
A5DF2591B45CCC36E1F4905284217086,SA0536036036083453624239,,,
A576A18C303DE8C3239FB7E76F80E5E6,SA5845000000028407096001,,,
A5D97434B38BDDC8415C3CD6B417F414,SA1536036036006796914236,,,
A5692854661845AE324FEAF83AB1B772,SA5136036036029119644450,,,
ACC7E141D9F75587FC27DE6711349221,,,,
A5BFAA8681C36855F8E9C94C70F0D510,SA4136036036055787927671,,,
AC60420B6DBD5BBB3B561A44D97C5C61,SA5136036036029119644450,,,
A50C7F65A1222E7F7507B96D13E39895,SA2315000007780921800003,,,
A513BDDFF0C76460D4E0AB7F054D17DE,,,,
A5BD8AC35C4D83A24385CB218DB73903,,,,
A52C068469BB85DEF789173F76FA35EF,,,,
A55A1642FAE08BF7C670AB0D5F1BC07F,,,,
A510E9292F7E3F0A6EB597774276C344,SA6480000666608017941233,,,
A5906DA455A567D0BE8E51F1C61A4014,,,,
3A1DFB180835356F33C2,SA0380000270608010645615,,,
ACCA8B3726992C3119279B54AEDCA366,SA8305000010011902542500,,,
A5BACF94932E38C4A9E4489A75663860,,,,
AC6F1441CDEF4B1866190591A7E7FE10,,,,
A5FA1CBAEF4E55D421A47ECBDD08B667,,,,
ACC1CDF4AB881232F76502BE654BD071,SA3130100974017273130870,,,
A5846428B6D07CAAB3081786D86B0C7B,,,,
AC03AAF93339E635EDFAB9808460ADE4,SA1480204162272222121015,,,
A54B07E918748FF94EEC408B2CD0C332,,,,
A5217E9783C03EB780EF2D246A5B45F2,,,,
A54621E3302D9268EC7F389B1CB69150,,,,
A5741F1FE65F3F3E7D1DFE6B057B5231,,,,
A5EFFB69D277CFA0EBEB0BC900C8296A,,,,
A530A393CF97C7611E553E9418FF4688,,,,
A54E9DDCBCBE463E73FBBCEE41511410,SA4580000201608016584515,,,
A5E9AF9C610C0A9DAB84FB7185FBB284,,,,
A5D1BEF3D46E9D7F8FA22470F611956C,SA8310000011100319645706,,,
A5535256A9C40F6DEDD20F1BCFD202B5,,,,
A51BBEC1F250B412BF435EF25A186FD0,,,,
A5B48EDA44E4900D58BFAF796A16C440,,,,
AC5D2F3A174019E61796CDF9BE7AAF27,SA3130100974017273130870,,,
AC28A65E317FFB0623DFDAE2BE821123,SA3130100974017273130870,,,
A5F8CBD930D427D7AA8BC6F8199CD5B5,,,,
A5E161F106A450D16EB586503E46123A,,,,
ACD5372AA9CA5536ADBDAB620D410B2A,,,,
AC95ED8C827B55D7D63CDAB8CD7225CC,,,,
AC078E035BDD91631D8C13EAD379A18F,SA2760100000782306217001,,,
A50D49EC4F96DCBB11780AE8286F5A1F,,,,
A5517F0B5C42FE81A7DE83EF4D42DE06,,,,
ACA2508564C938E1A08AD2DDBD46540D,SA9320000003154085719940,,,
AC59C16144BC66D05B42A6E76CA3874A,SA0380202254536222121016,,,
A59C6A43D58DD5D2DA1F3286FBCBC4D1,SA8715134018966178661963,,,
A5F5A3744FA1710A303CA0D7AA40E3EE,,,,
AC16272EA42497CB1B159EDF0924B569,,,,
A51DB7D9D1E49CF2CA9284A5DD591005,,,,
ACB543BD805F7D9AAA3A8AA7BE8073D0,SA7580000643608016859665,,,
A5DE7F3006A8A9FE5386CA7384EAB19E,,,,
A5576880CD2E70284FE916299A3CCD15,SA0845000000045120268002,,,
A5D80DBAED5F6AA980971A16EC8AEB50,,,,
A571919DC7532216D496D5D6585918FF,SA0845000000045120268002,,,
A55C76857884FA11AE753633D568D46A,,,,
A523A03DFD085348090CFCA490C110CC,SA7780000249608016358245,,,
A505FB0F4EA8D79870A5BC780137F53F,,,,
3AFF95939D5C1A084954,,,,
3A89A30F8791BE57858C,,,,
ACB4986123C7F96C315F489F0BEC06F3,SA0615134018962861519889,,,
A59BCCC165541C29BE5D6DD18D370EDE,,,,
A573DBFEEA12B9A98387A1838195BEBD,,,,
ACA3A54653081B4EC39B7C6CEE8D0CD9,SA0680000240608010097459,,,
A554121DFD80597581713F6720982FC1,,,,
AC9AD6A17155CA92AFF050A6E78DC5E8,SA9015000900140291900005,,,
A5BF5DC01039FA40E299CBF322DFDCC4,,,,
AC32EF51437A6A7A0680F21610D02704,SA0680000240608010097459,,,
A585D90C08D1DCC9099FA775438DFBD4,,,,
AC9F934C704F8E7B12BDCCA01A196475,,,10635215,134
AC956F23526B557F7610F584A5FCF03F,,,10635216,134
AC3472B58FF2EED094D31C448ABB502E,,,10635225,134
AC2AC19D1CF2ED4C34C217072F98B438,,,,
A5D7362B9BA212B9EFDB989B3EC6B41F,,,,
AC121AA5E1617C8E877F733087F65D40,SA9736036036060350882517,,,
ACEA6FAA94A97B635B02D859799A1268,SA5815134018963702551342,,,
3AE91FD252D2AD7E2B07,,,,
A5D807D7FD96AC7586E7C9A214EE9C21,,,,
A554A46053171A5660B70905E768985A,,,,
A5F05B1AAAE35845AAB2DE634E2C0E77,,,,
ACDA74DEA7F5F93829CDCAD5B71E0530,SA8305000010011902542500,,,
AC42460FFDE640DF696649D445A5BC2A,,,,
AC83D0CE7FEB4BF6D15A61EE450DFEB6,SA4236036036094250703079,,,
AC35D56BE9F2DC899EFCAC33FD5D324B,SA0330100675020511010010,,,
A5BA53491FF505AA0936DAAD112EB16E,,,,
A53CD8DFF32AD5201CEB23B151228860,,,,
A5A729F0C3F8D09B206ECD5FCE01019B,SA9205012000000111376528,,,
A5B4DA03198DB594FA42855B05DB63C1,SA0515134018965519802676,,,
3AC214E0DFACCB57FA6C,SA9236036036018734205919,,,
A5A9D88FBB9512012E97449E83E028E7,,,,
A5E99BCD22D2C17CE0A7DF5D309D070C,SA9278000000001263215695,,,
AC672AFE3912FE88E2D6CC979B71F95E,SA8130400108092949480020,,,
A5BB442F835FE7132BDD4DB65D19250C,,,,
3A94DE0EF79A76928424,SA9278000000001263215695,,,
3AD0F4C77FE08B3B71B8,SA9278000000001263215695,,,
A53F1B6911D1A9E40F8801BFF26CCA96,SA1080000539608015042435,,,
A5531B8E93DF84D83AD2C1352882BD32,SA1080000539608015042435,,,
AC04998B7EB55A8E831604C5C65C9E7B,SA8130400108092949480020,,,
AC5770F228B40D2980AEE4C1116A946F,SA0515134018965519802676,,,
3AC12E3F1F4186B4A689,SA1080000539608015042435,,,
3A45CC86AB1971ECDB46,,,,
3A468362297DBB32B6B1,,,,
A54BBD651E945450288F5DCE94202F54,,,,
A5FF9E9CFA8FB6431493F5ECF9CFA8C0,,,,
3AA5B4F97A607EABD381,,1086115035|1074946649|1153267966|1015913542|1094211859|1076486792|1073518241|1044509667,,
A51E87D0E748F640D9618016A7B74687,,,,
A5C002A1400A901F98658CD1BA1BD922,,,,
3A62F22D782EB2515816,SA1730100991109682690050,,,
A5704D81D70B12B9B4F98C6C48951A36,,,,
AC6614DE2AC141DABFE3744524749432,,,,
A522EC9A0776D792D147DF9158F80BB3,,,,
A5DCD56F0239D111E29B6778A190FE63,,,,
A50497C0BD205C9229E830EB28CB29DE,,,,
A5AE1A7B93B18900D4BC3204931D0997,SA9330100824042949212048,,,
A52E2086DB4E91DDA46E39EE172B5EBE,,,,
A505B8C08B5B44678DA8244740D9E163,SA9230100991106985863466,,,
A54A344FFBDD7B6BC5D0112D936C5B14,,,,
A54CBE7507B4879C5EFBA7BAE80D2D41,SA0930100974017273902222,,,
A5A9509CB064C5146211885D44F0065E,SA7515000007769890130008,,,
A5340C28FCB187D69FB9D3D6280E1D80,SA4230100991100271462577,,,
A5C9D1067FA7ED104437209916AE8B24,,,,
ACD70430021C7682E1260D0F1DBB8A61,SA2480201099309222121019,,,
AC8A4B4DA06BE7C6D468B784B6B71AA3,SA8615000007780957510001,,,
A539DA4B52F09E020FB873C59708D700,SA1136036036082144233450,,,
A5A7690DF6559840E55FC7C5ADBDFB92,SA7815000900146821320003,,,
A520217E30983B9F2EC21C99F3C4E6AF,,,,
A5331160FE55F508CE3303B5FB8507F4,SA7593000055732550031000,,,
A5276A6C7F7C8FDE5CC5C28A5DAA02D6,,,,
A587BEE77A923EACA5B6607040559453,SA4736036036071048758986,,,
A5203C20DD4D43C01A5A12B2B2A46705,SA6320000001861886269940,,,
A59966C5B5EAD9C93759222AA5F627F1,,,,
AC3512CD679E2B2E25A8E2DCABF6DED4,,,,
ACB859AF3B58A7E28C2D21320D0A36B1,,,,
AC81AAE8A62AF6312FA61179E4EBC09F,SA3430100991101755420131,,,
A53EABED61B30A8C04701A263CB68E3B,,,,
AC770429346D253D4E711580B069A172,SA7510000065500048105307,,,
A58E655979358ABDC210F23FA741FA87,,,,
A53DD9D7D1497252542094AD96117CF4,SA3293000065560411441000,,,
A572F63907398A1217135AF970F16BE7,,,,
ACF1E1ED7D4342D5341FF31F1D388BFE,SA7915000007780955810008,,,
AC17F59E5332475A284BD86817993363,,,10635267,134
AC1EF541A387C7AA01042BB4105874FB,,,,
A59BB34C320AADCEF45ADB75F069465E,SA2980208905547222121013,,,
A5A7BFE516CF055B18A07BBDFAE3ADCE,SA3293000065560411441000,,,
AC2DA83CF685ED8B0567E9ADD024CEB4,,,10635268|10635269|10635270,134
3AB33E1FBD5AFE65B777,,,,
A55ED7CD73FE353D5E1DB0610BCE8A75,,,,
A5861CA7FE19747E0A93863E47752D93,,,,
A548795FA2E788A05B4172B3B8083074,,,,
A5571DB2D9A1DD722E7A24D8C9198B76,,,,
A513E5AC3FD059AB42BC17DEC5D9543E,,,,
A5DB057A8A18C40E8869E99E2CC511E1,,,,
A5E2F8FC60F369853D4BD876B129892A,SA2530100974017222394449,,,
A5173DE046F668D7E2C896BA0A61716C,,,,
A5E6E72790DD90A526ED966B7618D002,,,,
A5FC130DC81EE0C82A670D5014CDC2A8,SA9115000007780972490009,,,
A56AFA565D9CFAAB6624D2A12E883717,,,,
A597E3EC56B670C6025C60E31FD51A1D,SA0993000071563757324000,,,
A51152B8F0EF1D1CA3CA375AE6A4B05E,,,,
A59BFFD66560B30E6E1F348FD5E3900F,SA8015000007780990710008,,,
A5E1F9E0CB62AFD145C6FF2453245B2D,SA1405000068206674798000,,,
AC4C7D5BF2ADB1E00E19A079112B7A3A,SA5880201153146222121018,,,
ACA8935E2BCDF6B88237B7A4708DA69E,,,10629252,134
A5339A68120E7AD9B1F162B9E042D229,,,,
A55FF9192A3C006280AAE92D84438675,,,,
A5FFE16D4405B7E36D497C21D544D9DA,,,,
A57BE56898B85DE2F7A93CEB055B3667,,,,
A5015A62D9ACB7691C6589C519EC2DB1,SA2136036036060244956199,,,
A59042B7ACD6124535C1C1B0E48B7DBC,,,,
A5B15E069D8314E9BE42EB9D2ED7F846,,,,
A5342B0F957A007C4AD2C442BD320E11,SA5436036036098666709828,,,
A57F517864B0897A21AE6A6D07F7279E,,,,
AC732E1C871471A23FA62E72E5797F73,,,,
A5EB4C8D25FDC2BED42F80AC8ACC3318,,,,
A5A4442CCAF7150E4B5694566FEF1FBF,SA7680000671608016272658,,,
AC1D6E40619940812534C1F4BF8765BD,SA4430100803100467012010,,,
A5E181B6D1C1F37A7BF0BCCF18B061E0,,,,
ACE00E7C910394A4B7FF71BB6021036B,SA8980000114608010220799,,,
A551199B42EDD57FFC4EC5323C8B8674,SA2005000010011883626500,,,
A5308326FDAD3F838F089A3A34EE0E04,SA4430100803100467012010,,,
A5372C0923C4BFCC2FCB092671294417,SA5736036036093269804859,,,
A58009D3E06387FE96C2C0266EAE619A,SA0405000068203731284001,,,
A5411FAA92818CF4E65C7556797220C5,SA8680000365608010635976,,,
3AFC208404BD08799298,SA0660100000782311584001,,,
3A835C3DED7473C63CFD,SA5880201153146222121018,,,
3ABBB5BFBAF05D9387D1,,,,
3AE8A52AE40A215FAB9E,SA9480208907558222121018,,,
3A8BD10983DC8F5E8AEE,,,,
3AC5F190BF83D89167A1,,,,
AC1A854EB5F7611D2EA988BA79F8F496,SA9715134018962237654991,,,
A54A672663112AD7A6CC5B25F716101E,,,,
3A09C3A90D59DDF5F955,SA2436036036017676127263,,,
3ABA2F454C37B3074689,,,,
A58008DD1A626C7EB88A08E229F318F5,,,,
AC9C159F49CAEE668E010C7D5036FE62,SA2636036036081000007891,,,
ACE0DA779050AA6C5795843B5E2AF017,,,,
A535EC827CC9101D439C1063315B671B,,,,
A581CC80BA7088E312A4B7C126FAD16C,,,,
A5841FF2E1D8B995227C7AD474ACEB0E,SA4315000007780954160007,,,
A5D3B87D9E3DBDC48CE957257BFEAC7E,SA6536036036030668406144,,,
A50BE25E8B31CD0D0C4020747E9E450F,SA0680208904341222121012,,,
A5E4ED2EB7A0FB85AC7313A491C70301,SA5280000001608016050995,,,
A5277A1B122271F5C6A915249FAA08B7,SA9515000007780972630005,,,
A5205BACAF11B8681888B302FB08D01F,SA3305000010011926628500,,,
A556614EA5B9B6909D935F2583E48B38,,,,
A5D9CD3C7154F9354FFE42508D885BA3,,,,
A5A4A23B31B816B06D5E5126F6339AC3,,,,
A52BD2066CA93BEEA711543DEB5A1479,SA4880000564608016131557,,,
A5832A931CD9FFBC1030A03C44227DA4,,,,
A5D1EBAC237D5A5CB8265DA81BC66904,SA4110000000871825000110,,,
A5020B5F9780E7C1EB00ED13F6A1FA84,,,,
A56056D41D4C00265DC5CE07F9BC57FA,,,,
A5CE6993BDB4F40D67A0C29DB3E7893E,,,,
A567CC3DB2750A2051234A1B65BFFE4E,,,,
A5B588C00FFD4EDAD17D1FD3B1B25E43,,,,
A563E96BD5A1969E97E003C66FD8B48C,,,,
A57B97CA9DFCB9DD8B1C198FB44D3B94,SA9236036036018734205919,,,
AC4BAB42C04CEA73DE69363653C0D8A4,,,,
AC7FCB92C88CD43363593E7971921CE7,,,,
2A06C37533FAB6A577BB,SA8880000867608017003237,,,
ACA5B425951851BF5B99D23F6D713EF5,,,,
A56D40770FB903B97ED2E728B4535A01,,,,
AC1B271EAFFDF2657DD8CF6446FE8A57,SA1505000068206898848000,,,
AC62B647C0B850FABF9B2BC77D191CA1,SA1505000068206898848000,,,
A5185BC6D79DC03DCBB165547F3A4B1A,SA7210000011100181353004,,,
A50E9F8143F21DF6E775B37CC5936C38,SA1620000003048236009940,,,
AC858BE562DBC7388E0DA31EADBB23E0,SA7130100974017274240800,,,
AC08A89467A3EBFF130D53010F78E14E,,,,
A5B6650C8EC7F904913B18EAD6C3F6CE,SA8936036036006046402273,,,
AC22E57994B46DC800DFDBF290EC428F,,,,
3AE9994A5BCDC71AD87F,,,,
A52BF25C6E36426AA1F9B39E68A0EC88,SA3480000355608018774936,,,
AC134CB9F02649971B1F668E847BE368,SA5480208908033222121011,,,
A5AEB543683FC8925FFE87B5B9699CD8,SA2180208909631222121011,,,
A56EA89191A674EAE7EF38184AE1337C,SA8980208896714222121010,,,
A5C7F28DD2B1D1A86DB10069B4E1D5E6,SA8893000058910287425000,,,
A5765E85FBBE858B94EAABEF268B2C8A,,,,
3A3AAD6C1AD5FC8613DB,SA5780000101608016050658,,,
A51F60960A2C23AC8A75BB63FE057E2A,,,,
A5E52FAA59E9B5188C5BA731E7813328,SA6936036036006795228277,,,
A5D18F2F238E8987A37061C785A0491F,SA0315134018967888947299,,,
A58573D94DAA526A5867ED216F7305DF,,,,
AC254A1A2597257900CE2586201643CC,SA9030100675020534700015,,,
A529CB621D887AA04E84D1751A00A342,,,,
AC35D8A18D0652207EC0D06BA436FC0C,SA2936036036024112858799,,,
A59218CD48A046D577F2B76E3C812274,SA6810000076848304000100,,,
AC403CD8DAF77B5AECBBAABA9A209793,SA9330100991100356758803,,,
3AF6104F6D9C81D3EF71,,,,
3A591A8B68797A3E78F9,,,,
A5ECB05B2F838FAA371585E2E3979318,SA0380000188608010350373,,,
AC8CDDFBCF02F7AE826CEBF54454D6BA,,,10633324|10633327|10629291,134
A5C989CC4473FB5E56F72B9B52D0BB22,,,,
ACF05C8874081717D5447D2C43455A24,SA4515134018968147140464,,,
A5BCDF673E7886AD5D0F377F42DB045F,SA2215134018969024735477,,,
A52597F57AB1DD432114AC962C8D64AB,,,,
A59E5EC7B7F2D5CAE0C62B419BE691B0,,,,
A52746A0FC23C4018DBDD878048687C4,SA4630100991100176499117,,,
A58438E9EFBB2D897FCD2FEE33642BFD,,,,
A598496A3641C69D41CF0195C599D131,SA5215000900146862690001,,,
A5F1797DAC94ECEB170ED490F078065E,,,,
A586360545D5E01984B23C31B51D6FC0,SA4210000062300177573901,,,
A51B1449A0707ED7723656E6129D11D0,,,,
AC93C0FD396B100451FB7FA67DB382A5,SA5480000101608016933606,,,
ACCCF236409F462241B06EAB680274F0,SA3530100991103414609963,,,
AC059E559ABE7D9A2E52C34D6AE4EEF8,,,,
A5C70B7C2AF7BEBF2FA0628E1DB254D9,SA6005000010011927446500,,,
A5E89CE1561E3CE8852544C946818788,,,,
A5F2593FD3F9E8F483F619AFB8B34B11,SA3215000007781021310007,,,
A54E3CAC32B956054F6D78343BAA45BF,SA1830100974017274516846,,,
A59A0BB18C4FC7C22CAF9159242853B7,,,,
A5C517ED1B6BFDA0FEB388E8FF0EF0CD,,,,
A58100368EDBBF47E1AD227EDE2F0866,,,,
AC9DDE5F4B8A813274A2662ED3A52FA5,,,,
A5ED2C8B6EA7778DC8E4FF58771EAC3A,SA5536036036029320985144,,,
AC240119478240841C67785ABDF44699,SA1615000900146848530007,,,
A5AB145FE94BD5337198BD4DD86991A0,,,,
AC7E844A817879C13D7C2BDB0851BD16,SA4680000857608113319285,,,
AC89F31F7495DDB36358A4873FC63414,,,,
AC987A8C19A704680B2E71D523D39288,SA9205012000000111376528,,,
AC01F7D66F005CB4C5AF48E4702CBDB9,,,,
A5EA51DBA38BAAFFE77BCA5AFB113802,SA3980000857608118913983,,,
3A4C898FFEC3D5986D82,SA4515134018968147140464,,,
ACA7E6AD33C1D4506671A89A807B70B6,,,,
A5B934720FC7547BB6A6DFE22190E9ED,SA0936036036014137799363,,,
A5656FBF2BE63FE218A83AA0763A4E20,SA7915134018966760198253,,,
A528440404A7597ADA6CE3C1CDD935A0,,,,
3A4867573D933D9D4691,SA5780000865608018868623,,,
ACEDB8B1F2ACD107D08E24105874C4CE,SA1615000900146848530007,,,
3AE18B4F8FDB5A54F67A,SA6436036036091656368425,,,
AC25E8096ABD2D18E080850A87B048B1,,,,
A56420EE1A636A39F703F3D6C622C28F,,,,
AC85441DCC29A69DEFE58B138271177B,SA2580000658608016498490,,,
A52D2589A2A0B0D26C7ADCBDCBCA8216,SA4236036036083408914430,,,
A5265A4FF539BF4E14B9DEC7F02946D0,,,,
ACE607CF4B5C69FC24291D2F74499FB3,,,,
AC638B1FEA074F831F6D86ACD2FB3FBA,SA5736036036075507077850,,,
A54A2E676DEA4DFF7042414998BD0415,,,,
A5F32049522F8DCD33FA485AD09FCAD7,,,,
A5E6B95C844B598CB3D6D7D1D0B68AF0,,,,
AC9279AECD472E2B6945AA7455D46869,SA6278000000001265855314,,,
ACDBE7F2A23CEC1BF61FD496F01CB023,,,,
A52DFCD29B21664176FA56E2FBF64A69,,,,
AC62E6A5D654E4C4821E486C5BEAF02A,SA8815000007780994110005,,,
A536A159403B3A3AE3DF74F8B395B56F,,,,
A5F5BB614D6F3466CC7EB9FA5DD3088C,SA5980000858608019057699,,,
A55743D51FAF7690585C214CEC640D69,SA8880000865608015814117,,,
A573CD8C76E7EFD6C1B2A06CAF1C7C06,SA3536036036069691508915,,,
A5F1E990E39A89533FDE951479AE1567,SA7505000010011926370500,,,
A5BF5C73D1934F0E52BD7665FF84EE7F,,,,
A5A22B69CCA7193E88E85D995264A848,SA7705000068206823791000,,,
A5FDCABA244E1CDCAE24B6025569D5C8,SA7536036036050612419018,,,
ACD6A92594D2F5DC4CF89694031AD08A,SA2236036036005682441243,,,
AC183CA989D5FC09D3FDC0AF3E4DCB7E,,,,
A56675348F6FB1104671F8EA18B319F2,SA6215000900146856130002,,,
A5A4A114009D751FAE34224E65E51EB6,SA1515000007781022620007,,,
AC69638C18794E3A59AA6445B88AE549,SA9593000024850444970000,,,
ACF5662D5FDD0EFBBC4251A3DFAA5A01,,,,
AC7B012840BE989AD89A090776DD0ABE,,,,
AC2E478F9843C35090FE7907D9B8B961,,,,
AC7DB3EF0B77A6311E58D05F1FB99BD2,,,,
3AD0ED5200147CFDE1E7,SA1480000331608010188795,,,
A5BF7C27C85459BE0A9246AFCF407672,,,,
A5137125B8241DBE74F3DE8FD7580C71,SA6215000900146856130002,,,
3AD9213317B09AD5A1FA,SA6215000900146856130002|SA1515000007781022620007,,,
3A3DE7B95717705913DA,,,,
A53598FD20E1901483473FDAFFB7E348,SA8680000865608010266917,,,
3A969ACCB2B1B3816441,,,,
A599572722DCBABFC7B78DD45A6BCCC9,SA6115134018969014317072,,,
A58394DFC7F9B7CC89D47B961593B0DA,,,,
A5208953C92792DBC031C797F6A2FFBF,SA1930100803100466930010,,,
A5D4180E8CBFB1AE2DC2E0432BB9CAF8,SA6615000007781045310008,,,
A5243191DA7EA891DCAF3AC6A0F9624A,,,,
A5A0E9BD42C6647D93D1B971D3DF62A8,,,,
A5EB992D2AA74DCA1F05C31DA618BDF5,,,,
A5C90D463E19A9293BB8F48A9D2B8CAC,SA2215134018963005806422,,,
A54CE2D52A7EC6D92A616666EBE0C635,,,,
A54933D0148FBBE788A53E10FEB28CB6,,,,
A50C156636D21645DF244E17A2310722,,,,
A55453195BD9A46F5BAE5E2C17A3167C,,,,
A57939E8BF7E717B82D9CBF6C1EAF28B,,,,
A5F556D04B791F15910504AC80AE3002,,,,
A597F34C121992FD66B0B10D0E0AB021,,,,
A50AB346773BA98938708F67536DC809,SA9680900252522992540011,,,
A57710234DA43369A04088D2C6693511,,,,
AC66471A2C2742407B61B95715836382,SA7015134018969845841068,,,
A59930FAF771BE70C2BE1832BE044CC4,,,,
3A20FEDC8DA032D3ACCA,SA8580208914430222121011,,,
3AA6C6834A56C99D21D1,SA8380000107608016383764,,,
ACCB54A8DDEB3A20C51034D020DC8D09,,,,
3A06AB2C00E83CB5B64D,,,,
A5C83B07AE9A19C104BCC4FA0BACC60A,SA8580208914430222121011,,,
A51278564CAD74B9DA6996785EF6181F,,,,
A59DD844BF54BE4C7FB11DE2B12E7AEE,SA8580208914430222121011,,,
AC124B76DFD61CD497B99B8FC9C596BD,SA5080000107608114024849,,,
A5DD7D0AEE375216414D1A0328FA8DCD,SA2210000079537654276509,,,
A5BA8273CDAB304B7C95F66B03141A7D,,,,
A5AC5F4ACA8A04B10C408F2AAE997FBC,SA0660100000782312554001,,,
A56104F2D667389C7C7F5CCA0C2DE241,,,,
A501E7E6DDAD411F73C854518211086E,SA3480000355608018774936,,,
A5053CD8FC5B486CC8BCB58762944504,SA8236036036077553369612,,,
A57EFCE57D36DC8FBFD4B02B70631FAB,SA6180207867630222121015,,,
A506D0861F74A1C2D7998454239AD98F,SA4580208915287222121014,,,
A5A4B2701DC1316DAF9B0D8FB37A9AC6,SA8536036036034454011980,,,
A5E0AA76017FF31A6DFDAC40B0F1CC36,SA6680000331608016732158,,,
A50EB71A743773E61DB28283916BAEC7,,,,
A5CE6ED5C472D40DBCC35652910E0987,SA7415000007781022520005,,,
A596521E59FEACB3C0D99079F70F2CF7,,,,
A55C3AD79D7855BE2AA0668D46F2B07C,,,,
A5B9097B3F38B93817FEEE240A2D8F22,SA2110000011100429519401,,,
A5175C17063D9D47FD39CE651FEFCFD6,,,,
A5837E999BA265831B61F73E9C75A3F8,,,,
A5ED5D3CBCDFB90B2FE327737008A091,SA2615000007781046440002,,,
A5480A38270582F6972517BD01E38445,,,,
A5126D20D4F9118CBB7B9F0106D99778,,,,
A5BEF0044CCF09D5E154A0D4E9ABA4BA,,,,
A523D69391090F504273FFD2BBC43604,,,,
AC62DA31CC01931733DD0EFA32FBA1FA,SA7580000566608016174621,,,
A59957EE254E6BF7557DE0CAF9110E82,,,,
A5B58F0A36670C17C2A1A2A61C8AD007,SA4436036036076743104367,,,
A50B1212DFBE30CDF71F47EF226AEECB,,,,
A517FA99F49484F326F881D4935A57A8,SA0636036036009181874447,,,
A508F44132DDCEA45A9003CD0259F9CD,,,,
A5F4970D6743755C9F39A7A735747173,SA2205000010011921513500,,,
A537B9295070BF84153DD1F6D6F61C37,,,,
ACE969219DC53D0CBA26CE0364A903E7,,,,
A5A75CC7D19C87D558B970EC7B66BA28,SA1536036036024038225311,,,
A5714ECBDD8839399ABD2EF3E61B8CB2,SA3515000007781022760006,,,
A576D1566AFA7EC2AF314DA786255EA8,SA2430100974017274402084,,,
A5159F1D95A3EE190ED7A4DD2A504D83,,,,
A56517D3BE7917B33376F42211300BEA,,,,
A545493DCA5B2A7AFEDF39107E4E9DF5,,,,
AC3DA732E76B913615F6234EBB676840,SA9236036036053915867299,,,
3A623782B99D5EBF0845,,,,
A52A67B8359B992D4AC79AE23AC953AC,,,,
3AD9BED82D17E2465BDE,,,,
2A60D506B0D497050A05,SA5310000011100393377110,,,
3AE66C42CAFB847DA183,SA3115134018966286906338,,,
AC587F7150F01EDB837A0A9D7A7D740A,,,,
3ABB096A99E41DA2B572,,,,
AC3D5D9F350F7F4E31AB624961311421,,,,
ACAEB7AFCDFDD74271AF18A994E2460D,,,,
3A53C02184D71E05CB46,,,,
AC236827E09FD9B42AB2B278583719A1,SA5815000007781059810003,,,
ACDB4B5B90255BFAB4D1AE982637269C,SA0505000010011927673500,,,
AC51CF977A8826799962A8FFD46F1E9F,SA6680000151608010293568,,,
3A75395CD576E012D035,,,,
AC4836A4A8D4E01499669E3D4D4E5D7C,SA4360100032682313135001,,,
A5E00302514E7407C058F7DEA5B40F43,,,,
A5F87ABBF6CFEA4D31A1792609724507,SA9810000079537655152700,,,
A52F2E5B0D6B79C4AD6400E4DFDA6DF2,,,,
AC6133C5E3B506A17392536856D9C136,SA5915000007781045880009,,,
3A02F040DBEC3E0D41E1,SA0380207806117222121017,,,
3AD02DA8A4A187CEE3F7,SA5415134018964308675993,,,
A5E448FAED4EFD8ED55BB7A9B1CFACFB,SA6215000007781047440006,,,
A59F2D519E3C228F381F6A6215A563AB,,,,
ACB2E3BF511B92ACC3D4F336BA5F5510,,,,
AC3FD79591E631D79CBF50A189650F20,SA5415134018964308675993,,,
A538744174DEA4AA28A0F93AFAFAE33B,SA8615134018963228673343,,,
A52B3654E521A4EEB96DB317A7C34F53,SA5430400108094108210011,,,
A53CAC1E1CADD5A567E2B26D560FA571,SA3180208918447222121011,,,
A5D9763441E86FB395F43EA2E7D9DAB9,,,,
A56E4DCE2EF8AA3151FDFBF073D10E85,,,,
A5E2409BF3EDA0EB7CF0BE7AA7A3B7AB,SA5480208904187222121019,,,
A56B9B2D3EDC01D054C2982D615DB406,SA6836036036029742543030,,,
A58A873283EE1FC9FCD9F964547F1801,SA8710000067800001996608,,,
A528FC505ACDCA8430AFDE6FEFAE4782,,,,
A51DCD5A5DDB3B8367B35FA5766CC7C0,SA0780202732022222121019,,,
ACE563CB3C76C1A613E91712CFDB6545,,,,
A5FA1A6C6CB65F7B25015E94BB176C65,,,,
A5784C8AF06C5B34AE257E46E3541E93,,,,
3AA87751A4B6AEC81733,SA0930100991103074325216,,,
A5BEEFA01EAA6E684EB7530F6C460DE1,,,,
3A809AC4F745455235DE,SA2210000011100297779706,,,
3AF76D6B8D610A3F157E,SA5780000101608016050658,,,
A5565EB025C794F6D8A77EBE8A88D25B,SA3615000007780993530008,,,
A551AA0AAEA4748169A046C5AA616120,SA8305000010011853275521,,,
A52732B6C719B114ED322C03D937A529,,,,
A52CF9873929D8F3BF4F074492BA09DD,,,,
A59B2BFE5D7F2AEDE9E545A97B2E79B2,,,,
A5B6771D6A97240B986C2D0DE8C61AE7,,,,
A5FD6A2F7C05B3B6FE328D20B2E5F634,SA2478000000001058019336,,,
A574A8CDE138CA2AA84BFBAD969BE035,,,,
A595B695B0CD371C1678A850CA749D15,,,,
ACF112303DEE26EDDE117C604DA2150B,SA6380000523608010823654,,,
A57B8CEEB09DDBB70F8984BD5BCD2356,,,,
A548E3C4AA02A3508A81B3F1DBF50529,SA5836036036068515694774,,,
3AB856EF4363E8667047,,,,
A578730D9E3A6A559E82D97641F3C43D,SA6610000033059103000104,,,
A558C65475B93E5B428C76836D90A2B5,,,,
A5882FF4B044F484520C7AD0FF2FB04B,SA9405000010011929094500,,,
A525A5625CBA3C3B102C35C07A1CBB2A,,,,
A52E6CFFEBE058C81833DF1527615146,SA8060100001182308810001,,,
A58137B311F9E08C74893A541DB53AFE,,,,
ACC9515672F56D08089300A3350CACFF,SA2680000244608016010213,,,
A5850789F0337B6CEDEF9FADFBB56783,,,,
3A1323AEFA7D30EBAFD5,,,,
A53BA614ECEB0BC5EE7A91D998C6070B,,,,
A5049093AB2D44CC34EB3AA1B89034AE,,,,
A577B2CBC40C7B4F1DD77327A9877AAE,,,,
AC24C3CAF85508F8F7575E4C563D3C8B,,,,
A5D614C6380299B954223C74DA1EF03A,,,,
A5565DF9516E48BBAC9135A9206BB82E,,,,
A5295468397A2EB9294DB0F6DD3E2592,,,,
A57FBD8CDA7F35A6869FD325A0401B2A,,,,
3AFDA9C47F2FE5439914,,,,
A574DB3465E5135CAE7F0D00BDCD9983,,,,
A559540C1D87FD57C444181F0F81DB43,,,,
A536E13574EFFAF13F1D641405EC3C41,SA3880208919764222121018,,,
A50D9D5DAE829993ABE542EA3FFD915E,,,,
A57E8EA40CF1177118BBDEEBA2E6439E,,,,
3A437CBD3F810803C6C1,,1097129314,,
A593B27F6011DEA93D5F75006A193DEB,,,,
A54822DF07859B5D85E7367C95BAC048,,,,
3A56FD2966C8D424E294,,1097129314,,
A52F5D7E767E2A3A865253944DDCCBB0,,,,
A5E99724C0EDEBC5B6DEF71FDF626968,SA8780208904726222121014,,,
A58723AFAC1CAEBFF7801F27AE7931C5,SA0320000002421228269940,,,
A536A46956A2F0018CFA6B536ABD45EF,,,,
A5818697D89A110B350A0726684CDEDB,,,,
A5F69B552A5B0B29046D2AD5071EE918,SA5836036036068515694774,,,
A5CE5FE788A30872DA078A87C252414A,SA6610000033059103000104,,,
A5FA1B0C1A70ACC32042C44AAC5D71BB,,,,
A530CEB515ADC67638372889877636A3,SA8780208904726222121014,,,
ACEB29FAE6414F32C31B568EB1DB2439,SA6780206970026222121012,,,
A5132D29804F0C4F646A95D35DFF637E,SA1630100974017274646280,,,
A5F84A003232765C84E306A456461F83,SA9736036036020585507574,,,
A5EB8B64D3D2043A5F5BF1CE762D1DD8,SA0320000002421228269940,,,
ACC7CE769E54140AADF19889789DED28,,,,
A584A2C9D6323A44192BDAD10A37D29D,,,,
ACD365A993089C99AA3307F3660C6CE2,,,,
AC2AFEAD7F081AA282F8D3F68A14C9F0,SA0480000239608010486127,,,
3A30D92ADA04755A7DF9,SA4880000867608019030287,,,
A569DEBEB3BB5EEA6152CC61A556AD8B,SA8580204422086222121015,,,
AC8964F1389CB740F3CE6314DDD1559B,,,,
A5B22EBC8C37D16CECD198995CBDE658,,,,
A51591059BD0D4BFA360AFF5C5DA0E05,SA2336036036091774385862,,,
A5A2089BE8DB08504C4EAF16CE914647,SA3330100974017274458667,,,
A58D1462B90340DA084918396FAB1F57,,,,
A59AD36C99DE1F57198C1A69F66F241E,SA1210000000430139000101,,,
A55B487310DAF9A4212B2EBAE7A246F9,,,,
A512D92160F8960BB1E110259E853D2C,,,,
A52056B50EFD15AB20B26C2F73F64FA0,SA6510000049300000957701,,,
A59E2F67C9B3DA23A01C8972D8B02F32,,,,
3AE989C973B88B39CD23,,,,
3A4444F0B8567F0B0239,,1094725429,,
A5F9625702426690111E16A22D06C753,SA1878000000001286894727,,,
A538D6068149115E997D2FF714943E2B,,,,
A5C04D9CBBA570C6950F03881DDF1939,,,,
A54E34BB9A2F73F9123C09D4B2AAE1A8,,,,
A5C66BF015A00A54AA4917502DDB3D33,,,,
A54E07778F385A270A56BFC0D3823A14,SA5436036036047223625844,,,
A5D307404CB39306A23FE34AB92EAAFA,SA9480208277760222121012,,,
A5E9D0E200BF745488945F121A32DF51,SA5280000001608016050995,,,
A5770C34F44BAB55CC047B599D8B02C5,SA3380208876750222121018,,,
A51D91838B889313C73D64BFFA16118C,,,,
A5C6F4D65A4AA8A27EA1113C6ABE3ECF,SA8780000856608019125001,,,
A51343422A2ABE4389EEF339257F69AA,SA9480208277760222121012,,,
AC694779042CC3D667DBE4EF23829236,SA9205012000000111376528,,,
A57115E2911A86A7FAA3AD17FA5C750A,,,,
A59D6412975002C4DB619AE6E1047857,SA4315000007780954160007,,,
A5FFB087EEE4BE7444EE2C54CA1E2A18,SA8793000048651589076000,,,
ACCDF3696B3529D3A4BE61B5505589C2,SA5510000004200001527004,,,
A5410C40A381268D7762C52DBC67D52B,SA0320000002421228269940,,,
A513D3BE3E89B86003FF0EFD193CC183,,,,
A50E7D4055DC2EAAB48E8A65D755DDCD,SA6436036036085273088746,,,
A59C07FC7D8385058A10423FDAE41C51,SA8080208912230222121017,,,
3A3760FCBA9ED1E46973,SA4305000068204931128000,,,
ACC4B75CE3A36C4219CD2F125CFD59EE,SA5630100812200002696977,,,
A5318FBC3FCE79407483B2516B7CF88D,,,,
A5567FD87B47F9FB426C428FE5EF765F,,,,
A5FB0E5B6E203ADCA5029D77DF96C1DE,,,,
AC954B3D21D3D79D170B2872ADF9F51E,,,,
A5DB83E4A91FAC52565C62A7D7457482,SA4220000009324960959940,,,
A53122C9B7E770094F2899245A7E079D,SA0320000002421228269940,,,
A525AA99655B0322295D8D03452888E7,,,,
A540E3991A48ED81916236F87BA630CC,,,,
A59A17E682DB07F76DAC74CB4D54E0E5,,,,
A5A5CD227E0F4887571458A514A951DB,,,,
A5B139342E355C5AAE6557190D1544BB,SA4220000009324960959940,,,
3A6E100A92EEC54F0994,SA0320000004215528269940,,,
3A2CA3DBE97E23461988,SA0320000004215768269940,,,
A522C5270B3DCE78F54B6E07B9C23808,SA4736036036071048758986,,,
AC73321C642FDE8D97966258BA6F7CD2,SA0910000065500043795905,,,
ACCDD92C920DFDE3F07A6BB48F7FCE9E,,,,
A555FF0166B24116099D6168C89F39F9,,,,
3AD84B81FB036F1040FD,SA7905000068204173711000,,,
A567480AB0D42D77F136BE4839008E84,SA2193000040101172413000,,,
A515191AA0E2134B3BAC6CEC8E2DFCE3,,,,
3A3BD0273D8F1E613BAD,,,,
A5AB04642008760F6800B5274DE4A978,,,,
3AD0AAAC8342F054F9F9,SA5510000024800000707003,,,
3A8891F0FDDA9CC27D5E,SA4715134018968635873473,,,
3A8ED61D66368A5F7590,SA1515000007781082870005,,,
A5A23AE02B8837350BAE0B5D2AAC3A42,,,,
3AC4DEDF103E41E6EF44,SA1030100974017274595269,,,
3A639D4B53B8CFEB625B,SA8930100974017274487438,,,
3AC05CC39800D7DA2684,SA3680000856608018528981,,,
A5CBF54B1D5F89EF3A77360BB85D09B0,,,,
ACD2F0F67C9758663A177E18677F2609,SA4305000068204931128000,,,
A544A35321B876543E696D419E67F869,SA5080208907724222121016,,,
ACC41B3D60C0D7C6843C4962293C4730,SA3445000000836023119002,,,
ACCEA52A659B5B66F548C09D2B774E09,SA2380000210608016498228,,,
A5611F202B2A0125AB2DD6B2EC568D56,SA5510000024800000707003,,,
A50C7A00FFC3FBE78A67A1D551667973,,,,
A51D7DF2992C3602D7D328F209A1B9CA,SA5805000010011928844500,,,
A5728EEE6950EF3BAA442B5512062EC3,,,,
3ADEE4DEB01B657BA715,,,,
A5A896E118C9B3FD90826162E28AF0A8,SA4736036036094049536047,,,
A5E1BBCC84F511673D45088D996B4E90,SA9893000058884102657000,,,
A531148E86684F60899F486B278404B8,,,,
3A3EFA861DBFEDDB7A97,,,,
A56EE70EA4AFAE6F5EFBA49E4A8D2260,SA3336036036012926434510,,,
A5310FE8B551B9860916B2AE0037E15F,SA1080900255349992540016,,,
A576CC6735595015B9C02E68745BEEB8,,,,
A5A332D811CAF042E09F0A4E568AE118,,,,
3AAF11D76FDEC03E4D53,SA8880000222608016146773,,,
A51E8BA35052B86221BA8CEE7A217B7D,,,,
AC29C7529CFF5DDB9C85BE278D64E042,SA8380000271608016048383,,,
A507BA7F7E0D50605F889696B46C9520,SA8880000222608016146773,,,
A533454C1ABA23468495A06B6198D2D2,SA5115134018969385462823,,,
3A74BD56462AE1344F06,,,,
A529B8A16ECCABDB3C467CFC26E5BADA,SA9236036036074346262894,,,
3AC00FFBE5518CF50036,SA8180000866608017772817,,,
3AA4D4EA5B3DC8C0EF2F,SA9280000858608017837233,,,
A5B07A5F48CF9D456CE041EE9CB779E5,,,,
A5BAD7DF9AA73A9A976373149C5736D8,SA5636036036049607397025,,,
A5D540709D050173E3272238020EFED7,SA7505000068207076322000,,,
A5ECCDBCA14E67B78C8411B06AA98759,,,,
A59A78DDB7E5DFC16533B08EE30C11FE,,,,
A58C0ABB798CCA333AA059CFE4F27177,,,,
3A6DCECD181DBE9B3B8D,,,,
A5DBD6CB5B09C64ABB6CC46943AF5B5A,,,,
AC21BEA2D217F0E11238C5792E352062,SA6136036036068687268902,,,
AC9E61E267873A59CB296856565FC25B,,,,
3ACD81F69D96E1D1A301,,,,
ACB1EA0BE569227FCAE0B089C71AE09F,SA6880000386608010174112,,,
A5C9EB13E815A726B11478BD16BA334A,,1048400384,,
A53E3F064125DBA6ED5EDD7DC663A886,,,,
A552060BCE8F9DFBCB79515BFD8A42D1,,,,
A5841034763F05D2B255FBCE39B8CB51,SA7660100000682313757001,,,
A544B16C730B769D7584DFC9F2DDBF52,SA7660100000682313757001,,,
A500ECBE48F4F49BF582C73399246920,,,,
3A7E78B7F719A4CAEE9B,SA1878000000001286894727,,,
A5B939D03CD25F18E90DF0FF4CCA6D9F,SA9436036036052738375824,,,
A5019FBA7729446FE28C503ACB737E14,,,,
A597D887228ECF2FCB0E153C3F5DF0DB,,,,
A5FBB49DF4BD0ADECFD234D5C4F3D714,SA5260100000682309581001,,,
A5621BE10B0FC77E496F85A84945D192,SA4180000177608010590799,,,
A5775E95F75C0E8523F81EBBC51F1D02,,,,
ACE38AED91431D0BD5E7EB32FF348422,SA4105000068206970690000,,,
AC6301C001B68DCDCB5D0B7D06E135D1,,,,
AC398402A95A7CACDB0CFF4BB6FAFDA8,,,,
3AC334EDE22D3AB8257F,,,,
3A82D52C0CA4167B9FF5,,,,
AC9C133438D17497A6FA30C06A507F22,,,,
3AC37B75EC19D605B3C3,SA3336036036012926434510,,,
ACDED63028A59E162550855F870CD907,SA3336036036012926434510,,,
A560E3AB3E886149887A303E44D8B659,,,,
A5AAD6C9C05435A9E322B976ED995A8F,,,,
3A93BA0286880E081035,SA1215000007781111810009,,,
A5FE2E6B27EAF6A51435233218E9D717,SA8336036036036774272871,,,
A5972D9F84232C2849F3DAA947F488A9,SA5215000900146862690001,,,
A58A426B172C972A846889F8BF530582,SA9180000349608019852656,,,
A51EFFD0D90B6A2AA18470F32A8E1928,,,,
A52D41813A4BB288EA1D931BEF2AFC00,SA8336036036036774272871,,,
AC4C0D5A7ED684E510B01036C82309E2,SA8336036036036774272871,,,
3ABCB0265C9456AC6714,SA4510000045200001131702,,,
3AC2E3804D545C71F08A,SA1180000187608016219458,,,
3ABB3776051122E38160,SA6715134018966269078448,,,
3A5EE0900EA8F861564E,SA9015000007781116400003,,,
AC44D2FDE0BC6F90F87BA4CD355C3D98,SA0780000856608017586857,,,
A5F82C68E3E4C78CBBA85B07990A1277,SA1180000187608016219458,,,
A5AC196951364ECDC057C3E1A3E9087A,,,,
A572CEE2AF5E2E35E712AE30B6557574,,,,
AC4F0281B2B921F02F34B5F7C162C31A,,,,
A5B19DE86FD52598B67B39205CCEF855,,,,
A538290F68683851A9090A57FA2C16CC,,,,
A5A059DFE01AC0A2B16763DDFAC792E2,,,,
A5FE73C430DA776D20FA4FF27938CCDE,SA8615134018965127404402,,,
A514816CA5EA02534E3A12BF4827C2FB,SA4215134018967587814753,,,
A54D78E4F4FDD41BF7DDA1F43B2C70B7,,,,
A5AE31DF3BC79322487ABC480AA94A60,,,,
A51897753895D5942DDA9A338438C563,,,,
A5C19367BEB38CFACE55CB5AC47EDBDB,,,,
A59E3A4F86BA662063D951E6A1BE67CD,SA8436036036011696273287,,,
A53CB6F8ACC71C6AB08C6EC2F512B8FD,SA9436036036074593850508,,,
A5E1A8F3FF861F833CA38DF01B0E91BF,,,,
A57DBFD8BC394C26586DBD2E695DE2E1,SA7730100991104270552824,,,
A53904EAAA8EE0978006B093FA9B0407,,,,
A5A764F58A3F2C79C9573AFFCE02B947,SA6280000458608010881727,,,
A5233532EE3BD147DCE0A839794529DF,,,,
A53962044FF79F3D4EAA9925E46A4BD5,SA1878000000001286894727,,,
A5D513C7457E881F3B637F9C84FFD9AF,,,,
3AD75B41C95F8544200B,SA1736031016035196209056,,,
A572B6F0C466391AE757FFC0A7BC1DA0,SA8636036036076791900625,,,
A54B424E2B3EF53B0650A9DA44495B84,SA5380208915066222121012,,,
A57B6D1353BAC0B12A86F8423109A0C3,,,,
3A4BCED4476706891911,,,,
A50E91E5D7AA0B7A605453F1F6114B5D,SA0310000000966695000104,,,
A5EE7A76FC8747AC2154CED526EC3819,SA9680000859608012995647,,,
A542CD5F75F917151893472D8BCD77AE,,,,
A587C588F1BF6C61BEA9F0E7DFAEC8AE,,,,
A5F08594985736ED5EC247626F21813A,SA1180000187608016219458,,,
A5BBC436D0B0F6BC217ABA247311B8EF,SA8030100974017274441816,,,
A5B85766147E2FA39F1E57CAB5E15278,,,,
A510493E1D508D3ED99A403CD4C2EE7E,,,,
A5DE92C3F81792C8A66A5784E701B70F,,,,
A5471C6252F39D31EB2C3F251B55BB99,SA1436036036000630214235,,,
A5730B87295842CBD4F3F02BF5405F56,SA2578000000001295959057,,,
A5FC046278D99BD5918A54B654555A61,SA8010000079537654300006,,,
A5BD8B0F58BA3E397B2958E966B8E628,,,,
AC31FFA63312B8E5E9FB04D51C3E4F4B,SA0530100974017275553622,,,
AC1303D209C52188411FD0EF46CFCC06,SA8680000202608010328488,,,
ACB10FFADB12588621CC945F1715A22D,SA7205000010011925363500,,,
3ADFDAF8D785886F5978,SA5936031016069841478789,,,
3A538E5A851C87F3912D,SA6380207542893222121012,,,
3A3557E6499836709615,,,,
AC7B1C5F554C341A3D9D2B4F9F12C7D8,SA7115134018963769208829,,,
3A27FFD93C846D92C20A,SA0480208926846222121014,,,
ACAE47B23AD9355298C34F8687E134BB,SA0680208914603222121013,,,
A5B513F22B6328878B5589321D2A2F1D,,,,
A52BC41A9F11BB235390EF31FB542650,,,,
A5C0E8BC43A9653E30C9D40E0A9B9AF2,SA7115134018963769208829,,,
A5A8A5E479249C41754A6349F814550A,SA7080208927356222121012,,,
A57BB837249892CA78CF367EC6BD55C0,,,,
A5247710D3CFF52B122F535BC153A2D8,,,,
A57EB26463A6525BFAA805D4CE4C674E,,,,
A522DF51BAF37D2E720266DAC1D903E8,,,,
A54F9D69BF46D6C45AAEE047A0BD06E5,,,,
3A7B0EE149CD9FDAA206,SA7115134018963769208829,,,
A5AD126F10B775228F41456490809C76,SA9236036036096139220205,,,
A5EDB67637A743A581305DE68E5BB4B9,,,,
A5F3EBD9E56EF65D5DB0A36960B6136B,,,,
AC61883D487CC52527D27E64897ACD3C,,,,
A5E2D2DE0BBDF94B2D0E13B903B4EC1B,,,,
AC183B52213BDCD2EEBB1593DD5C7908,SA9593000063899354439000,,,
3AA8814A45E7337DC033,,,,
AC7CE9D9432506F1D3B2A93B1EC3F211,SA3245000000352682884001,,,
ACDBE62A12C20BBEDD995E2A96141D16,SA6505000068204032565000|SA1105000068204032565002|SA0910000051200000538410|SA5210000051200000461103|SA8880000584608016214615,,,
A5E20DA5408808075F33328693CBAD1C,,,,
A59E26DB75C4D40A0A10CE00A5FA1336,,,,
A5D081FFEE8EE3D87E87C70E5146DAF0,,,,
3AFBFB250CD4DB472773,SA5760100001882316851001,,,
A55AC732D60C49E4197FDCE5AA4168F2,,,,
A593B678E581EB80591EBAAC7ED45E3E,,,,
AC7A4D1DC222E160AB9A93AAA3012607,,,,
A5DB20D4F7C9A3D9306DC379CFBE141F,,,,
A5FD3577A9DF88B7B1DC90E2BFC29077,,,,
A5E5211DCDE9EB5D707FC88331F3FF04,SA1205000010011932577500,,,
A58A470E99A8B3DA22A43557471ED8AE,,,,
A5676A010E38E91C28052C7E80427610,,,,
3A79482C85A247BA83EA,SA2736036036071535704390,,,
3A93FE01379B2B8EA046,SA9810000079537655152700,,,
3AA9AF300D51E811012C,SA2210000079537654276509,,,
A5ACD99EF5CA2350C3EA8503A8128AD9,,,,
3A49CF20CE4CBE533802,SA3230100991101830193684,,,
3ABFC26F0C3802625818,SA1205000010011932577500,,,
A59E0417B86847A921FC64F9C5976F3F,,,,
3AB6B7F1B4E46E3A5F29,SA7415000007781121780008,,,
3A7D3E3C46118DDD1EFA,SA9860100000682317003001,,,
A53217FBD7C4802474AE1D3A92B382F4,SA9236036036031699474142,,,
3AD2EBD2EF0245BD123E,SA7415000007781121780008,,,
3A8025C4685D9E5C2A30,SA5030100974017275213894,,,
A5F785021113F18F24C3F9268D907779,SA3080207248310222121014,,,
A5AF6BEC9ACBCD966F019B49C0B0CA8D,SA7136036036002907740811,,,
ACFFC32D10285DF19FCDAC679BED5AD0,,,,
A5948F046853D5D248A167EC32DCEF2D,SA4336036036042717028158,,,
A5D0C7EB00E9BE2123647C08FC110D80,,,,
3AF028E1C15695CE3457,SA3080207248310222121014,,,
A5F68C75C3E19C8DFA886378004C3128,SA9493000080682303383000,,,
3A46B7766F1BD0D064DE,,,,
A5035090B4848B9AAACC756A1E395F9A,SA0780900256566992540014,,,
A526E0A1C96C08B33FBC1CF39300EEC0,,,,
3ACC383B2B29E1B09002,,,,
3AE90BCE80A617F50654,,,,
A5658CBB6D3C8F234B668CCDF9E623E3,,,,
A560B2793A2CDE542D8A79B2761CBB62,,,,
3AC705CADC6A6D05D7A2,,,,
3A23DEA1DF9F3A16B345,SA2380900255362992540019,,,
A51567AF5B83FF4635640155466E020E,,,,
A5922DE2C517656B2D48F73F6F9945F2,,,,
3AD4EF9567C4DBFD6B36,SA5236036036038824812010,,,
A5FEA5FF007557F3487871BD2D98859D,SA5280201675871222121011,,,
A50297C7620D4BB4CDFF46D1C355DDFC,SA5280201675871222121011,,,
A55D6A2ED6F6655B00F10142306AB95B,,,,
A5E6584CE6371A330930F73E34CA62E5,SA4680000475608016003929,,,
3A91D78FC51426457243,SA2215000007781128320005,,,
A5B1F0091F671C3793F8476842E0CFE8,SA6890201675871279001010,,,
A5CE26F3DFCF47513929F2D252A8C244,,,,
A54FA64DB2E7E5E223FB63855D3C022B,SA6515000007781131120009,,,
A52CE84145CE33FE1F9D13AAD1F07DD2,,,,
A5412765C5C21C633549DADA5F4A9F63,,,,
A5EAECB75E8929B1C1F4174574190D3B,SA6380208929622222121016,,,
A59EE186DBFEB1F6C6FD69E05A30356D,,,,
A567D3449D261ABB96DE45CAF9A64A1C,SA4336036036042717028158,,,
A5E075E5CD3CE66DC1FE7E952DBD724D,SA2345000000161246483001,,,
A5327EAB14850480FBF66B577A3F7461,,,,
A5EDAFE7932823A98EEF980AA5FCFA62,,,,
A5E57D6BBDE9FF1E148C8380063F7E34,,,,
A583133DEF4345A1A744F704E467C881,SA8980000361608010158882,,,
AC0FF697C62FA2932B962ABB6AF3EA9A,SA2180000177608010308598,,,
A59D568B70F42D37E36FAC32B1989A24,SA3360100000782300956000,,,
A57F2D96E0EA04A847E975B90D8D13BD,,,,
A5AA790819AE9EC6D42DE2C825DE2FAA,SA9830100991105213453653,,,
A52D10B458D668026DD7476835F137CE,,,,
AC49FE2BA03E28EDF197FD760246C293,,,,
AC17DC108635EC011122CBE62EA74DF2,SA7980000856608019255998,,,
AC7425A8F13CB439E467192B60B1EB15,,,,
3AF8B7B01A6312E709FF,,,,
3A0A395162EA8E55FF50,SA0615134018967994405257,,,
A584D2B8DA654ED1F5784DD7DE5E701C,,,,
A5EA8256DB7DDF97C4270953534DDB95,SA5615134018965736421091,,,
A57E3909602C3E51E7C181EF8529FC3A,,,,
A56B65598BBE63AFA85B261FAE023837,,,,
A5D9E4F4264AE32FAA018AE2A0867124,,,,
A5C86E8142A409666EEFFD2E7F5C82F5,,,,
A5B57E0600834BD8F5C19DB13F6E2125,,,,
A55FB7CE918EDF9A5E55A4F3580E0DFE,SA5660100001082312669001,,,
A5A35A7FCBDA35B60D08AADEA97C3208,,,,
A5CF13C8821481332DF95D332DF09B80,SA8580204022483222121018,,,
A5D14903BBAECA0FE7B7A8F74F8580AC,,,,
A577FA7294450CB1148F8149E43F8162,,,,
A521D19D37E5C979D6FDA03828711F84,SA6810000028300003134504,,,
A5504E1FEDDFCE927D6E92C9981C4295,,,,
A5D8A076356F1DCD05AA9715DE6AA013,,,,
A5DD2F9366F3B38873C3A0E55F494891,,,,
A5B722255B902A6A1EA03A3723848582,,,,
A5233E9FE8322574AC542F51CF850532,SA5280201675871222121010,,,
A5B43EB089FC41E238018BF24B7CDA44,,,,
A5005EB48AF4935EA3C22B0B2A876F8D,SA8615134018965127404402,,,
A53227751140D19FE3249D99A2893D28,,,,
A507D5B8105A926979E8A7ACCCBC7B10,SA9305000010011924070501,,,
A5E7F42914906C284235B17BAF4A7E45,,,,
AC77CB40C5ED1767A7BC127A928AE2F9,SA2080000592608010048373,,,
A50A6134810CBDBCDF8C4D40F42F589D,SA6320000001861886269940,,,
AC298CDD79763C5B46EC1B75F36D3BD1,SA7015134018962901913999,,,
A52591126EEC2625E90CB610851B8FA9,,,,
A5A4DDBA316E0521028D3B7AC749F40C,SA0210000011100333882302,,,
A521668871DF6E5853E8527E252F8554,,,,
A5687E28D324BF01269925C18056A62E,,,,
A555EBAC85D3E59F6E945E8519CD150A,,,,
AC375D19C6AC175442BD3EA91EB6124C,SA3760100001182316751001,,,
3AD2DD1AFDE6C964389A,SA4980000856608018176443,,,
A541A268E11AAEA027180F5A2F275E4E,SA3530100974017271401287,,,
A52E7AACB0B4EE48C9C03A3005041358,,,,
AC0E69DA9751E5FB432F7A210A728932,SA2536036036001374130608,,,
AC1E13BC5F2A4C80533F428064164356,,,,
A5D622235FD16A1D3ABE206B6AFB1B35,,,,
AC2ACB293D4C2BB3225FD0D3BDFE597E,SA3005000068202370727001,,,
A57B86E6A6481C49486AEA6D87B9E9CE,SA7845000000839262870001,,,
A5694D87F5C5C633D0F7F6B26A39795B,SA0430100974017275328406,,,
A5D2FC4BD0315DB930F296DB36D68B46,SA7205000010011931862500,,,
A5D3AE74D83F858A9F0D834C9E1B3822,SA4015134018968631127777,,,
A590F3DE7C6FF61788ADD6E8B0CA5462,,,,
3A27B2A618879A8637BE,SA8278000000001075637469,,,
ACC60519B6FB1430976272BA341EA851,SA0678000000001292780709,,,
3A07164C56359CD7C52D,SA7205000010011931862500,,,
A5698E70AC87CAEA5D2E287889BD90A4,,,,
A56F7344A5B520ADB410CEE49F1E90A2,,,,
A51F38351B479FB38D18CF5FF3B3B7B2,,,,
AC3BE9B34874E183B89860B2292DEF44,SA5660100001082312669001,,,
ACCE0C2E991985811F4DDA0094D67638,SA3310000013149088000110,,,
A5BF79798D80DE346FEEF2C90D68CB76,,,,
A512BFB9A853FE536E082509F238C169,,,,
ACBC808C656295BFF7C465E05A88DE2D,SA5936036036053129638855,,,
ACA302995917F8ECD8862C47180577F4,,,,
A56148FC18D606DCA55D30BA80CE9D15,,,,
A5931007F7DD39E867A0953BFB9AB2ED,,,,
3AA61435504E8B004661,SA6330400108036341720018,,,
A5532EF3711D5D0FA88123D298D4A73F,,,,
A5EDDA96474ED9B9B68C90B0EFFBFD97,,,,
A504652F9047707B85E1C9BDED3CFA1D,,,,
A53569B30D1E77FF3294E0426F74EAF2,SA6615000007781134120007,,,
A5B0E80FFFCB741B7D4F5BD598DBEB5E,SA5680208915190222121010,,,
A5E8E7C0432C0A4734BD02851597DE34,SA0780900256566992540014,,,
A509F1EB4CF74B3A746F24ED836149DC,SA9510000062300175107401,,,
3A0337BC89BB9CC9C012,SA4220000001872939839940,,,
A529927A72FCFFEC227F4531B887A77A,,,,
3AFB15744DF4D5E8155F,,,,
A5E6E42BF02761641D60B9701B64D47B,,,,
A501D3FD49059EF3B408F12AE09228A0,,,,
A53FDC06F822D392B4AA3FB271571A59,SA7910000008600001346902,,,
ACFBDCA89D7142954E6C18C0654D61AB,SA7530400108039520500012,,,
ACB182F721CBC2EDBB99B4EBD2E511EE,SA7530400108039520500012,,,
A5037D96D756A72FA209B7269E8111A9,SA3580000584608016224978,,,
AC57A3A8D6E0EE472AD1E349AC4FB0DC,SA3360100001682022904001,,,
AC2B1046CF6D024AE064B93442DBDEA1,SA3880000255608016010029,,,
A53212D0CFA1773A6BBF821D87D48A88,,,,
AC59CFE83A191384DAF6E9F3226062EE,,,,
AC5E7A0B2C5D4554AF8038DE0259E137,,,,
A5081814A4E8CAD1A6A6C618C64AF33F,SA5915000007781148700009,,,
A599E50B17ED0943503990DDF9A720A1,SA6793000022412581487000,,,
A53B72134354A1A0AE9F14307834C776,,,,
AC89718BF633231ED97773CB8BCE3DD1,SA2430100974017275163049,,,
A5AB19D8F729865FF8F9EA4C953A6205,SA0245000000832050306001,,,
A5F122FC2BDC1FB00E5B92C3A07DB23F,SA9780000477608016060141,,,
A562412CE7081B45D2B45F616FAC0DBA,SA7015134018962901913999,,,
A55AA9B3748770D47C0F495525BEC6FF,,,,
ACA239E5FF1D4FEC662BF646A72BA1A4,SA4880000157608010114600,,,
A56C092017DBD046A1B139CCDF68E150,,,,
A5E45E77F065FF04D180408C7210F82B,,,,
A537E6BD20A6A789EC156F209DDCEEDB,,,,
AC8939C8F81DBA6CDB1E01ECC3DE99B9,SA6905000010011864543584,,,
A56CCE50573AD10A72FFFB2BF098C083,,,,
A573B299045838D8A536957B4534DC4E,,,,
A57B6EE68ACEB42B262AAC93CD9B9FC7,,,,
A54EEE38730DCB1DF5E8BAEDE9E8BFED,,,,
ACFB02209DB76A53E72D5F8394B3BA3D,SA1980000867608016869455,,,
A52F10CEAED940C83F397695074D660E,SA6680000331608016732158,,,
ACAC3B4D7E5E1C077E683155F9541361,,,,
AC0BB037B2A3DE57CD67387817F89770,SA3180000138608015006526,,,
A56DEE408810A258CEF0A7587B95A43D,SA4210000025700001809403,,,
A5972A6C15BFEBA7309041D0647EC60C,,,,
A526CCC2214E188C9BE287BAF40EE5A2,SA9330100974017275484623,,,
ACC2DF1AA18E0379293F4C04554F5B40,SA9536036036020962369973,,,
ACADCDE1EFAC7E0E38AEA723E4C2A865,,,,
AC224083C7DCB55B57AE359BBFABBA5A,SA9510000011100522665908,,,
AC9E8399D62D7AD0C91370A799F0BED5,,,,
AC7322ACDA8A34DE97F12B36FD7983C0,,,,
AC77E3A4A7C731EF484B3993912E5E26,SA1780000598608010045993,,,
ACCE44EB5D044776FBEF6B4C654CE4BF,,,,
AC71B3EA2F63573361C4B9F783C77B81,SA7905012000000111380157,,,
ACCC0A788E74480F98A2291834426E10,,,,
A550E33CD7DEDE95D100732112121A31,,,,
3A046B931D34770D56FE,SA2805000010011934197500,,,
A5E81335EA27865829648FD25765F6F5,SA6460100000682314967001,,,
A523024D11835B6D7F73891EA632F0DA,,,,
A5829DC9F48BEC01AAD072A4489E0924,,,,
AC9093CCB2349297E8C9C522152B3EC5,SA3580000222608016172753,,,
A5BB3ACB7A9864B6329D77152B4B40BB,SA6330400108036341720018,,,
A5F8153AF7D09D7514C5572F744D9C31,SA7660100000682313757001,,,
A5F641C900BF5259A9F28E86208361E7,,,,
A5EFD3CEF16DE5F04C8B965792A8F316,,,,
3AB3B70665259D7B737D,,,,
A524D160166A634EB6575923A30B2DA3,,,,
3A006B603C61459569BC,,,,
3A7C82C2A52AEDBA8A13,SA9893000050577398823000,,,
3A6F3C627C8AAA4A949A,,,,
3A8ABF30EACB90C6DEA8,,,,
AC0D4DD01E40696F8648DF9A4168E2C9,SA2436036036048736963154,,,
A53A9047797FBBD0495DEEFAFC0AA8A3,SA4336036036079881830870,,,
A52E0D6CA9D8C47AD5475B629E20FAF7,,,,
A581A89C7096CFCDCCD8E07B1A5014AA,SA7693000071960094880000,,,
ACEB653F2CC786ED2BE6A79C50365107,,,,
A5A3D2E9CA5C4AE5BBFBECA8D8866CC6,,,,
A5A74722BA0FCC9506F0DC0042846EB0,,,,
A5FFCFA5EB8843972E1543A9F6FE63FC,,,,
A549BA5CA0EEEAE27B1B4862D2BD6A3F,,,,
3A677C18FA43D8121D7F,SA7336036036024809534705,,,
A50CDF287281B0894B7E72EEED526423,SA1780208850189222121019,,,
A5A5A81D6CA332FC2FC94AB669BCD209,,,,
A53CDD87A3D1B9CAA3B435B13672D912,,,,
AC6384986CCD8F38A7C308077BE023F9,SA8910000062300019914105,,,
AC4A289BBCC103E33F0C5029A044624C,,,,
AC61D465D208E6E5C51466D7A8B5472D,,,,
A5DD1EF6EBBCB08207E7D96D9E952D42,SA0236036036080445014190,,,
3A92133DF5D816824B4B,,,,
3A1CB95F8D7A73921425,,,,
A553147EA4AB4B40176FA5B109821812,SA7905012000000111380157,,,
A595F391979944E10D310087360E2EAE,SA8680208915642222121010,,,
AC39D30B214949F3342E2C019A738F5A,SA7693000071960094880000,,,
A59BE4127B3B8B620B489551D23ADEFA,SA9715134018966674309578,,,
A58E4BEE3F931FAF1846B15F9549EE8C,,,,
A577242AFD5FD08B8C02F86C12C33A31,,,,
A5692F3392ADF97C2E9750ADAE28D034,SA3736036036010643487737,,,
A584105C3677C956EB11094E7970E95E,,,,
A575489DD602FF8B2ACA4F691B2EA7DD,,,,
A5F84BDDFC1E5E4581A160EC5CA0AE5C,,,,
AC2E7CB306FFC27CFE3528EC515B1FA0,SA0245000000832050306001,,,
A535B7B1A7464D386A95CA26B2B63D78,SA4036036036006513353395,,,
A55581DC8C3AF806E397F89C306398BC,,,,
A5558399010B6EB351E74EA4D440587B,,,,
A5472731A382E3284C6C116E922E26AE,,,,
A517861B6F71235E4D1180ED5073B35C,SA9715134018964340958274,,,
A53ADF6F004786C6003BFD22B0795A93,,,,
A5420811F5DD25F3C2D54FBEBF861CB9,,,,
A5CEAD2AE3AB6A2D6438C6813E8DF2EE,,,,
A50D1EA5CBCA6B311239B1176682D70B,,,,
A5F731322A176D8567463C3A5FE07199,,,,
A59518E8471E3F1E703298F4916C3931,SA4080000158608016151128,,,
3A642260542441ED7FEA,,,,
3ACCF3953410A873AEFD,SA6030100974017274794480,,,
AC33285094F1E2FFA0F9D30A8CCC8CF2,,,,
AC5873CA579EC105AD845110861AB60F,,,,
A5A9EE940B5CC22EC6475EF8B91613E9,SA9615000007781152380008,,,
3A16A80AF30801320F4C,,,,
A5EC8138D04D9ED401BDB3A32A61DFC2,,,,
A54B25D2197A99D9942C5A6A0AA82DBF,,,,
3AE16701CA3DF57A0F5D,,,,
3AC233BDD24BBBCDF703,,,,
3AA6F1C45B285E91035C,,,,
A52870A6792C201C416B35592D419274,,,,
A526BE02E7E47AB31DA9783F6800EBFA,,,,
A595DC3F20576E6959DF429CB3933510,,,,
AC7CCDB32050FE8F52329EC7DB0E9777,SA6680000535608010060386,,,
AC7FA895945D8D5414919126BDE4EFCB,SA7980000866608010592816,,,
ACF547E6528E7A6401ABEFBDAC503896,,,,
AC3AA5E50E3B5CFCB43DE3DAA70902A4,,,,
A5D6550EDABF88B7C6F6D548D88F7A77,,,,
A5DA6F9A6E61E4BE75AB7A52285B11DE,,,,
A5F115E3322DC4D4F3420B755F3CEBF4,SA6460100000682314967001,,,
A598C61F69865E311B664D32200AF2F8,,,,
A511CC6E6A637C8410C64A71F3FCE6B0,,,,
AC0C0438367448D134558D695C065D5C,SA2230400108039525110018,,,
AC07F4DF28C14C845CFBF77795846DA0,SA3780204582150222121015,,,
AC2E08BE103FF6BF5BE8C7C0356DB075,SA3236036036030600495971,,,
AC66EFDCB8C17F25025772743952F217,,,,
ACBB45AB81CD5B48CB3A1182C9678588,,,,
ACF2A7519038B9C8835D2F4FBF7BAFA6,SA5505012000000110429310,,,
AC06780BE7AF2898E480E262B6F94EEF,,,,
AC45CD7C67D9701F786A81C4154F35AA,SA7480900256947992540016,,,
AC6111307AFC2FB55FC4E3CFAA0F0A3D,SA9680203670256222121015,,,
A5F2FDB2B9160F8CB3472EEA727D8114,,,,
AC3BBC7D1DA4D66D66104E0D2FA23E87,SA4480000402608016044475,,,
ACC8DD3B01B93A552AB5050DA8382EDC,SA5580000302608016076437,,,
AC8E96AB4AC1717AE3BE695B9734C472,SA7380208920045222121019,,,
A5D9A9FDC32611ACA5ABEE73BDB7807F,,,,
ACDDC1B1C2BDCC1C90C17CBCC57A93C4,SA0380000562608016299695,,,
A50FD12606CB9DEDB1329402CE55E4AD,,,,
ACE08F239A5513515DEB0A04B08C5F5A,,,,
AC8719D939175F75E709F2C23456EA75,,,,
ACCBD435743EE9B974DA204402671A40,SA1715000007781167760004,,,
AC9C653D93FBAD4AD1FE100316829FA1,,,,
3A0DE375BE76E2D717FB,,1121424830,,
A5F334A1B64C0A33DD66937D2601A20D,,,,
A5578CB1CC31FBFC0AB5B7B749A06D16,,,,
ACC3252B64033E286920F7BDB629E2B7,SA5436036036013206918362,,,
AC47D34C1CAF3271436EF66E526C570A,,,,
A55C0ABD32246AAD82C605E3F937546D,,,,
A584E84555DA3A6448FE043EDF0705FE,,,,
A5F02B4C75DF382A993FEF414491FE27,,,,
AC86968FF9E5D2DD2780AD283DD6D1C1,SA1805000010011905297500,,,
3A52BA1BBFE3EB816FE9,,,,
AC102EEF658F793973262B78D9871D41,SA8460100000682318253001,,,
A5BB23E3B81F777DCB900B5AC7BE22AD,,,,
3A125EBF6018A597D823,,,,
A50825D1758C7E908FD9FD0E928BF444,SA1515134018965540862942,,,
A5BD254FC3D9BDCE8C31F651182EAE9B,,,,
AC932518151672743FEEBFC6269B3BDA,SA9330100991109312904700,,,
ACE553C57D69896C6028254C67264554,,,,
A5F4E05A6A91A21088839AD4BDB65EF4,,,,
A5E8C12B12D43C46D8703E84115FCB0E,,,,
AC04B4066C2E6C9F3AF3DEC742605A67,SA5936036036011033142452,,,
AC657B8CF30C3DFD5C67C6721C8CBD4E,SA7236036036062768152358,,,
3AFC1E4BBA60C1BCBCFE,SA8780000315608016068421,,,
AC148A9FABC5E008AF43DB7F510A82DC,SA8780000315608016068421,,,
A56DE76B27B813FEA31B28B79256F77B,SA4080000249608016029887,,,
AC354DE134E33998B6605BAEB602AE2D,SA7610000011100458036508,,,
A541D5E4A303669CF282FE65B02CD63C,,,,
ACEC1519522BCF34641E1207D8BAE07D,SA8336036036025257136951,,,
A50060DA01FCEC1342F53991A6C06A3A,,,,
3A6F492D047C9F18E4BB,SA1736036036007699875172,,,
AC40A7CA0875CBB497057278A135B4BE,,,,
ACAD944F3935C61A8DD9CF4AB08CA469,SA8015000007781174800003,,,
A54B1B9A7FFFB9F4918F1F5048FB2730,,,,
A5F85003F8F1BAABBD240B7E9153F558,,,,
A557D3015A1955800ADF34572CC9FB57,SA0905000010011935353500,,,
A5C5C35D6359DDB8D360D73D87F3F45A,,,,
A595539A18154BD1ACE64E0BB3E6A5AC,,,,
A5B35C063BF05CACD09A11F47DCB609A,,,,
AC1D2301FBEE37FA4DDA07B6242BC9C1,SA9380000867608015733223,,,
3ADBA9BC4E4C519B4D50,SA1120000001421274509940,,,
A5C5A1371465C3BFE7E45938BABEEB32,,,,
A5E191C215EA250DBFD748BD2FA29A26,,,,
A5C7F31FE020C724FF0846B5CAA1B879,SA1130100991103176559203,,,
A5B88A8397C414A25380801425A1C0EA,,,,
A5FFB6090C9CCD1CB0907A3D57A55E0D,,,,
A516111C4600D720AFB8F063C8149635,,,,
A5AE6834A571C0CA3F67475214535872,,,,
A54DFCA71CDE57198D38FB83FC5D6689,SA9515134018961638475163,,,
A52A1DB64CA545287411B5BFB610D531,,,,
A5F3A9B274B839A3D18D43ED20F2018B,SA6030100974017274794480,,,
ACF7C964D7BC6A0428994BDCBB831E51,SA8880000856608017220291,,,
ACEE35E637E36DC31BD77AE5A55C0F03,,,,
3A6926F4BCE127A3197B,SA8015000007781174800003,,,
AC194A9A58D3C33E5BF8B472DDAFA168,SA4636036036066898123184,,,
A58C7D59B5779CFD3E08A2564982F2D5,SA7280000422608016274219,,,
AC381F7528BCF3F3D1264A1D92C896F6,SA9880000868608011837175,,,
A54CDE2971A630D9603589F2DAC3FF7D,SA7315000007781175480002,,,
A5543E943E4106076BF1DD243B125133,SA4636036036009958074905,,,
AC8697E093212677BFF7F64B8D6139B5,SA2136036036081803260907,,,
ACD16F4ED1350B042857DB87D4D44554,SA2730100974017276148612,,,
AC05A1D3CEEF72C1C131A8EC56A9F0C7,SA2236036036017857808590,,,
ACD076F3B19E44B58456AF8452E11922,,,,
AC34878996790F12DEF756EC35B1D930,SA1615000007781175860007,,,
AC8C3EA1042AEF519A88B4DB88D2D16B,,,,
ACFFD467B160805854AC00FE24BE1C91,SA4030100991109822212205,,,
ACD01B242E7EDBC856168DC126671686,,,,
AC2C32B38CB19AAC409F3103F658CD79,SA7310000044247150009906|SA8880000856608017220291,,,
3AC5C5DC915C636B8ED6,SA7930100974017276524812,,,
A56A03103914C595787D310777F134CF,,,,
AC124B50781A7579A413D0FBFCB84E0F,SA4036036036084769930099,,,
ACCC3A52117C45DDF9F5D18E44FFD9C4,,,,
A5C7168354C1072ECBC77A41F0DDB5CF,,,,
AC8EBEF5B4DA59045249C9E8FEAAAE55,SA2136036036081803260907,,,
AC520472783B10B82729D504542544C6,SA2136036036081803260907,,,
ACAA8A25AD27FFFF425DFEC4A1B9583B,SA1730100974017275954016,,,
A592AF679B873B3847B06ACEA9279FE9,,,,
ACB67FC849F432B57D189CA55AAAAA3B,SA2280208936642222121015,,,
A5C99C95530FFD5D107C300A4050148A,,,,
A5ABC382B390648C8A51DF5730D0181B,,,,
A5A54C6C137664E6967EBC4B2465B6E5,,,,
A55E973D8D1B316F6C3C0E5FF22A3225,,,,
A5B5A7C8DF24DBD41F5CF1781825F145,,,,
A590CEA5AEDE7CEC8173F228DD0A7EA1,SA3510000097100002774310,,,
A5B32E05DC1F632DE37810083821417D,,,,
A59FAB66F4EF002D193580DBBFF0ACE6,SA7480000859608012739284,,,
AC017CED415A9B5B646F413EB5EE8339,SA5115000007781176240005,,,
AC981745FEC4D3FB00EB04E1CAC0C4E8,,,,
3A4FE7EC8CED8B6BDD71,,,,
AC45DA605E7517F033874A5BA3ED2D13,SA0680000566608016179646,,,
A52FC22B0C52BB047646262E5393A9E8,,,,
AC0E5E595778E2D6508E0F99F858DE29,SA1580000337608016277943,,,
ACDF9605DCB7DDC285A8226FEE13814F,SA7580208935470222121012,,,
A5282D0FB9707A09729066713D2AA59F,,,,
AC9665DA9AC541376FC9A13EDA627B23,SA2005000010011931641500,,,
AC2758E888B9EB713D3FF22376ADC82D,,,,
A543DA92BB47EE94E63303404D559300,SA8210000044200001945401,,,
A550E351FDD1628E52E70C5285E37228,SA2580000681608016283067,,,
A57D4E369756DADD830642F17609765E,,,,
A5C789D8B1F70AD0FD5DDC73A550788B,,,,
A50AA0A30622788A5DF57E353AF0E3CC,SA2580000681608016283067,,,
A56637698F28744E8AEA75B4C10686F3,SA5110000027600000691900,,,
AC5BEFB33CAF6C38DD478FEDA69CC866,,,,
ACDF9C650C12DBB1D7129099A48758B7,,,,
AC90BA64B9463F6DEC2CEF2581A20FE6,SA4036036036059350503143,,,
3A3821997189EDC11E33,SA7580208935470222121012,,,
ACF33E6B1B616F30BE2360841CDF99C0,SA2030100974017275949403,,,
A543B5DEAA4A04AABCE0E27C04C7EC7B,,,,
A51DD61AF6FD7D4261D10E0789CF7F95,,,,
A5F4E4B7D613B9F0C6B35C8F33E49FC6,,,,
AC3E3AEB435910F5EE338978677D3CEB,SA0880000176608010520830,,,
A52255E8F9A01FB28853A3DD7156E28E,SA5115000007781176240005,,,
ACEEE884E0D7C0C7FEA5A8C58C716278,,,,
A53C5BF62058ED01B4CD24395E2197D6,,,,
A507FDBE4A764899DF887C2EA705AA9B,,,,
A53176F5393DBBAFA1FCA8ADABB232A9,SA4110000001400034177402,,,
3A7F1C90A04BF70EF4D5,,,,
3A026336785FEA8DC54F,,,,
ACFB7CD74EDF951A1EA7C3E596FAE48B,,,,
AC2210D954F1CB00C1D6E3F84D3309B6,,,,
A5E1CF71DD7B3FD6457A1C5FD9A1F0E4,SA5915134018961667262113,,,
A543180BF5D06B93709B930267C39A7D,,,,
AC2B148C5A5BB02EE26F688A2D25CE5B,SA7436036036045835818063,,,
ACBD4F8C4188DDC8A6EB72603D324B0C,SA9015134018961852855923,,,
ACC4BA559A8B566D2BC10BBC352DF5A1,,,,
A50DE94EBC552E1E584DBC8E24161087,SA2280000573608010008644,,,
A544E3444A0BB025D4008A431EA566D4,SA2430100974017275956412,,,
A5F9799DF6CA54C2CBF6018E3FCD2648,,,,
ACD1A4C862B7553D1B06A5F98F850952,SA6780207895189222121018,,,
3A776C2F66A28B7B0F85,,,,
AC61144E679E71EE559F043442CADA06,,,,
3ADC98775169617893F6,,,,
A5B95C1348789B78165EF732BC83DA0F,,,,
ACC95A3AE4DE1DF716886F31FEF982F7,SA0580208938186222121011,,,
AC913ED8FFA588009C0F30DFDC67A5E9,,,,
A594E943EE358C6148D34DE74029B272,,,,
A5117B0104B722B69E13E101975D2A08,,,,
AC2D6B500BB5BFE46DA130D7FFE3496B,SA8580000868608012760558,,,
AC9A2F48D2D0AB94A7A3A5DABC11B369,SA3430400108037372660014,,,
ACBA39793B772F8EC0878D744531EFE4,SA1180000865608013446763,,,
AC28FA99A2467C70084F18380E22A8F2,SA2280000573608010008644,,,
AC120E6F3C561C6C8FF4FAF109B3BE1C,SA6080000538608016244288,,,
ACA2DE6AB58DAC3B215B5502378690C3,SA1593000025782935506000,,,
AC9FF0B3AF84905ED7ED8A445A5F6A00,,,,
A5A9BFC7D1A1FF15BA6B65B21D10440F,,,,
A529890754E4FFC165B63C7515EC6811,SA1960100010882318760201,,,
A5A64518315C80FAF62101A8D72CB755,,,,
A5678A8120E9643C183835E6069814A5,SA8080000249608016364011,,,
ACD151CB3C8E27C24B1B665476EF2194,,,,
AC60601BBFE461987458029C847872AF,SA8480208938826222121012,,,
A5B5B551714297FF262FF2987C898689,SA4305012000000111389826,,,
A5F8FDC0D382A02E1D55C4D573EC894E,,,,
AC7D90475DB024E2FFE92D8C2216D2C3,SA8880000856608017220291,,,
AC84F36CFE1084CE1F56C98F15C5B9C2,SA9810000079537655152700,,,
ACFC84E6C51424E0BF57A65AB88FD6DD,,,,
AC5FA896E4101CECA653E4CA98358960,SA2615134018962735489563,,,
AC3E8A37E0CB0879A1699A1162E4487A,,,,
AC1606B060172E6875D440FE3BC06485,SA5010000025700001759401,,,
AC5313992FAA7F1528262CA9D5EC28CA,SA4980000857608116148624,,,
ACEEBB0590B3B5E1CE428541E47DB79D,,,,
A549123A640A3ED0B3108BD9E62CB7EF,,,,
A511F5095BAB5EBA8BDCC2300213A2D5,,,,
A59D9F8ED7911AB7FFBD433E02553B6B,SA8736036036018308472136,,,
AC207AFAC874D98F9C7F6E2FE1220BF6,SA1880000477608010197816,,,
AC1A0531A2FC20A329655DA7A830F54F,SA5230100974017276546638,,,
AC54106BBBECB84931044B6815E547A1,,,,
AC437E0E3A8C2BFE48E375620CF8CB8D,,,,
A5D990F57C1B33C615C27EF0B6147FDC,,,,
AC8DEE8BB6155B6FFC16EE04AE861B79,SA6380000648608017556091,,,
A5F28CEAA71167911E44A89204982C47,,,,
A56223137C634CDD161CCB20698B73AA,,,,
AC60426201976FE725A91E651197A6BF,,,,
A557F0900D67B2A90B413CE084F1F5A2,SA5915000007781197740008,,,
AC7097C8C24C3653B84BAE6A8259E19C,,,,
ACBDD8788CD8C3B7F4ED6E76A07186A0,SA9580000477608016265526,,,
AC6E75372C3FBC9D8487684BE28C0807,SA7810000010400000885110,,,
A5EC75A9E7DBF5B4D6FA58381F2B6374,SA7780000856608018113859,,,
3AFEFF7DFE52FC1C58B1,,,,
A57A4F3F6D5F438341D421495C8DB693,SA6636036036097977910187,,,
A504C7DD19FDBD0804A24E9E1F3F652E,,,,
A57D6C3E2D9DA0B97551C10F2C968094,,,,
A5777E3E654FC58D56560743CE33FCD2,,,,
3ADA309FA65A52AF30C7,,,,
AC2E660090412408FCBC4184FD970E63,,,10681045,
3A638202871362978AF9,,,,
3AF2DF6EABB0AF001F4E,SA6710000001400035739507,,,
3A8D70C4534388E21372,,,,
A581FC5248A7487E284DFB8BBE2E069F,,,,
A5A5385D5F80F2920179DB030B0E08A4,,,,
A5B546F675B06642DEC9029A5CDFA1CE,,,,
A5F4DBCE556633B17C3CD7EACEE9239D,,,,
A592715EA6355170142AABADC9C9A956,,,,
A5767BFFA1D09A5BADC9D6D7BCB293E2,,,,
A57EF08E60BA1C63060199650AB8FDC0,,,,
A5884E09A59CBC0B4B08D3BCC1BEEEB0,SA8415000007781198540002,,,
A5E096A526FB18CD112115EB4AE35DB1,SA8415000007781198540002,,,
A599C9A0F6A47B0054A4A2B93FE70667,,,,
A5529D2DEE9F075D25F68BE5C0ABF0A7,,,,
A5B9B17501CD2E3951DA65190A1E822E,SA2415000007781198230003,,,
A53FFF5CBA4A11CDAE639FBBDCB368A6,,,,
A5EB155F36B73101816BA46843DEEA5A,,,,
3AA3C43A2C793AF09A30,SA0360100032682319949001,,,
3A7E54E7412CB44D67FB,SA3205000068206166352000,,,
A5C5DB966CC3D79C2CB1D6269B8C74BF,SA4430100675020561920013,,,
A53CDEDFB692C49BC2420A866A7B4A11,SA8280000563608016114505,,,
A504CFF63B326630D6244AEA2A9CF946,,,,
A5479DA7C397AF70C5A14C9DB50A1FFA,,,,
A596651551A5DCFA41C4A6D89949B4BC,,,,
3A3F2EF2EEFE47FFAE59,,,,
A53B331A5F5A43C5E715E17A0A8BA049,SA8593000079542460637000,,,
A55B6E3EC9333E1119EC9F9807DBEDBC,,,,
A5A27E3012F2419ADEA6C0939F1ABBD2,,,,
A5558D5489E752171F8E3BCB0B3AFDA4,,,,
A5EB0ABE2BE47CAF1707D2E85C3A9FE0,,,,
3A3FCB9266C3B5F87AB3,,,,
A5769ECA2DDA69B9758E60FC725E2ABB,,,,
3AA53AEEEA09D90343C3,SA2336036036024057465796,,,
A5CD9B535D6CE2937245101D0CE92F12,,,,
A501E61B778A05CC9294A0F97AA447E7,,,,
AC64EC6A7E085AF5ADAAA3A6A3C602E1,,,164723010013635,050
A529F83B1CB88F0636628A7A1055C40E,,,,
3A8EFFF266AB577D60C9,SA7536036036048255295835,,,
ACE6EE18948D81EB027DA370AF516113,SA5530100991105093773014,,,
AC32476075B8AB2375D0B3148C46799B,SA5530100991105093773014,,,
3A09B321F1E87F877CE3,SA8980000996608010436562,,,
ACD0E38EAC687274342CD44A69A5AA87,SA8630100974016960426421,,,
ACF3E0D5FCC9C553CEC4A90669F74441,SA2880000522608016199977,,,
ACD8B7C6655FF102F7B690A2F513C496,SA3080000858608014403385,,,
ACEDA772E0C9B280CDFB54441778C3A7,SA1080000107608016010367,,,
3A798A0CA235463183A5,,,,
A5E7A46ECE42F33E02588A8E95FBE9B3,SA6705000068206810799000,,,
A535AD16F358069D6D762A0B5D099D1F,SA4315000007781199030008,,,
A519A8C8E59978B75BE9D5538D15CFB5,SA8480000857608014697052,,,
A53B56B14B1FDE8BED04BFDFDAEB7A7E,,,,
3ABF073063DF00B1253B,SA7130100949000007093958,,,
A5EF80977A01A7DE101256CA2C6705F3,,,,
A50B0F3B324B100F4157BF66280B9ABF,,,,
A529808FCCF2226A78EFEE8F1A2F2553,,,,
A575AAA2AA0B6F4BEC5BB97D3B7E8139,,,,
A56F0C5691382132531708207B74B77B,SA2580900258779992540011,,,
A56E5E51171093B70C5C17DAFE85A37D,SA6615000007781199650006,,,
A53B041AEDF53B1493F3B94F8E58ECF9,SA0515134018966939931467,,,
A50A6F4C8CAE5FD888A99D2E71EB232E,,,,
A5C059433D710BA578833995A39FAC4A,SA3910000095800001581300,,,
A591C139D3597079FFF01AF9BDE69E06,SA1530100974017276601236,,,
3AB15E84165BCC763EBF,SA3910000095800001581300,,,
A5CD08128CD8116BD606755BC07CDDF5,,,,
3A447E851020A7B87332,SA2130400108039550030015,,,
AC6B26300E0AAB3B824AB05065C75E99,,,,
AC951B902602EDE0288186CF0BCAED98,,,,
AC3CB458CCC30C9E1632F4D6E84835D8,,,,
A5D3CE389B0F7A492C21F7F523E546D9,SA5880202593947222121015,,,
A5EA44696208DCCCF8BB4C447F8846BA,SA4915000007781193850003,,,
3AC9C3E08A4AA80E1457,,,,
3A26F0F4031CD7A738D4,,,,
3A65F43824A982A57D7B,SA4210000049000002278009,,,
3A6A0C28F40989A27FA9,SA5880202593947222121035,,,
A55F3ABE05F562E9702F07A19C950499,,,,
AC45BDAF616EFEAA8D4F780395412561,SA1805000010011905297500,,,
A5559675A4D6726F390B3608A5159871,,,,
3A1E7D3B6009AE2028C0,,,,
ACDD870F7274F56F7323055C4712B4EE,SA2480000259608016118042,,,
A5F7CBCC3A038B3D752C1CC660851FE1,SA6305000010011934564500,,,
AC95BFB4E4E2855D2F76042E7CE0AC43,,,,
A58F656EAD7C201B08E8243B41CE27AB,SA8510000037900000382410,,,
3A35106430BE240CCF7C,SA7236036036098886490940,,,
AC15822E8A8912D1E185D7154946F6DA,,,164723010013635|144723010013598,
3AC157F71009C271403C,SA2430100991109032842498,,,
A5D3D99F244DBBAF2539F97E6D2E8EA3,,,,
3A67B429FB9A1E951A3D,SA1130100974017276409054,,,
3A118A33994B74CEBDCA,SA6380000648608017556091,,,
A58BA37005F1F8F6FEB9540D5A9DE898,SA1130100974017276409054,,,
A54E62F269A2BA59A1407ABAC28D64B9,SA6380000648608017556091,,,
A5F2868C3D89BE87E4A82C9A05B87CC0,SA9630100974017276223418,,,
A531BE7082C9E18809F9848AC43FC975,,,,
A52D49C489447E57AA656231BB22C705,SA5980208942414222121011,,,
AC591AAE522EA9D55C7A61B459C495B3,SA5010000025700001759401,,,
A5300CC783CEB731B7B8B36A170332E1,SA2330100974017276628640,,,
AC4E7F63A1D14B031E630762B5D7D813,SA7380000343608016176204,,,
3A3183158BBF68E33391,SA3280000668608016009857,,,
ACBF7270C613978D4F9E90164BA43E13,SA3280000668608016009857,,,
AC47F19D8949E7ECC0CC97E6647E170D,SA1715000435770923410009,,,
A5639BC6C22142FEF9F39DADAADBFF75,,,,
AC46A1FC8E60B414C273DA15E232AB75,SA9115000007781217800002,,,
AC35F22F82695CB6FF026B0327CCD63B,SA6380000225608016403056,,,
A52A38563FC94D696BD30C2905364893,,,,
A542AF34CF26351988C8F19B14B8609A,,,,
A583195B9472996A6FFAB1F8D5AAD09D,SA5580000241608016006834,,,
AC977B0A0335C1A0A8DB383ECB63550B,,,,
A58D2A3D3CE2EEA7DC7B3E17AE9E4D43,,,,
A58E1A48F1F329897338194E4055C1C5,,,,
3A7327D7F9DF2060A3C4,SA2830100991103070333712,,,
A5A935CBCB98408D5DCECAE932143F26,,,,
AC400CAC821174DD104750CADACDF894,SA3430400108037372660014,,,
AC38F547E0275AD7A408540A0E8D8F57,SA5305000068206409541001,,,
AC44336A5E7ED805FCD0CF9CF1018A8E,SA9580000282608016601972,,,
A58C9FA91CF01FF5A989FFCB5289EEE1,,,,
A563448A057E953012B5CB856ABC9ED7,SA9115000007781217800002,,,
A5DF7151AE6DB82B22C2AC13EDEEA9F7,SA9115000007781217800002,,,
A556D307828D83E35142F25036E088BD,SA7436036036095214675408,,,
A5527638ECBB8AF938209912F72ABB1F,SA4430100974017277095414,,,
ACBBA1DC0455D700ECAED4B2667F8A91,SA2405000068203058341000,,,
AC62F64219F0539C01B04634C906E2E5,,,,
AC8AD4BEA41937BED9E086E4390AEED3,,,,
AC33D2BFB900536F47A76B1A2D8321C9,,,,134
A5D50F36F3A689392486123309D08697,,,,
3A82A20E5E46A266CD48,SA2536036036013036802515,,,
A570F2D66B41FFAC5EB54F39C2E0DCF3,,,,
A56A286B3B8732D3100C4FC86DF75AC1,,,,
A574152ECCE4A3209513C660C37FC24F,,,,
A5B63B0D9F089E92A88411DA937B37B9,,,,
A5C225729955499602951D87362697F0,,,,
A5DAE260F59FEB01222FAD0032839798,,,,
A52C540EB620F1299716D0F8754BDB27,,,,
AC688BC465D2E496FC7FFBAB04505512,SA9436036036098976066358,,,
A521DDF0D64EA13606165EC92DB2C25D,,,,
A5634F72B3EC5F656509A9E1960EB52A,SA7236036036098886490940,,,
A531010A1265D7D61DCF48D6FF84CC02,SA7236036036098886490940,,,
A5FDBD8CFF83A437C71980E28F0B8006,SA7880000376608010731988,,,
A5548FB166274834344BEF397BDC233B,,,,
A5E29CC347DBC0D9F10E5D34115D33A5,SA9436036036098976066358,,,
A5C7CD4657A7FC09B51B4038CB249241,SA6280000475608010441661,,,
A50A18F9B9E4F1CBAB6B2316D3D6EC9A,SA3110000011100071127307,,,
A5FF04EB2B82277F3AD482E3C20061EF,,,,
A52263C626A17124B1110284C1C07C3A,,,,
A540F733335FAB01148B83977DDE17EE,,,,
A5AA80F7C3110E9755CA17E180E3175A,SA7630400108039557770013,,,
A5E742D73BB8BA5CA5D065AEF803336F,,,,
AC2569E0D3331FB5BDDEDF127118B72F,SA6480000867608014250906,,,
A5B77AA73138F720F56CDB2F696A6993,,,,
A5EEDA03264B4FAE1A49BD781BC32401,,,,
2ABF0344CC7EAB0BE032,,,,
AC2AEB55C99E2F42CE73286D5733F833,SA6615000007781199650006,,,
A59FB9DCB703A986F69A378300B152DC,,,,
AC730ABB78E33D45DDA8D16290CA8B23,SA9330100803100467697015,,,
AC7ACBEE9F1E15E8A35E74C7EBFFB01A,,,,
AC0260728207A48CA22CF6928B317182,,,,
A5ABD9C6F87D20C3226B349C30E5FF38,,,,
A53B0B6789F82B74AAA09E3E72240432,,,,
A5752A279435D9EDFAB76038F6F1A686,,,,
A57989348C8D9B29940079A920D62F4A,,,,
A53D538EB9750B21770D3151188D4743,SA9736036036056353630469,,,
ACF276FCA0BB12B3AD8A14CF869A626C,SA1960100000682321202001,,,
AC26CB00985FA73B27ADA725B85F7386,,,,
3A3E51EDB075A3A9016F,,,,
ACAAE29177809405B00E5A09C81AFF8B,,,,
ACF76CE139608B3BCF91AB5D13C6A63F,SA1305000010011935855500,,,
ACD52922CB386D5EB93C7AB17F27DCD0,,,,
AC5868801E4E4BBF1E1184523C3D56F9,SA9010000062300180086210,,,
AC51493729258A3E337E9F1EF96127A9,,,,
A55C4E4BF2EA89BE13A9CC0E8A4D0D50,,,,
AC168593DAE9DC6E50BD0C491403B0EB,,,,
ACCFD079E11D66B3B31DA94CCD52D181,SA7580900258196992540018,,,
A58B8A2026CAD78BF634E7F2E14B574B,,,,
3AA2357407507260E5CD,,,,
AC932C884EAD1E786A9BFEB46C83C51A,SA8815000007781234350002,,,
AC5528F1AE0F2E7A3038A3BFCB65378F,,,,
A5A0D28F038491AACBD8BA3C011449C3,,,,
AC511CAFDD1F152DB191D3316E1F8A44,SA4860100001482321332001,,,
ACE74D63E28C57FEA80402E311C0CC05,,,,
A59D5A22A556D937ED9562FC7A7EFF8E,SA9830400108039560450018,,,
A5FCF2BDCC488D477F42E6D9564EAAF7,SA5036036036031919556064,,,
A5F24BC8E56C3332F60857758B47CA11,SA3510000022500000234409,,,
AC52AD45AFE1B8F3E818C654E24FDE3E,SA3605000010011936947500,,,
ACF7765D814F1E8DA342BDA83C2C600B,,,,
ACC22A9E546339071C69B7BA1E87EECC,,,,
AC08F2E425A4ABBCF83765847F5D303E,SA7045000000401001995001,,,
ACB962C8BF8F9D54C3FE59E6201478A2,SA3510000022500000234409,,,
AC0DF23BEFFA5B2B492BB80A5D51F5E0,SA3030400108039567090019,,,
AC415369E0FFF3A3630B3257C468595F,,,,
ACE7D1244C981A336B603E6A2945D063,SA2480201412605222121010,,,
3A40A0E5D6F13AAEC8DC,,,,
AC92D4AF52C336330CCE2179EA11B2F5,,,,
ACC1F3EFFDB650C828724AB67CA3FDD9,SA6880000584608016218079,,,
3A548F97FCF817FF953D,,,,
A5244150BF3BB8D1E994E604AB2BF78E,SA6536036036076412129416,,,
A55B0C3EC10D0D47D04A0A56DD48BCF6,,,,
AC53B6DAF811AAA6A01142AD1A74F265,,,,
AC6B6291D7C877ACBBD2EC5ECCB5FBAA,,,,
A534CA33D4748906F5BF11986B94AB6F,,,,
AC2D772822EBAF8E0A9CA33AFDEB0D0E,SA1980000193608010039144,,,
3A92AF1978432C7D1CD6,,,,
A5FE37C57ABFCAA97193C1A36A0A701E,SA2780000858608010725005,,,
3A4430432560FBF47426,,,,
3AF401686B7DFCB31822,,,,
3A121A46168724763042,,,,
A545EBCBA10673278C0C8FAF18DE60A2,SA0736036036036121829638,,,
3A86BDDF074A4E35739B,,,,
3AE2C14B8D8813F5063D,SA1680000132608016022007,,,
3A25D1AEE99FEA74795D,SA1680000132608016022007,,,
3A215404FF153F3B09CA,SA4380000566608016157543,,,
AC9544FBC9C085D40CA825E4D66B0C86,SA9330100991109312904700,,,
AC65EE917FA94E3E4E1E25B39BAE847C,,,,
A58D2D7E16BE663C5A74C92F31A16FEB,SA2930100949000008500826,,,
A5D8B435BD6BD7C84E8AADDD3270221D,,,,
AC488A930051DA2E39A06C45C2C37299,SA5480208927587222121013,,,
3A7DD24879641D0F2F61,SA9810000077600001605010,,,
A57C6DFA278B0FA98DDADDCC53D4266C,SA7093000006643319551000,,,
A573B45B879889C07FB23E97FA16785E,,,,
A505EFDA75A0CC74A77FC5DEFFCD0833,SA6536036036095907119188,,,
3A13A81CE3668A0C7470,SA4030100991107213726326,,,
3A0A93A9028C8130EE75,SA4380000566608016157543,,,
3A5FD255F3303D774395,,,,
A535A86524B89C60B416EA52D060202B,SA7830400108039567430013,,,
3AF05FA44417981AAABD,SA1315000007781229160009,,,
ACDD1E0D5AE73146042E0859006469F5,SA1315000007781229160009,,,
A53640FECB0D0FFC79DF2A783D5E84FD,,,,
A54FAE416D7C53B26C5FCDF526AB5D20,SA7330100991105786604308,,,
A53A77599755018B206905DB4F937C49,,,,
A5F3F1EDB854702D4A811E05C8AA7FBF,SA6836036036039584332101,,,
A574B1949EC6ACE61C28207DE0CFC96F,SA2205000068202815784000,,,
A57B61034C57DFDA78EA30A2C918A988,,,,
A5D14EA3D93AC512F77F60B1C85A22D2,,,,
3AF89FA28DCF7B54671A,,1027615390,,
AC27FCDBBC74A201FB7E16C16523A600,SA1180000482608016131085,,,
3A3874E6A4E3F42AC7BA,,,,
3A0D10A22244E75F1462,SA9330100803100467697015,,,
3ABB303173165ECD48CB,,,,
3A3859E61F20E68400F7,,,,
A5078DC9F9345E64799487C67DC23326,,,,
3AB0CE3BA72458FF5B04,,,,
AC3EC848FB48D1D97154444885FF7C5A,,,,
AC6B5A782F50B3B44DEB033F04CE585A,SA3530100991102520995814,,,
AC1442C3404CEA1B4B5F8316DB95A815,,,,
ACF3ECBB45650832BA4BE9995FD435AF,SA1080208948351222121019,,,
AC29D22EF8A8CEA6C5C0AF4B9777A311,SA5080200925908222121010,,,
A58F72ED77028A82C0C3A4B737252FAF,,,,
3A8FC7B2F391F65C61A5,SA3680000201608016605823,,,
3A558DC3338C6967F989,SA1510000011100223022805,,,
3A23744F92E9DACCED78,,,,
3A53F195A5BDE85F8984,,,,
AC09D2E7C5AD0DCBF661924E6C37C593,SA0745000000028409571001,,,
AC4F0950054B1FDDD96C6B81A8A6E6C2,,,,
ACDAE885D13A1249FA6C0E096EB7FD15,SA0980208930538222121011,,,
AC08B416EE94415310812D700FC61BE3,,,,
AC9EDEAD9C7DA45AF6374AC3A8D5210E,,,,
AC5DEBB454E81B51057C7AD466A37CB6,SA8180900259414992540014,,,
AC35A3F15E012E0C4CBF85BBE7FE433B,,,,
AC28AB16B7B456F0BD161B35E97AD7CF,,,,
AC9595FBE8357924FC5B9F6FA41DA95F,,,,
3AD30BAB184D542C9F02,SA8180900259414992540014,,,
A5CB067CDE75DF22E95695F0FE76BDC0,,,,
A567494C84FB29EF4E03366224E219F6,,,,
A57CE7FEB3E6B62BC558E104B06574A2,,,,
A578993DD48C2435736CC4AD99425919,,,,
A55D470C1992757EE9E9F16063F6151B,,,,
A5626CA8DCFCFE16A328CE355424BFA8,,,,
A5D78B9CDEE9832EEA214EEC3BBEB737,,,,
A591AB3B61C30DFA8C5315049BEBEB92,,,,
A5FDE6145AE2CF561C8636AB571BDA13,,,,
AC129858818F857433CE062D08860E29,SA2415134018962962466883,,,
A5945DCAA0E396001D5692AAE75FB1CB,,,,
A51F3D1928E084ADD422A05E41FC8E01,,,,
A53BD38630819CCFB7E96CFAF9373525,,,,
3A83283230ACCDD52045,,,,
3AA5DA53E48A18C78BCD,SA2360100000782322011001,,,
3AEC1032E686F7448E0F,,,,
AC5C1801F05770CD0A40B2532C96E1EA,,,,
AC0CC27163B12849CE8FC3AA9D17ED0B,SA0620000004090063739944,,,
AC44A7681B39254C63D3433E5EC4C022,,,,
ACFB651B884C4B241171F0EC8351EAC0,SA1580200793858222121016,,,
ACB9CFA8E4B420BEB6D79AD12BB9F25E,,,,
AC00F2E7C2BBECECB99AC49DA94BF37C,,,,
A5D7A1805D1F91742537A661676E6B71,,,,
A5C6FB85E0A4B0CEF51976451A7208E9,,,,
A58403FB209E6910358BE7AF77DD500D,SA9780208950094222121010,,,
A5C344CD242D1A937827DDCC2CE6ACF9,,,,
A52B9B24422E0B136C2F00A85A0E50A5,,,,
AC7DA0B26FA42AC08CB22B389651B6CA,SA7636036036091386601994,,,
ACED12FC7645DD5B3EDD165DA3206399,,,,
ACF39C80C7C05610341DA78B7FA1FD8A,SA2780000867608014879647,,,
A502F194ED1BCF0F6E1B2C025F3EFB70,SA8678000000001298073141,,,
A5F0DF7EC98A096587C16E37AD311FBA,,,,
3A954BF6FD246B2F3D31,SA4015000900146910240005,,,
A5996921AD9B63E49B76B0D01A9500FB,,,,
A5B5DD54826620F299D4F5FFE9416A24,SA3530400108039576590012,,,
A5D69BA5737761C038697FB4B6446922,SA7405000010011938806500,,,
A5228C4DC0BDC5A6341FA9024B6AA565,,,,
3A2A6E4188D7B90E7D88,SA5680208949408222121016,,,
A5180960D5C8729DB8641F6B01F6CE60,,,,
3AE5867C9924DD3A1755,SA3530400108039576590012,,,
A5F20F8E66FF20023A41140B945F4C7C,,,,
3AA3205CC79ECA991FBD,SA7815134018961576424569,,,
3AB64D18F513A35B9C5A,,,,
ACB13B509E8202D2BB5F0ACA08CDB12F,SA9530100991109306189063,,,
AC0FEC06F7AD303671993CD49BF9184C,,,,
A570F86914DE07C4D7714689E01F14ED,,,,
A555A2CC77B4115BBFAE7F3F26C6EF03,,,,
AC052C8939791EB569104507D689B1C9,SA2280000196608010141178,,,
A5F2B20F9518640802838E3569B6FBEB,,,,
ACB9FB3DEB64009B5E6F56F00AB9C48A,SA3736036036045392826810,,,
3AE84FC4D7FAFE3AD2D7,,,,
AC9103BA9F0A54A4FA6823187DB57833,,,,
3A9819AB8CC91525A210,,,,
ACA074B68DA228C44E228C6BBBB86799,SA5980000355608017627267,,,
A52DFA179B390B8193904372813082F9,,,,
3AD24CC84F3A8A47C20A,,,,
ACE393F162CABA544442872085F66DB9,SA6405012000000111694222,,,
3AC7155F08FB3A6F18D2,,,,
3A6E22D2B558F8BB7F0D,,,,
AC20DE3DD2507E12532C84E0004E7897,SA6280000516608016015171,,,
ACD157D10D6C9BC20324FF40D70613E4,SA5615000007781198770008,,,
3A4FE6025B1F6B62CB8A,,,,
3A4FAC248560F72ACB10,,,,
ACAFAFFC82554B028AC856795630C611,SA3905000068207306259000,,,
ACECE3C7A6A4705BC04893A3BE88DC3C,,,,
ACBAF3D69CAC0F352DFE772BD99F9DCE,,,,
A53C8BB3C94CAAE3D4F6520DE99D12B1,SA2510000011100082334601,,,
A580E4F3870CA0F6D69085638027BB2F,SA2245000000033490616001,,,
AC2F56FD5430E4F3FB21D49081AB9B08,SA9236036036079237075741,,,
AC250EAB5CB06A73BBD4E6C4F35FD1B5,,,,
3A7251BB0A9249B62995,SA7778000000001297911992,,,
A564F1DD3CFA35BDD5FF68996CFC764B,,,,
A508E7512CD857C2027532E3A7E3F7FD,,,,
AC4017AA02546402341E14BC60328F14,SA8293000084323649867000,,,
AC39D5C36EF22EB1A573C3193CCCAF7D,,,,
A543269B6FD99BDBCD4EFCE4A1C2E6C2,,1136806583,,
A53FF3FDF7C9E722E25CBB914948EC83,,,,
A5231E136EA7D5AC19053B3BBC3DBEF3,,,,
A5FD5CD5888211ADE3A76798CC1735FC,,,,
3A46B17B57FF83C6575B,,,,
A538D7A2FD89C2F0A2BF5E75325103CE,,1136806583,,
A5494BF029BB822225D95754213D4CCD,,,,
A59297E47FA8DE86D09C08F330AB4A63,,,,
3A8798C99A9AAEC9C6C0,,,,
3A9A5A6D22C12992C685,,,,
3AA7EECBA0ACFC13DB7B,,,,
3A2252ECBF6E33045A1A,SA2380000385608010059736,,,
A56063351049A945A468EF158B2BFA7C,,,,
A5D763252F1FDBDD5A32C2CA33DB6A65,,,,
A583342EB0A34BDFAC2F0CCECB3DDE89,,,,
AC0B97044E0B97825D8855FD08874039,SA8580000868608012760558,,,
3AD7D137FA4603D7F4F7,SA8010000079537654300006,,,
AC6F9937B81158E8D84BE81D2B29D6B4,SA3778000000001083263837,,,
AC5B4EECB701FE217B9C20E9DDBDFA09,,,,
3A1BCDD0CC4C1A8B8FF9,,,,
3AE8B9F21FC5C8375F89,,,,
3AC42204872F4CF0F338,,,,
ACAD1E974B4898A380C817A9628545C1,SA1615134018963160234895,,,
3A5DEA83BC100668F5C0,,,,
3A2C3027217D14C65068,,,,
A59BCD748710E501DA33F7D87697E37E,SA4880000102608016459916,,,
A51F191673FFC15E9D486B8BE11E4D65,,,,
3A731BADA557921D7F0A,SA2680000607608010019773,,,
3A6DFE950F1688CE2A19,SA4980208951985222121018,,,
A581660F122B4159EA29FDE7B6C44BF6,,,,
AC4C1E5F3001EE19D87C62BF0E632851,SA4280202211239222121019,,,
AC435849C6951B1DDEAE476994B16644,SA8980000311608016302840,,,
A522E1B28E5D0C130D77E098F6703757,,,,
3AE195191221284BB657,,,,
A519858EDE0DFBCF044BD167D8A223DB,,,,
A5D4B3ECA670D62EFBE9F38109670DA3,,,,
3A444418766434ED7F52,,,,
3ABB0DE995A2552CBFB4,,,,
3A1F8D52B25DB3BD58EC,,,,
3A179D125FBE522D669F,,,,
3A5DF725AB52CDAFE24B,,,,
3A1F40506BE18331B812,,,,
3A8CC5CAD72512566A7A,,,,
3AFFD62C64D0D9B193F2,,,,
3A47DBBC8EF86E17E5FC,SA0380000379608010188533,,,
3A7E18E288DAA60DCE55,,,,
3A2E8BB372D43B372C7B,,,,
3ACC1A9D9733B5D1910D,,,,
AC9593376CFBE82ACA9C5A6F0BCDD549,SA0530100949000011358199,,,
ACF9F96D7728F7E9E1A1B987CD4DF4A3,SA3180000181608010722602,,,
3A32A3EC37F2EA5CE1E9,,,,
ACF6D71C22CA43DCE81A45F130B82955,,,,
3AC3A08D2995552133B5,,,,
AC801B4531BD36527F7DD13E6797FE60,,,,
A58345DDD1D580C750EB248CECDCA092,SA4436036036028450362618,,,
AC81AFE55872FC6C8B335A2FC5ACC330,SA2805000010011939823500,,,
AC0BDDFBB9E5F1B346C9BEB0A6F7C56A,,,,
3AF3EB7198CBF79D648D,,,,
3A9E2EA57D88E0490F5F,,,,
3A1DB6D7AE561AD90680,SA6010000004800001390308,,,
A55D7C6BFB2AC0322941FA21922AB8D3,SA1736036036023450364826,,,
AC0C06E67CDC8D6AC37BB5B1F9B0AF6D,SA7805000068206602029000,,,
A5EBB3D2457D7E2094C97F78016DE19F,,,,
ACC6EE039374C740AD27DEC9B471C343,SA7730100991100397816766,,,
AC8EB0878D5B1F407CEDD5A6D7D51BF5,,,,
3ACD3DE9455FED41C0BE,SA3830100974017277484007,,,
AC3AA124AA5156CC05CEC14C6E4DF4FE,,,,
A563992517389F50A30B4BD578E34730,,,,
A5EB043DB5695C1285728AAA5596D904,SA2330100991109660524375,,,
A504A0F076CC01467E9D0F4D2CFAFD63,,,,
A53114728827C5582F9A0BC438A09E27,,,,
A56B975832A4B7BFAED09316140DA89B,,,,
A5B59A87A64E0C770F5086D9ECD27FE2,SA5045000000028410942001,,,
3ABD031805C46678D286,SA3110000043900000440409,,,
3A6B916478F6F9BC88FC,,,,
ACD5AD75538D400E5029BB4B0CB8BAF6,,,,
AC04042123B4B4F336D606A6E8A3BB1E,,,,
AC99233372084CFC57EC7E1CA9873CA6,SA9605000010011940791500,,,
AC529ED2D7D3B8BF952A3BD20204D77D,,,,
ACBE969834F0D1AECC249F1407978A06,,,,
A5294092A64AD1CBA556E8E91A61AD35,,,,
AC77B14C9F0CC08A9B9EB0E91652C2AC,SA4430100675020561920013,,,
AC7162F6991E257836841128A932407B,,,,
ACBF3CAD98138E7E03ED4FA36A8B00B6,SA9510000001400036155909,,,
AC13580E2D763D4153CF0A32FF99F696,,,,
AC2DFA0A1FE4826D831376E5529A24E2,SA5280000856608012498397,,,
3AED5D58037A2818B3C2,SA2130100675020067030016,,,
A58CF775FF87789CB53329468FAAD271,,,,
3A88906DB7B5644ACF93,SA4130400108039584550015,,,
ACA87A5A234FB81D59FE68461B899576,SA2278000000001051549569,,,
AC2BDD9F26867539930B5AA0E49FC7E3,,,,
A572D59D359EBECD41EF9F6E5E32482E,,,,
A5AD303C9C523D5383F837F8DCB897DE,,,,
ACC9515A07EAC25108E22FA4CE6D1D1E,,,,
3A17BC931DFE7B74C48B,,,,
A513EB16F1BC2091496BBAAFFDD3AB2A,SA0936036036074791441232,,,
A5CEE9135FCB5D66AF3D83344420917F,SA0710000045600000739904,,,
A53317E81AEA5D32D165C7A4CD562456,SA5236036036024446013130,,,
A57979E94F34CAE1EC6778AED0E7040E,SA2680000866608018406829,,,
A54F0A844EC3D5D64E83966581B991AD,SA3780000447608016158751,,,
ACAAFB1B656ACE1623D1DA8FE2A6C3F0,SA0710000062300019694906,,,
AC01DD73D864B3E0E7329018870EF96A,SA6580000225608016150335,,,
AC81C95F2A71FC8019EFDBDF7C42ACA9,,,,
ACA9D8C5A36FBED6BA848E003F776562,,,,
AC991EA9D7B704A657AC48E9C823D6A8,SA2005000010011929798500,,,
3A154692AD053A11867D,,,,
A589C97310880B6CD2C6D66AEB8AB310,SA7480000176608010535159,,,
A520CECCBE35F05FDA84CA0580E1C9C9,SA0530100991109929215378,,,
A5174B6827E7D8A65852EA16BC1CE481,,,,
ACD35783A9F7EFC323C61D0B33429A0C,SA7680200410533222121018,,,
ACD3371DC79805D3820165A1B434274F,SA5130100974017276495440,,,
3A52D0FA759442299FFD,,,,
A5B18D4D7833C6B1975FDD7848851194,,,,
3A0A6DB31D11503C91C3,SA1230100974017277915640,,,
3A9446A51B510A4A02D9,SA3480000355608018774936,,,
3A2A83FF1A21609FD7DC,,,,
AC16E2FDAA54F90DF3E4489F22DEA605,SA3715000007781277720008,,,
A57AC60D976B3274525DE06881A8DF96,SA2130100991107291535412,,,
A51317F6A4BB7196847F654D1A494D6A,,,,
AC6D5835981F2B297B7E7673B826C22F,SA8030100949000011963584,,,
AC4B2037D296331185F70717C4654D4B,SA8030100949000011963584,,,
AC791CD345F783257E8968C4423419F3,,,,
ACA907150CBB0FECDE89BA0D95DD09BD,,,,
AC8C54CA769E32DA4DA5E795446D8BF3,SA6893000083149775062000,,,
AC06D990C882B1382AA26ADFD403588E,,,,
A5CE0353DF828DA769C66FFC29963F61,,,,
ACCBE80A096B5ED9BCD78FB10BCB5F54,SA8480900260177992540014,,,
ACDD6F46024DBC602DAC6A04F7E70317,SA5280000856608012498397,,,
A56F24D77DB9B9D4D58802D534CC62C8,,,,
ACC4A05C919BBA2F4830D7FAA60707AB,SA3810000045900000636608,,,
A5167BB2957FB9998E9C14F5B4AD14A3,SA2136036036098934176573,,,
AC6C1B825F1E29E3B9D78ACED42AC87D,,,10741045,134
A5FA29A3FAE865CEA5B5EA1242D3A650,SA2136036036037590688455,,,
A5DACB182F7AB07856F1284165C04C4C,,,,
ACA3D2B22071B34D866514FCC1019210,,,,
ACFC8ABE3B4BFAC832F0751CB3ECD538,SA0710000062300019694906,,,
3A614BABDA4543A74A81,,,,
A5C49FCB258BC16A4009F5DD48179BF3,,,,
A5485C2303B112770E247ADC56BE862A,SA4830100974017277536498,,,
ACB7DCCC26858AA6BB74379561FDB307,SA0380208956129222121018,,,
AC50A242B491C03F70EE3D47ABDC0D5C,,,,
A538FFEF86FA01E3497F2C097F9445AE,,,,
ACE5AB6757CBAC03E79397685EF098C7,SA2610000001400032010304,,,
ACCB32AC81F61B5F6AA935FD4BB0915B,,,,
A53F0D1BEB9FC927546D630ABDEE11D9,,,,
A5301C9831608BA984CE5F1A7B36B458,SA3380208940716222121011,,,
A5F0E8C3A30992406CA14B95F1B9DE25,,,,
A52C4F9D23EC54A90B340CB399D8CA65,,,,
ACDACFBACDBEA841294887B9E41A7FC4,SA4215000007781281720004,,,
AC837EB9CD480E67042A1EE8EF2FFC76,SA5293000032181115003000,,,
ACB61677F217D47A4B4B31E743AF2727,,,,
A57706ECB266F8F39756C280D5887368,,,,
A565F1DFF00272C61C1538535EC63FE0,,,,
A5442AC160CE22A64BCFEF1ACFCEF3E3,,,,
AC2FBB8C0556D55C6E5B22D5BFE0E53A,SA4880000205608015554994,,,
A5C2B309AAE58E43F94F16FBF08592D1,,,,
AC03FEB10BBC5878F6A2002D20EC8B77,SA7115134018963769208829,,,
AC64BE2E526DA43E1E1803923D084EDC,,,,
3AAE71BEF2531851946A,,,,
A5BCEF52CC24503CDED2755E5C505086,,,,
ACFA511600074AC01E76108CB709DCB4,SA9610000011100049185707,,,
3A66C61F584F152D7F66,SA2380000385608010059736,,,
A5F68FBCD7DA6B3EAD4B89B6102D4029,,,,
A5A04E5FF2219D67287E3DC50C00EE83,,,,
AC6518E0E5FC4A5B6A9DF92A78B58032,SA3810000045900000636608,,,
ACD0E9D474783FF53E610DFF7435F249,SA7915000007781279250009,,,
AC5C985C50FE8C15DD46F116551F9ED1,SA1015134018964823171097,,,
ACEA60D1D4B33698871A572D09213583,,,,
AC0F7FCFD62096416B45F7CDE0043F1F,SA7080208927356222121012,,,
A529908CE05378F202DF9220A48424C5,,,,
3A64340CF81C72562D36,SA2280000867608018949081,,,
3A5A8A40D13D7C4AA9C1,,,,
3AE92400B42580680AEC,SA5380000859608019665268,,,
ACF2BE8C204D57C1DB1F58264E26100D,SA3680000177608010102397,,,
ACE46A0D4D2A7F57C8995B0F0B90E40D,,,,
3A2720AAE17DF3FEB1F6,SA6278000000001296697725,,,
3A255B0FE8B030EF1607,,,,
A5540AB10D14681C95AE7C3718CD6FD5,,,,
3A54C66D88832F0F2A40,,,,
AC97F59E7C34727F20415D6A213A7828,,,,
ACE32F36795CB305D7D6BC1D4A4119C1,,,,
AC361F3BB87A03725FAAD54B80C8F8B6,,,,
A58F0967D8F06F54B3918A76A2C0AAD1,,,,
ACBF056E6FD5C4C66DCB58AE175CA66F,,,,
A5C29C266778887095D0771452F2CA70,,,,
ACA645D92FCC8A8F7A99AFA6DFA26F8D,,,,
3A92772801749CA5B447,,,,
AC7B58232B3222731C6EC5B716DC6551,SA0680208951326222121015,,,
A52DF006F49CF79210A9F1B01536802C,,,,
3A0E926B5A4C83D5EF5A,SA7180000101608016046235,,,
AC1FBC1B442E23FDCB4B9E020B4F07F0,SA6180000165608010899111,,,
A56B9C90158D21F8D94379B5FA711672,,,,
A5357366E8BEFF8910987FC51AE951C9,,,,
3A135E43BB99CE7ACA2D,,,,
A5ECEB3793E7CD05D277C2F84BF896D5,,,,
A526CE74EDCB79D73844AC082BAC749C,SA0830100974017277270468,,,
3AE844335BFCB5A66B3A,SA9530100991105827063097,,,
3A153467D9F14E67498D,,,,
A538F1B1ED2EF64DDD50692DB532C0DC,,,,
3AFA97443A3108028C96,,,,
A52F44B1ACAFE0BFA323A612085DFD9A,SA5880208179190222121011,,,
3ADB56367EAB3581C62F,,,,
AC44D04493BF81CDDBC88B391D9C8FCE,SA2980000984608016530909,,,
AC6D221987E5AA1EEBB378E44DCDC7ED,SA4936036036054488132086,,,
3AA935667141A812CE41,SA8980000640608014378885,,,
3A5A563FF658D1A48EE8,SA8880000376608010078125,,,
AC19BBEAA04CB16B7C18289FDAFE9892,SA5480900260207992540019,,,
AC5997F08A6829E2558AE63E0B0E86DE,,,,
ACD1A9C2008E5A09D2B8A33B0B00CF02,,,,
AC6FBA9C1E3FABB1A47FE75C6B4D47B4,,,,
A5D473A29F561CE477584B9753EFE235,,,,
ACEA7506F5C5F8B3AA4A4C7E912E9D9B,,,,
A5A8C87A0837C5E644B54B6255BAABA7,,,,
AC653053B5C61AF47EE3F375554A2BA3,SA2536036036063588661460,,,
AC52F96D8AC3C4D565253E5161A2FBF0,SA3893000049748372160000,,,
3A3AE223AE854C27CE9B,,,,
3A1B59095A6E39895452,,,,
3A99A442FB2C3EBB2E30,,,,
AC54F667296A91458754453F81525CC1,,,,
3AFA1BF7C9F1BEDADCF9,,,,
3AD997BCB2E2D792E679,SA1930100880220005595609,,,
A5FB2611067A9EB9D411D508886502D4,,,,
A558B501B02977D3EAB7FAAAD43251C9,,,,
A5AAAEFD813425399E1CEAE433ED154E,,,,
AC6EF233A26468F4B1061A2119EBB710,SA4280000226608010124186,,,
A5540D2A02D5FCAD270E2CEDE35EAB0F,,,,
3AABBA9442B55AABCE3A,SA8430100991100509386040,,,
A55C42EBBE4CF43772FB4E6E5A9A5D0E,,,,
A5B96CB27A8E0241900318691B2F7FF4,,,,
A534957CB826B80F6B1143EA26A13FD5,,,,279
A52AD8DFBAEDC43116DC0BABE8C67886,,,,
AC88530286A45294C8AB622462B6C43C,SA9605000068204429257000,,,
A5BCB1C97E2564C54BDCED598E0900C5,,,,
A5779F4F3CE823610A8D3D96A6CF1E7D,,,,
3A5D260BC69C6A12C6F8,SA9730100991109683164880,,,
3ACA496D5D73C0F5863C,SA0280000856608016862648,,,
3A304D5755F893105BC8,,,,
3AFDC668A79AE4DEF035,SA9730100991109683164880,,,
3A25027537FB7FA73AB6,,,,
AC8578EDBC8EE2550D4368EB74C09B1A,,,,
3A74A4D806DEA1E833C6,SA1480000510608010720038,,,
3A29733296B9C8A19350,,1100824828,,
AC69167EEC74E159112FFC85DE34787D,SA5480000249608016036619,,,
3A40A01E38D6D3DF8717,SA0980000343608016175610|SA3430000100066086175610,,,
AC07BB0E1F4B0F4C574F7DA47C1D87B3,,,,
ACEFB8504FCB9B57B4F8E61BAB410F96,SA9730100991109683164880,,,
AC32A6A36DE0E1313F99F7B101BC6E68,,,,
A5D1406C3C1DB84A5233EAD2B618DD06,,,,
AC5A9A632C9834FCD11D5E4BCD050F52,SA7330100991105786604308,,,
ACD9FD70DEEF7969F610E723C639B1CE,,,,
3A8B81E48F47D8DB02C8,,,,
3A1A59571075D51C3295,,,,
AC182FBD2EC3EB5D7EC3018095FD77F5,SA3030100991105869786462,,,
3A69684C825260920197,,,,
A51DD9BCB6AC9AA845E962D9B6057F1E,,,,
AC6BC8F48E035A21265F088602AF43CE,,,,
3A5E94CDAC7E6809D183,,,,
3A19641BC670E203575C,,,,
3AD0D17AC04188990345,SA4215000007781281720004,,,
3A38682B28721910A958,,,,
A53354ADFCA44A90AC5F8C191F8BA3F8,,,,
ACE9A5E2511C7E66695A6844D6A34B2A,,,,
AC86160586EABC18FAE002EFB3ACCC81,,,,
ACAAD455155579855B8E6324CD0793DC,,,,
A5E59B0BC9CBCC2C17C57B5BB0FF8345,SA1280203873447222121015,,,
ACC8417770088BD86710B70ED749FE46,SA0393000088980976661000,,,
AC4F64604124A520266FBD048EFBF4AD,,,,
3AAF6A8AF72D6619D395,,,,
3AC4DF53F1245647354B,,,,
3A0C0B30B8501D6B0987,SA5780000868608013708267,,,
3A1EB5B131BCE64F733F,,,,
AC9D09F9A3376FC1EE723BA2F65B9E22,,,,
A560BB5FA0DE1D7023399EEB0A0A11D1,SA2636036036055751039132,,,
A5AFC48D6DCB7CC670AAB0C1959B46B3,SA8530100991103579466674,,,
3AF47F62C93FD0538751,,,,
3A9581175D4135FAEA3D,SA3380208957959222121017,,,
A518141CF61402773CE6FD92097345E9,,,,
AC57D6C1C78E5BC76BA18E96D953B821,SA3580000558608016136844,,,
3AFCC57A0873042A1CA2,,,,
AC43A41E2C31A06D65254CDCEA3F5BDB,SA8680208947826222121011,,,
AC5C3D698875905D5B23520305D8FCAE,,,,
3A0A50CD320B17B2944F,,,,
AC48EEC09F47DDE77BD0E199BE6F21A0,SA9810000044900000314605,,,
ACBA8AC09643698F9252E546BCE2D393,,,,
3AF497F6382CCF4F0F4F,SA8480000333608016594382,,,
A58360F5D50B4CF96EA3AEFF758B5A4E,,,,
A5E3663EA8E0395D82124D49C5BEE7AD,,,,
A5015B8D129D3E8509A8E860E53706C1,SA6280208940344222121012,,,
AC843440FA0722C578882E27EB41A5B9,SA2780000475608014564112,,,
A5364E239D5AB3105AE74A6B5D3976CC,SA0236036036051358613590,,,
AC8F2C3622B7BEA7122D4004ECC8A3D7,SA8805000010011856591570,,,
3A49385E9AC61427A993,,,,
AC8BFDC5342E57354E5E28DFF45672B5,,,,
AC672F6FCFACA25AF65DD1956441B8DE,SA8805000010011576459547,,,
3AEC03AC220DFDA0F4FD,,,,
3AE364AA64C70EA660F4,SA1160100000682325242001,,,
3A74B814B98E28B8D774,,,,
A5F19AA1FA685793F21B0E07879DE9E8,SA1805000010011940896500,,,
3A1233FA1439AFDD7ED1,,,,
3A7BE28D4751A11509A2,,,,
AC3043C71C29320594AB3B6334021894,SA1005000010011941735500,,,
3A71360742A8E95CE606,,,,
AC3D56F6F38E5A5269CB70FC2CDF2725,SA2005000068206688646000,,,
ACF0B93A9A4ECC6E4D319FE9D7A3460B,SA7405000068203640146003,,,
A5CD8A6CB200943C1E8C10CB509739BC,,,,
AC4814F56B37929B618D0F40FC6CD976,SA2180207207044222121018,,,
3A3E0D15A8E81947E146,,,,
AC53507DF585A50BBBA07D67DD28C3F1,SA3605000010011938693500,,,
ACBDBD96CCCC0E1B5E366CB2604A2AF5,SA2105000068203891673001,,,
ACFFA118717315F8FE0A65C423AD7596,SA8793000039401262258000,,,
ACF3517B0C45E7567F547C112A592F1B,,,,
A533F7EA2507FFDFF76A03BDA597B233,,,,
AC7BC92A7DC0340AD91091660C4242E5,SA2005000068206688646000,,,
A52CAF577E6AA47C9138844B29589179,,,,
AC49C07EA43F649DE4E0688638A6F838,SA1780000368608013971540,,,
AC08C2FF6539FAA3FE45763086B3EE73,SA2105000068203891673001,,,
A57A904FE8EF3A0FD9D12B6EEF6EF9FA,,,,
A577BC88D64D38E284A573E42DD0166B,SA9280000856608110470587,,,
A51EA314818067E9F85787071012DF10,,,,
A568FA6A38F3E960A5DE3114DFC30F46,,,,
3AF703B40E3236D129A7,,,,
A594588A72E5A75D33BB71B38EC063BF,SA2130100974017277566860,,,
A5F5F025B4C8DB248F3FD10FB3A0C203,,,,
ACA75EBBEF76587120463FB5006FFC0F,,,,
A51CF46DF6B44C03B2A6113368FDF71D,,,,
A51746B8C4E4AE7AEEA166BEC482BCA6,,,,
A5CFB694FA70DD07C8AC80CD71B05A6A,,,,
A51BAE89A5FCCAF391B6F9B2D9155AEC,,,,
A5ACA49FD03FF0B42E5055F22B765BD4,,,,
A5036A6233260B6336BE3C9512262129,SA1536036036060957318390,,,
A5A0000ED240F6AFBEF676AD709AB3E4,,,,
A5B997FFE346A6AC826448E17F3DFC9D,SA1193000002782677980900,,,
A5B313FC02B2A2205FFC1E0631139E96,,,,
A5EFB534767589531AD02B59EB11901A,SA2930100974017277757806,,,
A54EED217341D4B9B2B9A5CF8C18F304,,,,
A52E049474998293BACD15C99D18E543,,,,
A55D4FA40E6FA9D8165B282046AA28B2,SA7830100991100636581569,,,
A5B527E13B4BB592CD5B9DFB3B56DE7E,,,,
3A941FB633D3482162EC,SA4693000022881474184000,,,
3AC3B6017C499DE3181C,,,,
A542E9AB8A43A271A7D311672F2AE48D,,,,
3A68C716550413A62E6A,,,,
A5654E3E36C11A730746CA82DFF11B04,SA2536036036054938661143,,,
A563A9371C76385F62AF56B91CBAC440,SA1036036036027337665075,,,
A54995725063B0D72305D3C79EB2895B,,,,
ACC31C7C5515ADE6F10BF5D76D45D55A,,,,
ACBAE666111756C0880CC68C0CEBDAC3,SA4080000355608016325772,,,
ACD5F6516FAF7C42C78AED531968A4D1,SA5480000249608016036619,,,
AC616ADE0AAB61D3EC7729BBB6BAEDBE,SA6480000868608012419593,,,
AC93C677A11A6C88BB18E3BF451A2A3D,SA0280000856608016862648,,,
ACAAB1D061C84163478CA15BD6CA4E65,SA4080000355608016325772,,,
A52D98EB871CA7D69E6C06467535F4B0,SA4710000011349578000104,,,
A53029855FEFD823A91052EC467BF4D7,SA5730100991107056407831,,,
AC01C9AB7863E01D18566345EA843BEA,SA4280000226608010124186,,,
ACD6B0BECFA692E62A2C98BCE2A0271C,,,,
ACC86C7F121A637BC4931002070C0A88,,,,
AC5DE0D30F722DFEC48BA5670DDFDBAA,,,,
3A3B925761EE74B540E3,SA2505000020511917459000,,,
AC2AA277DD268AA8BABD54EA8A12869F,,,,
ACBB18CE15FB82B3F327847D57DD6BDF,SA2005000068206593198000,,,
AC54DD0771BF9FD5AEF0F595BC84C080,,,,
A5AAF6F6B154B7A78F7E5DF247CE3A31,,,,
A538142D55BF66A45BF90964EA43B0C1,,,,
A58DA17728EABB399CC95357ED518421,SA7636036036090715066726,,,
A5BA760064EC5EF137DC6C580E5A24A4,,,,
A51C6D8A3DBF5763D44C0CF35213EDED,,,,
ACFE7F0A0513C519224F7D62E2556071,SA0710000062300019694906,,,
A522EA3A9DA19DA2E1D9F804F5186AD1,SA2715134018965503850339,,,
3A98C8A42E0429029D11,,,,
AC7944A14BE4D6A888CA04F439F8E7B3,,,,
AC727C87368870A3F33DB3D0E67EBD76,,,,
AC5A31D6BD0E81CBA626E8CA32531B69,,,,
AC44B5EF851A0CD216C09C922A00A4DD,,,,
ACD457522DC78A4C301C5152B761FD10,SA7236036036043829203058,,,
AC3C6701E29E10A5254162E0423695F8,SA7330100974017278039284,,,
AC028BC544F3F4CF4EC35A617C53AED6,SA7330100974017278039284,,,
A55F7C560BD750AF55B987E02750198E,SA8036036036064091046362,,,
3A20F34A2DC5ED6B3674,,,,
3AC790423907501F7451,,,,
ACB1E3D42C851A4836C12C2DA4082234,SA5820000001212909809940,,,
ACD06311EB7383EB8D43D244A1252ECB,SA9580000365608016510231,,,
A5DD3D710FE201A6E6A2AF3E43EA6AD1,,,,
3A10C66B8CA3813F9365,,,,
A5BEC0BB3ABD23F3F7E0343F3F402080,,,,
3A71E00429E86EF335BC,,,,
A50D05C2FAB1048E25283B2156C4671A,SA0530400108039590550016,,,
A5F3D905FFA5EDC6878CE5C70877C173,,,,
ACFCE8C86E0E20298CB90EE042A45EAF,SA0836036036053836237340,,,
A5125602F0A86E4A5FAE807605D274A2,,,164723010132093,050
A515EDB83B212A3743DEAAE58BED5355,,,100731016296,901
A54CB6B839EB816DF2F8A4112B339867,,,164723010132093,050
A54239390202F0009C1C26FF974D5C6D,,,,
A5B2551293A7DA95E4ECA30948D2391F,,,,
A5DE793B5444CEDFBA3D94516B1E047B,,,,
A5AAA160D9CE271DCE2036348D355097,,,,
AC3A02BA7733AF99629A928357E22EBF,SA5520000002291129859940,,,
AC4FF49EF56609A35076E41114DFE5C9,,,,
ACA97FBCB88E67D694130CC7C2FB8D12,,,,
AC7CAD355E61853256B45124A706B77F,,,,
AC41F7B684D6878EC36554DC68177C2E,SA5136036036048831732444,,,
A551EFBC76D48218B5AEEA7EC654FD30,,,,
A53E1B089963372ED05D309A05AB9CE7,,,,
3A1DAE42F0CDD3CC310E,,,,
3A2E85B53CB4182C9574,,,,
3ACA5D63D06B5D1EF5AC,,,,
AC15660B3860B53FCF600DBB37EDFC8A,SA6336036036080252466734,,,
AC166A334C5D27AA655F1D1AEC2C0876,SA7980208963087222121019,,,
AC7CAFD2491D4FBB1483D3B8679FCE67,,,,
AC8144E8222D7BC0D010550AE3D7D88F,,,,
AC8AA95AB5EBDC5D0DC538E73099A5AD,,,,
3ADBF96B4AC429907112,SA9530100974017278084284,,,
3A3700614BF6259C23B7,SA6636036036042396648384,,,
ACAFF5C70549CDAFBAD190E3D02B2DD4,SA5615000007780965430009,,,
ACCCE51E8CB4EFE877C78B222BC0B7FB,SA2130100675020067030016,,,
AC55BC3B710D2947E3FC755150F190F0,,,,
AC7B1C9F030B73380FEE86418BCA2CEC,,,,
AC0592C2E308C7C6FB4B14065A06FE57,SA8936036036093788709178,,,
3A8891CBF29057958A14,SA8980000640608014378885,,,
AC4C4BAD307DF4DD22A0E52826EDF65A,SA6330100991103503684947,,,
ACEF2EC7609F34EF8555A776B9DE47FF,SA3280000857608112371071,,,
3A09226876AF5612E67F,,,,
A5A21047C836AAC4603B58EE5D5F0C8D,,,,
A5333E48B1FA3BD72B76C33A5F9FF77F,,,,
A529DFB73DD13CA0E6DC07CE2C58C3BA,SA9536036036058793690046,,,
3AB7AC03B606D956127D,SA6580000867608015814916,,,
3AE22F93B440E836377A,,,,
3AF5990818E554A6C061,,,,
3AD70991909F43124AEA,,,,
3A8703734F230E02E89B,,,,
AC045438D9B23FE19685307A8E0ECEE0,SA5536036036005194123249,,,
A53D0D0DC13EF4B9AB3C312781BE5D12,SA0315134018961048078268,,,
3AF633F391642BD682ED,,,,
3AF5B7E244679970421E,,,,
A561E579E45B0E848E998E0E13DDEF41,SA1880000365608010122421,,,
3A50F1EF075074196F4B,,,,
A551317ACBF938AACCF25298A6BC285E,,,,
A5378453A8CF9F2132F5CA0A10ED7074,,,,
A5F2B51A889343BB2E6FD942776EC592,,,,
A5CA26981FEAD63E121A36EC29F872EF,,,,
A54E968972AA1F39F4F8315C2A5E6321,,,,
A554CBFBA7C64DE6422374DDE9F7DB56,SA9580000539608018279638,,,
AC0B84B7FB5220EA974B8987E18BDCBA,SA0330100974017278497220,,,
AC175BD18B9102195DAD9DABA8BEDA57,SA1436036036018857793180,,,
AC75164703ED398425ACB1207BFDC2C2,SA8245000000028410496001,,,
ACF055BD5B3898D273B7B41DA79E37E3,SA1480000105608010477515,,,
AC3069CEA83CE830D98E8A44EB0795E0,SA0236036036007873424253,,,
ACD2148DA7DC73FB74AC82FEF085A46A,,,,
AC70D5A4C52C475EC28E3949C283DE94,SA0980000305608010467605,,,
A5EF2CD68628F6861A1C988BB81039F0,,,,
A5483B50E579A5109F92E356092A5BA3,SA3405000010011944844500,,,
ACDC94482B90377B94D0AB6B5840465F,,,,
A5C7BC60950816C3BA8EE03A7DE719A9,,,,
3ACD8821C7037D58BC0A,,,,
A57AB60AC946EA9B77A945954199C145,,,,
AC744D6DC3099487383081F5829001E1,SA6980000533608016130110,,,
3A5F89687AF7FF411E2F,,,,
A57ECC4A1455718ECAF05B95B347B0F4,SA9630400108039611580015,,,
AC6C71B3F109389520B436DDCA609D6B,SA2220000002705014969940,,,
3ADA3DF3E14351A72915,,,,
AC6233F7C9824E7CCF127892DF305C7A,SA1805000010011944679500,,,
ACFC66C213F5002883CA280DEA7513DC,,,,
A5971FD14490987DE6828927CF3F8F7B,,,,
A5DBA5878403CF49BEF2CC7E1D84C183,,,,
A5DF1535F72291AB0F43E81824FBE869,,,,
3AC543E277F4E08A0231,SA7930100991100730775826,,,
A5B3D6580B4044E236861986D7E3B0BB,,,,
3A75AA3C5F3B97D31FFD,SA2810000062300180404904,,,
AC7EAE0308F91E5F81A1185B6924DC7C,,,,
AC77F45C4746D61323360C8229A159D8,,,,
AC399E991981138E116F2DACB8F29083,,,,
A5AC511132E12E2C6449A8CDF8C0BE49,,,,
AC305CCC9B0D2B5C3E3400F82649568D,SA6936036036091647723695,,,
A5C1DE7FC1320E5D1D46F8C2071F83A9,SA1360100000982326123001,,,
A5F7A8C4CE2BED82A9152A1FC28A1589,SA3030100974017278938666,,,
A560111C22EDF895C006B1E669317A15,SA2980000467608016108231,,,
3A51C32E68DCED0AD9B5,,,,
A5B9053C78072B1CF39B38D679BED3C9,,,,
A578D764EC27FA583AF2F3B3D93215C7,SA1230100974017278263094,,,
A53343108C968CD36A104F2D29BE589C,,,,
AC540D1739CCEE95206BEF58A5B325A6,SA0593000071010288984000,,,
AC05F4A2F2EED10F83094EDACD183C02,,,,
A53F4C6C488B12BA321C907C26DE05FF,,,,
ACA340AE9D12F92FC2D975B0A43B5771,,,,
AC64ABFF2C924B35CCE6E48FFB2F1DF2,,,,
AC8B97C88C7B3E92BB123CAE6C896DA8,SA5215134018963370103544,,,
A5AB10207D7B090A6B99D9BC91879B38,,,,
A52CE676BE057335CC5AAAA49161C86C,SA7236036036054656696914,,,
A532DCE344E7CDDC9ADD5A6B8C524AFE,SA1215000007781344720007,,,
A50DF32CFA6165AD4A3AC7F6B440843F,,,,
A540FF9E8F96EF81ADC2744A434668C9,,,,
A5D87A5FE10A4742F75F0214948FA99E,SA1215000007781344720007,,,
AC3E19E3DFF8215251FD8FCBC3DE1C6E,SA1460100000782326750001,,,
AC08B15FCB3E78B0746458E90BAFE501,,,,
AC0872AA23E4BEC89F1650080EDB66B4,SA1610000098400000044910,,,
ACF541415F43177749E7EDA97142F719,SA0236036036078735632175,,,
AC9E7233C0CD136D8D2FDF067580192C,,,,
A5841828F74F7E3C03BD0D847DCF3907,SA5630100974017278024264,,,
ACC592848C32E3D5E36F7DA9F392F9BD,SA0415134018969996431459,,,
AC85FCDDFFC1D11D3FE7A2CB32EBF543,,,,
AC013C80AF6942722A297DF235C7F67D,SA2080000858608014904861,,,
AC8495B22886B0285BA5962D09318BE8,SA9560100011082321249001,,,
A5CB2C597CFA52B775506889DA6CD071,SA7080208971123222121012,,,
A5268BBF9084B5AE2D1D2B3B9373DFE2,SA3330100974017277889266,,,
A53BEE3EDFBC045510208A1FFEEE492D,,,,
3A3CEE8C7CDCDEE5736A,,,,
A5CEFD0461D7D86E52EC1C1C40012FB0,,,,
ACA4A3C7EE5614735623CA9C64AD30A3,SA3380000867608016107559,,,
A53B495B844DE95A6401DC8C032D9A4D,SA3830100974017278757229,,,
A514C7EC9A3ED17F131ECBCEFF05D120,SA8630100974017278749284,,,
A54904502BAC80FD51047A72270E0A29,,,,
A5863E7F10C0325A7E898931C97CF247,,,,
A56EA50692C7C69B4D71DD30FB294B37,SA5380000859608019665268,,,
A561A8AFA4EA01E230A96788597BD746,,,,
A566C0D9EC604B8C4276776BCEA479D1,,,,
AC3DA9C52806689DE3894AF0D2C9A84A,SA3780000856608012379357,,,
3A800CA9254AAF2213D1,,,,
A5B917D8456E004CB3152BCDB1A75B0F,SA3515134018963991777917,,,
A582CBA003134041BD333273A5D19099,,,,
3A6BC4747310C74A8B08,SA0830100974017278576864,,,
A5CCD2459E0C943272CC68037C6E2AE4,SA2915000007781345680001,,,
A5D504A82D4B4BB2BB1215CFCFC5CF67,,1082138882,,
A5107ACC1A7F5ECE839AEC0D84D963C9,,,,
A5BFBD0B0BEEA875BCBB1125C1888E05,SA6736036036046776131921,,,
A5784573B4EB93696C9F41457E803689,,,,
A565DC2D2749F8A19A2A31CBDD925C66,,,,
3AF456E523C048D9DD93,,,,
A5757E7E81FEE8BDAB146CB702CF4CCF,,,,
A513EB86EDB63492330AF429584C15F1,SA3830100974017278757229,,,
A5CBD73E60953196AD7AE8B73FBD794E,SA1930100991101092230219,,,
A567A8E5411E3DEE764F4076E434AF12,,,,
A5E206C1539C89F79822A5461936BB7E,SA8680000201608010693064,,,
A54B1241B303AFF6D3B3BFCB79B39F78,SA3630100991100598283039,,,
3A7D4E71B6250197058E,SA9315134018968059904299,,,
A52660E385C2C2592042F241E64EA561,,,,
A55FC0B2DC06542B7BE3857F97786B01,,,,
AC1E356FBCF594D29E115DAC3B8D6E05,SA6810000001400002202903,,,
A5021815FC0E2F0B0B8B6CB2CB92A931,,,,
A53222531B5A017DACDA5C3013E60CA3,,,,
A55BC4AC10C63EAE6AB539780F34C403,,,,
A577B4D04301E1944A4EEFBC0558B004,,,,
AC2971C13C264C309BF43978F947A86A,SA6405012000000111694222,,,
A52B170B734ECAB0F735A859066E7209,,,,
A5BE0644B683CCFD46B79ACAA5940853,,,,
AC503398FA391C008E73AA06225A57DA,SA8380208951910222121016,,,
ACBEEF8A5600EA5C585EE43F4D4DEAA9,SA3830100974017276445816,,,
AC5D7C5D3889F2C71753D578203FF8BE,SA6930100974017278575291,,,
AC4A2C9DA2DDCA2151FF1BB3B253952A,SA1405000010011946408500,,,
AC48B48CC5513A5AFE4E7E9B4B966616,,,,
A5BAB76F4D2B51C0A4A512BE8751266C,SA0715000007781302360003,,,
AC53225DB03FE20136A39EDFC4728415,,,,
ACB7C3ADB78B928D9EA251B4016F4270,,,,
AC9FA1D58217E781F047BB88A377C1BF,SA0715000007781302360003,,,
AC1DE394507F3135C1BFF24D9AF2A7C6,SA9310000070400000485304,,,
AC3C6FE45D9BF7B1DAFEC8EADEE5BB62,SA4636036036040337059869,,,
A5F9CBB9516661EC59B74B252609A391,,,,
A51F15BD81ECB360D881E451B5350B1D,,,,
ACE5DF4F665FBB9A78FD6F4CAE820F38,SA5705000068201748569000,,,
ACEF062D930EA1015C041BD34A1054F1,,,,
A565695F13306266CA39E91F9C12F5DB,SA7315134018964415412317,,,
A59C0E34C169F0E31B0E7D71681BB8E9,,,,
AC2370438A2F069D7E9FB56F8E0F98E7,,,,
3A89F6D45FAA491838CF,,,,
ACA4446C4AAC5808A1C4F5A0E80EE41B,SA3120005298200000381086,,,
AC382C3C40EDA4F16F403238354CD895,,,,
A58AF97B1E68DEDE5B8CA1CBB1283EE6,,,,
A5D359DECE7B92D53CC9D928DC70CD64,,,,
AC21A8CA4A0C15011F3C32AEDD5E7711,,,5298200000381086,067
AC72AD0473F1BC5971BA478BFE51B5BD,SA6580000648608016611566,,,
3AA33F6BE6293560A439,SA1180000857608168025102,,,
3AFA98FF90141C7D235D,,,,
ACB9600E19C27BD239A338C9EC9B2D51,SA9780000557608016174093,,,
A5CBCF0B1186CF61E9234D54CF078BB6,,,,
AC0B488FD591C41A64ACF03B65E2FD0E,SA4736036036061226967144,,,
AC6BA3B555D1F744EAB854E2AF4DAB04,,,,
AC9ECF5D3A38B5A871691E656A64056C,,,,
AC4C6D8A1AF4190D75DB66D7C46C8828,SA4536036036050396695826,,,
ACD37CAC49C7A19B7DFDBB291EAAE926,SA9336036036066685653053,,,
A589EAA72E8D83221AC42DC6FF4BC4CB,SA5436036036095192672870,,,
A5D8851017B77FF0F55B6CA95439387D,SA6930100974017278575281,,,
A53599E2561074DBDAF2A22FD9FBE367,,,,
AC6C57DCE45EFFEEEB49E8450FE748CE,SA0915000900116288390006,,,
AC84D19D43D291AEBD81B8B78FA72096,SA1710000011100283268208,,,
A58347DCE3703F2FF8E07E6B416A24A8,,,,
ACE0F48F09042032BD1852A5BEBEC7FC,SA3805000068206530079000,,,
A50B29C315596E37E4F73A3B1C885E2C,,,,
A50C7F6950FDF9E46F3709E7EFB26769,,,,
3A893D2A327ED1499F65,,,,
AC38E64C1D7466909419416327264455,,,,
AC3EDF9425C06CF774F3396D8AC08B28,,,,
ACCA951719BC29FDEDC4AA8352C73F6A,SA2605000010011946071500,,,
AC1FBBD10C48AAEDEFD3E2DFC5AFCD3D,,,,
AC1C9D502BC9976C9833CDE38DA8530C,SA4605000010011946932500,,,
A5774151A843617576EBA7C9AEA8C3CA,SA2605000010011946071500,,,
A5BC51C65EB7906C3CD58D806F0E1163,,,,
A565505F3876E394B843F851E6E73C39,,,,
A52D2350F3A24A1B8BBD4D6EA879FE83,,,,
AC86E8B8A3FE1FBDB957D268C399BA3D,SA1480000866608015501895,,,
AC870D0F714111A4D23FF16133134D95,SA4730100974017278585668,,,
A5D091758D651D5E5D775F7F0776CC20,,,,
AC5E80CF98F46E2C4222118394CC1022,SA1636036036027306961266,,,
A597C6ED97652CB143DC64EA3AA9B600,,,,
A5643216F8DC4DD9CA099BE2192B4A7F,,,,
AC01EFF0790D00DC75BBAD35D653CE60,SA1480208763989222121018,,,
A5FDDCCA03EB77E03C8629988D1F2B77,,,,
AC3BCC71848997E5F82A134DB61A6CB5,SA2080000443608016112794,,,
A53277B661A254A230158517A4ABA76B,,,,
A516BC2A63E4464CCFA09BC6EAE23870,,,,
A5F0E862EF1240586CC797E533598211,,,,
AC6C7B46FD3D5ACE8480843720AC09D2,SA1480208763989222121018,,,
ACF52CEDB9297D470157AB189E88445F,,,,
3AC3611E2792757CC204,SA4980000867608016436198,,,
ACB88CD93C7DEA1B0200D489309BA336,SA1680208972110222121018,,,
AC6F389E364CC748A5BD6364D159B87F,SA4805000010011882193500,,,
ACEDACBAFEAA589A6FB59CAFDE9CB586,,,,
A5D9B4983C7FF7F45F580721D83238EF,,,,
A52A8861601C53ADF86A920745A54EA1,,,,
A5C9035DBE543CBC23643431D17C17A2,,,,
AC5E67CE542344E3E37749652FA64A4E,SA4030100974017278823638,,,
AC7107019D18F51053099BAFA5BF7EDA,SA1015134018960102776767,,,
A5B0DB3555AFA2B30A712CF7C3988736,,,,
ACB98F43FDC88CFFD7AE3CE976230326,SA4110000071400005335705,,,
ACB69981802CF657BC4A40A7DDF47802,,,,
A50DCFF53111F52104484414B2A377AA,,,,
ACE000AA948CF2BDBDCCD69F0DC6DA9B,SA1410000062300172504409,,,
AC025BF7C32B5603003B3F6D36978744,,,,
AC76C3353C52DCE1C994BEAC00E5E71E,SA9310000070400000485304,,,
AC5E85EAE79E5AFEA24B2D26DCE95BC0,,,,
AC7838742DB4AEBCBB72FF862130EDA6,,,,
AC09F68057A13F5A9CFFDF45F0C79E68,SA5836036036043984937683,,,
ACE0F2E29B0EFE748AB977C0F3B45786,SA5936036036068422507729,,,
ACC31B8B3C4286CCCBF774C5344C81F5,SA4730100974017278585668,,,
AC0322B367C14DED66EA5BB6AE702A35,,,,
AC08A693C328BEF12154C3A5568547C2,,,,
AC11CA3259BA9CECC0A1EEFFC370F577,SA8580000640608014691006,,,
ACB61669E2F7C476DC09C2B2AD5CE44A,SA8205000068206577020000,,,
AC64FF02DFABA37D01145D8016DB08A3,,,,
A5946B3068C143E28DB2E3098E5BEBF4,,,,
AC4479C6F5DE419C9AA7ECFF6101BF66,SA1280208974694222121019,,,
ACE55CCFAEB1DF34A0D5EC0C79EE5B54,,,,
AC40519502C8BFF9E84DBDED24C5B63B,SA9105000068205701221000,,,
AC6747E7AA1EE196008C681D45CB461B,SA5436036036041135337618,,,
AC93001A690EBA7636378B961C08B87C,SA9105000068205701221000,,,
ACEBBE24A12C6ECFA3255C3C614D9BD9,SA9105000068205701221000,,,
AC3A166A06ABBD3F2D105494BE2AE166,,,,
A5BA135AF47AADE5F5F0EB5AEE39F44C,,,,
A5B95D99F2A2D53C948E115949C62D42,,,,
3A7041237E9D14DB9A20,,,,
AC43A0EE7B14B10EE83E88ABC0156246,,,,
A576F96B7AEFD95BC226D1E5CC27BEEB,,,,
A51306800B119EC32DC44389A7EEC817,,,,
3A6E29C47F845C7C06A5,,,,
AC0462028A852B728B22DCF2363A748E,SA3936036036071649282832,,,
A5E4DEC367AF5C02EA5D23AA66AF274D,SA5230100991104281595269,,,
A54A9416D436DE1C9375954CB61529E3,,,,
A5BADE6F257C79C014A7494960D2434A,SA1015134018960102776767,,,
A514A4E2E290FE83CAD290F1325548D0,,,,
3A7FB37CF884530866CB,SA8205000068206577020000,,,
3A870A03D8B4EA30E8D2,,,,
A5DD3D676453A1ECA3BC5343F89C1C1F,,,,
AC55F3A7D2A03FFE3ADD3152E173F9DF,,,,
3A74159257866ED85490,,,,
A5C2ABE8D5C3F7751112E56379F3E3FA,SA5780000118608010195955,,,
A5CC7A48D3AA44D228C1A869398C03CE,SA5736036036048586723431,,,
A524BBA7B74B53C7C68F89EBF81EFA2C,SA6230100974017279049626,,,
A5B16CCFEB04006D1D49EF47CFC4E141,SA0436036036018892683484,,,
A5F141E75F164239F5140D04197BF030,,,,
AC113D071A4776564694968592EE4B9E,,,10718099,134
3A6537D4A2757511BA03,SA5193000006606182129000,,,
3AA53B0C5272091071BF,,,,
A562F771BA47D354A8DD9D4D7BF6874E,,,,
A5C69E42CF8A8D1A352E60174DFA1C53,,,,
A5CE0C48C7DFE11A68B1AF2489800C6D,,,,
A51AD83BF9442155DCB12B8EC3413A81,,,,
A5D82DE426705FEBC2091DB2CD789D12,,,,
A55C1AB659029FD1723CABD5F6C47176,,,,
3A885125D172CE66AEA1,SA0415134018969996431459,,,
3A0F3368353592EA4384,,,,
A5FD281BE5780C9DAE5DD212C969690F,SA0580207930022222121018,,,
A52565BC988EECE7CA21C4265CBEBCE4,,,,
3A9D15E3FEFC6D0A3A9E,SA1410000062300172504409,,,
3AE51AD6FAB7A0C4A31F,,,,
3AD313EEC95BE867D5D6,SA1015000007781345410004,,,
ACCF5F54A3CEFCFE7DD3FC8DE5B83E26,SA4810000010373506000100,,,
3A80F4C2DF0F665D2A2A,,,,
3AC5FD802DE1B265493B,,,,
3AB4DF4D3011B06F04DF,SA3836036036087096122928,,,
A54DF48DD184CB22BBC2A6F841B6B03E,SA8360100000782319065044,,,
ACB184CB559A50CB2125997735A7A0AC,SA8330100991102665115610,,,
A55F80A7F9B91FF0CF86A35BD2B6728F,,,,
3A0C1DDDB31C6FFDEB0B,SA0580205970662222121016,,,
3AC968D4573FA7D9B176,,,,
AC184B64A28304024848B7EC386907D0,SA0580205970662222121016,,,
3ADDF70D85849F390545,SA9110000001400036093901,,,
A56A885394585893D6A9CD314CEDDDB9,,,,
3A6AC97ECDFFA6A7466B,SA8205000068206577020000,,,
A5D571C1DA878A350250C2B35DB02DEA,,,,
3A897110131F695D941F,,,,
3AC5FC266C75D0C08A0E,,,,
AC60C0725685990AB8E45886112D1D70,SA3080000477608016447504,,,
A5B53F0ACAAD1981AC00A302CF542606,,,,
AC149D3C960EACBE8A79B070E3C1E93D,SA7680000558608016036002,,,
A589C3D53AA8821D03D6ED69B84F9348,SA5130100974017279084467,,,
A5414588EE4E395D9029C06662D283EA,SA3130100974017279009846,,,
A525B3704A4E179DD11203F8537A57AC,,,,
A5A712481FB8EEF586A4172C49AD06CB,,,,
AC6A8F9B68F1756E76044F8B6DE402CD,,,,
AC1F5B0415BAB50A3C19D1A9F3ED8B91,,,,
3AF504C2A74D76B0B71D,,,,
A5B966920259019B83665BEA4DE60615,,,,
AC01202896502D44D225BDF6BEEE36BD,SA8205000068206577020000,,,
ACFD216F97A92ABCB7F99EE75DA0AA6A,,,,
A5ABA268B4ECD8FA863B3F9C26164A4F,,,,
ACA5269C06041132F41AF59849617BC8,,,,
ACDD0A535D0F3F595035F922E369C5D0,SA5193000068847222790000,,,
A5B6A5A0CDF0A73F727EE473CE6A125B,,,,
AC7AEAEAC78C4E7E8C2A250A991ABF80,SA6578000000001258148707,,,
ACE5B1A775D7B2472E261972C3F0993C,SA5430100991103024054641,,,
A5C255EDF0C49C93CEA4062DCA3AA23D,,,,
3A79A8091BA50AE67CB0,SA5978000000001251534191,,,
ACAE3C2DD048ADDCA7372E65B14E6765,SA2630100974017278844260,,,
A5D2A11DFF4A568E5573FF167B83849F,SA3880000130608016468590,,,
A52CBE032422E7EA6ACD470FA7249E03,,,,
A56CD175A41632CF1A3E2A7B97D289E3,,,,
A5B8D59A171826FD476B771F467D1CA7,SA9680208974176222121017,,,
A5A3779976AB8FD2BA064BE274597000,,,,
ACB89F9F94049EC70B251D102CFB3A17,,,,
A569C0AEDAAA6934532F21A128CCA6B5,SA0736036036036121829638,,,
3A171E8372958E361A6A,,,,
A5D777DDD603DC7F834173A130D02B43,SA2630100974017278844260,,,
A51055D24DB1E14A0396BAD525D3F5EB,,,,
A57E485BBC59B1271B2222A18534873B,,,,
A5394A5E5B708E6921539D2C5BE05B3E,,,,
A54C3BCB8763DB7DB301948ED50B27BF,,,,
3A21131DCEEE2DD90EB7,,,,
A56037BD735AE3389FC1142326CB9F25,SA4280000273608016001588,,,
A5905DE530183B7EFD939433DD6EC792,,,,
3AFE1D50261BA68AE96A,,,,
A53AD7A18D942BD2E5167960E6C08D70,,,,
A5DEDF4BC4D7FC8F43CEEF4E9FAE9FBF,,,,
A56EC258985275AA719A17B0FD48DF96,,,,
AC4A6968727FE8399F72747FDD981C36,,,,
AC4E87C5F63804A7279C21E263A814C5,,,,
A5E4FDBC9F7B5D575B9DDCD9955E3B66,SA4215134018961748195048,,,
ACA057A3AD6C10B015BE15CBF104633C,,,,
A5A802F4A3CF1CE48745A11CA58EF8B9,SA0930100974017279312494,,,
AC5AE0396762AC5E69F3EF3935848C5F,SA8110000014700001309604,,,
A592946AE4095E8D975028DCBE7A833A,,,,
AC43EDBEF54AC34FA20D55439F8F2C59,SA3705000010011941680500,,,
AC8E874667A5421A5EC951EE398A9684,,,,
AC48DA2450DAFF01E8B898C5C0D96A1A,,,,
AC41EBBB6A9C44C0966A39A06695B6F7,SA7493000089634339984000,,,
A527899F44097277D3AFAD87AEBBABB2,,,,
A5B4B2E8D0892812D1DF6603EF7B4C4C,SA1710000062300180398506,,,
A52E131BBC400394E49CFADF4C1BAEB6,,,,
A52C1F4D31D72C0CC1DCA51E0364FAE6,SA4630100974017279500008,,,
A5145B872DB8F5EAFD25F8D9E3BB84F7,,,,
A5353B4EAB2CC6CB20D2B01BC300E17D,,,,
3A78AF9F8CE3E5F89D68,SA2380208978982222121014,,,
ACE126B293E304D5F70A3036F3063A1D,SA6280000130608011223271,,,
3AB250863E3D2AF29053,,,,
ACCA0FF10D349E808B729E03F67E124E,,,,
3A8C613FC56341C3ABB3,,,,
A55B931EC38600D250DF0FC4AEC6CA08,,,,
A5DD0B316456FA90B455DC6AACCCAA6D,,,,
AC8516E002D7522DEA8D9C83791F55DE,SA1680205366931222121017,,,
ACC74D25481982C8E9CEFCC84F075F68,,,,
A59945616BC425A59DD92FEB54FA322A,SA5715000007781384020008,,,
3A8DF4F3FF9E56739489,SA3480000380608010356996,,,
AC20DF6835B866A451413B403FE76001,SA1080000459608016271351,,,
ACF36B5B7C6C347B6685132237C23ED2,,,,
A515A76EF1129D63327E27657779A9FF,SA5215134018963144962664,,,
A510F9FDDF57042E2FB20946FC1BDDE3,,,,
AC8703FF006B301013D11F9FC50F4691,SA2630100974017278844260,,,
A5B9F76B58C844D774445F4C6FAB57B1,,,,
ACACCA1DE0AA92C4BF374AE59D037223,SA9480208936524222121015,,,
A55E26990B4A8DEA157E5CE9014F8738,,,,
AC9D03671252D8A2DD9F0417F7CDF414,SA6336036036053640629448,,,
A58B6EC02CED77987E2E8FC66C005A73,,,,
A5D744D34E80F748A9B37963834306F3,SA9515000007781397810008,,,
A5DC5BE41884FE35E6CA16199A385245,,,,
A5ED0E98FCC8703CA34A42E0DC86439A,,,,
A5131A2D781A386F19D14E3E6EDAC84A,,,,
A53568A023423D2DA18C1EC2A51DA546,,,,
3AA777942778EA2D31BB,SA7215134018962730248019,,,
3AB13C9F7153732688E6,,,,
3A1877503B39256FE93E,SA1578000000001269567477,,,
3A903B31AE3D28472204,,,,
AC4AF7D7DBE19BED992435984DAD42F4,SA3280000422608016273096,,,
AC896B0A89C2CE82131DA0CE9A575D8E,SA7215134018962730248019,,,
ACAB2FC771FDF1CBF4B3D64B8B16940E,,,,
AC0F8C722C0997D5B31C1D438B2612C8,SA3130100991107483205486,,,
ACF9C1A4DDA63D3CE8CA9A10E603E00F,SA4636036036040337059869,,,
AC2594BF733656AECC11894F3033D256,SA7410000071600001455101,,,
A58FFC071CE98E9B01D7E77FF81F822B,SA4630100974017279500058,,,
AC0F39A5B8B1A35C2240FD86799744A1,SA6710000011100383216108,,,
A58AE545AB963162DBAC7029FC1CE337,SA5978000000001301174717,,,
A5B1AC0180A5D8DBB8115E70574C7DAE,SA3336036036086166411580,,,
A56429199D278F32C28FC9CACDEBAD18,,,,
A5B5058099B45B332C2DA95626DC5860,SA5978000000001301174717,,,
AC67F3D1C301AF6F7EF45AEC04CA9D14,SA5580000001608016054724,,,
A5D3C6E77CC616519071B7EADD43E99B,SA2193000039806833964000,,,
A5E63B13D0E64D4CE3B068DE746ABB7D,,,,
ACC3CF764990A9695F8769F5399999B1,SA2836036036039448736230,,,
A51EE7503E4A6EE91D8C78C1E9749415,,,,
A50918575DAF94C607ACA990BC03D179,SA4236036036043337025986,,,
A51E0320276365EE4E617C2931D9AAEE,SA2480000866608013329109,,,
AC493CD96A07FEE59B1C6E63425A7CD9,SA1915134018965617774655,,,
AC6631F9677CD29B3D7971FEB35DA948,,,,
A5EA0F700404906B04FBEE1F88B8412B,,,,
ACBFF9AAD4C3BB20367C1EF1B507FEB3,,,,
A55C92E3B2A8BEA1D0D61F613488D066,,,,
A57AAE7C65ED5E81D60473FAE1564142,,,,
AC7A9C2AA586D8B124DD92FEB7081999,,,,
A54846CA12CDE3A0CD0A0B1D697647AF,SA1836036036028413456623,,,
A5EA9087249FBFE55563FD357C85B6C2,,,,
3A63FCB2208D229A9ED5,,,,
A52348C20B7DDE1CDF711AC6887DFF05,SA2480000066608013329109,,,
A58D6CF3157F303754B33A3FF40A563C,,,,
3A599BBD71CD8D811331,,,,
A55417AB37531FEA6F7A58D87EAF47B6,SA5710000013600000365408,,,
AC10FCADD81840F056A7B76C2F87413C,SA4810000010373506000100,,,
A5213758CEA5A09F90E87943E68D4291,SA2630100991106384599678,,,
3A5945BD99B87B72D7E8,,,,
A5CD188616FF707A349474EC41B54556,,,,
ACC6D77B3B8B1FDD5C931513C3D3922F,SA9780000857608016948479,,,
A52E76E96CB1DB42D315F44BD80D6C8B,SA7080207934698222121011,,,
A5F7DB3665CA273569BADFA5AB55F1EA,SA3510000011100280421807,,,
A5F17A3F510DE78B9552B873BF81E10A,SA8380000165608010781830,,,
ACBFDF85C352CA9781BAEF8A99500083,,,,
AC4FFDF91983B1D1B58446DC30463DE5,SA0736036036036121829638,,,
A552B1F9398F4BB407ADDAB00753236F,,,,
A56CC3F5468C6C30BE90D26BA5E87528,,,,
A51959550E51B01EAFF72E2D5BF4299F,,,,
A57951D1C19B3CCCCD3F91D1C54875BB,SA9130400108036545830018,,,
A5FA5A04BAACE4DD94D11BC40901549E,,,,
AC5B532E96DE21AE84DB46D4A2C848CC,SA8245000000006399935001,,,
AC0270188CDEA522931C5D8991D5CE8A,SA7280208946969222121010,,,
AC7EE2C8246A852EA48512624B81FB12,SA6730100974017279731848,,,
3A62E41A27071490E8D0,,,,
AC02C9A64D9A950FDF8AE547E422184E,,,,
A57A36B9695EB2DDBB6669313EDE8626,SA6730100974017279731848,,,
A58007A3D9592DC5FBF81032DF75B1AB,SA5415000007781398740006,,,
3AAFD76F4FAA81281853,,,,
3A784F1C191DFF597CAD,,,,
A59B8F13DC7E7F1E89B88A3A2C87846D,SA9280000453608016176085,,,
AC959AF77E4826C387A92B49939C6F49,SA2878000000001176794988,,,
AC05EFDAB74CB61BACAC0D7BA8E8CAA1,,,,
A5C8C3F3FFA767640C0E4E0B840562F5,SA2105000068207362388000,,,
ACD2A1CD9F0D314C3CF8E13F894800EA,SA1680000523608010057618,,,
AC13DC459242CB85ADBB06ABDF902B3B,SA2036036036004253684726,,,
3AAB76FE5467C44C08F6,,,,
ACC27B078BFDBD5255923794E1939A6C,,,,
ACCC56F0380EFE9DC156A66B7828DD5C,,,,
3ACD8B77DCF64C6EFB14,,,,
A54E64394E1ABB9F556E15F0656E797E,,,,
AC49E0EFB5866A26F5125C3335777F5B,SA4680900261404992540011,,,
AC09942F1824BF83E197DF775CF52983,,,,
AC4724CE18E3BF39BA4468FAFC1FDB90,,,,
AC49EAA1EF96B49C28DD8F25EF356538,SA4236036036033419915251,,,
ACD1FC6603DD13A57D2B11C22D823B43,SA9830400108037923420012,,,
AC3B2B055A9467E7A34235689AA779E1,,,,
ACAACC2B6D854A32C72C804FE054FA9A,SA0605000010011948799500,,,
ACE2CA61EC6E1DEF0B5188E57F4A8CFF,SA1280000350608016040764,,,
A53C110ED90E251B5F75BDA826DACA9A,,,,
ACDA52A90B32F0A2AB570C2FF8ED6125,,,,
A5EC6F9800A70FD0530C80ED477902D4,,,,
AC88174FA9D356CD7207B4E34EC2E344,,,,
AC1A59F33934D19A9AB5057DCEED690E,,,,
ACBE07CD4A00861F756AB51181617967,,,,
A5A310A4DF5EA7888EA04C274ADA416D,,,,
ACF4F897CF9B942A75C7C844297BE77F,SA1880207980535222121018,,,
A503F45966460EE880870A656442CB8A,SA8393000007294095983000,,,
A59D3FCF5CF54551A14322BBBFD28382,,,,
AC1C2D17C6B5F3A8969B9F284AEC52AB,SA1780208803672222121012,,,
ACE46B724E02C8AD8336D59D1A87B5E7,SA5015134018960218163076,,,
AC85FF6C0A1AEB5CF4818A1461D80F98,,,,
AC881888A4A58E6A5FCE6FF384EEBFDB,SA5015134018960218163076,,,
AC5F5B7F8C0703D27AEF8911D9EFC5EF,SA7336036036024755131576,,,
3AB7F531AA0D72854484,,,,
AC3DD8596A0950A1869CC116157AF1FA,SA5015134018960218163076,,,
ACB878101929C22FBC067D60C2A7B9BC,SA8880000516608010197322,,,
AC413977B3FF46058339A738640CF082,SA9105000010011949912500,,,
AC8531DA23A3F8381BC77E1BA380B93B,,,,
3A4CF400A95EE04B520D,,,,
3A32A45D0AF418D21C55,,,,
AC8C1F1DBA919DFFFEB081DF2D86991B,SA4910000079600001660403,,,
ACC037DD1F43D157FFD55DCFD2DED04B,,,,
A561478FFB6D01E77D8E88F4FD6276EE,SA6080000447608016374259,,,
ACB9947ABD764827076B6909ED20402F,SA2380000126608016356734,,,
ACA7764C13096E464088603CC848B82D,SA1636036036013096311207,,,
AC5E7E671E0649DD104123FEAB0A4F23,,,,
3A6C58595BD6138B5ACB,SA0293000066816171422000,,,
3A1249E3DF19BA6D5C4C,,,,
AC56B59D955199A444F0276F8191D67E,SA1120000001421274509940,,,
AC38CF07F6FAD482BB9271BF826D6AF2,,,,
A553B0AC7BAF8E8A519160B01BC07D02,,,,
3A7C915BEF09DCF55333,,,,
A5DF84D37FAE18BFD7F2D0B0AE6C422B,,,,
A568C9727F613D2563E2A93F4E4033F0,,,,
AC316D642343F67E42A33B11FF6A557B,,,,
A52AFA4CBFDB931C6691BE7335A655F5,,,,
3AF4A9E2BB80A465AEE2,SA3180000857608114806371,,,
3A73A713A8E60BE2B4D6,SA2280208968669222121019,,,
A59CFCC083013E481D2AF9ED8757094E,,,,
A525142EE5E3302B7C031271C7CC5E0F,,,,
ACCEC146AF05EF6230B03DF88E242F39,SA1830100974017279525247,,,
ACF206C52A6A40B6527AF808A9B61191,SA8136036036078331253661,,,
A5F826558313AF81B020135EA7EDB5A0,SA2080000644608016503742,,,
AC9D95E6F13F685AEC72156DB138B646,,,,
AC2D6CAC976E8BCDFBFE9958502446C0,,,,
ACCE2459D63EBA4D6A6FAB17DC620E7A,,,,
AC76C875B9DE648CCA5083976AA8DFA8,,,,
ACC8F32C36EC7610334D80BF0D083890,,,,
3AAAB7F868B20A2112BF,SA3415000007781402910008,,,
A5EF3EBA0DEAD3E68673C0005A504221,,,,
AC35907B3927BDCB87C46D0B607BA947,,,,
A5FA0F2E6B85ECA095A1BC15601A2D6C,SA5380000856608119526918,,,
3A54A5F4D60A0718BE32,,,,
3A371EE40AF5944B1CA5,SA2980208956452222121014,,,
A58A705FB915EF6865C5A6D6CD619A6D,,,,
A50932212E9EF6EB25DD0084E4E37F28,SA5510000065500011833002,,,
ACF875E980F3DEEAC1DB03AE36962DD0,SA4030100974017271628469,,,
A5E4587AFBB2EFB3116DE826E26CF30E,SA7436036036064992900769,,,
ACBF100C4905C26D1FBA0A3ABB6423B0,,,,
A5AD7A7249C39741FBA73D217ED40B5E,SA9736036036064499015737,,,
3AD7612BDCB6CCD13B36,,,,
AC3D3C63D9E65F7D12C4463E0E42DE81,SA0580208029932222121012,,,
AC9C7DB0CFA9CE3C409DDE98B1119CF9,,,,
ACF4F4F0D10DAFD99F61CF6C699041A4,SA9020000005134268029940,,,
ACA83B5A460D5495E50F95E893FE5B51,,,,
A55BDF9C1BFB714DF4372FE2ED92CB1B,SA3710000035600002132105,,,
AC36D82CF9C08FF2A88C8EB1049FC29E,,,,
AC69C84807DC9FF7C27E129C413D1E5D,,,,
ACCFAA1CE45AF05B478E5C1785FC90D4,,,,
ACE6D7E25E5D95C47BBFA0DD1BA4FD38,,,,
ACD042C91E929A2BA3B49D8A22BD4763,,,,
A53D85CC47C3609E451F90C990B0A825,SA2905000010011948921500,,,
A55E0620A21CFE37A04DE7904F2A70AE,,,,
A5753B1DCEF833D7882F2FF837F1AE4E,SA3180000857608114806371,,,
A5CB66479A96B9394EA9B9777378A955,,,,
A5BBA306C4A1F568371CC03C6288A68D,,,,
A58F7F48EA1E88D123CA9DD8C249BEC0,,,,
A5F1545C931D2D20D845C6EB45FDE495,,,,
A5DFD65059D21E36B2A4C951A34BE99F,,,,
A503212CAAB02BAA6B8ECCD0095F9CD3,,,,
3AC7B94EAABB608D1A3D,,,,
A5D43B6572F5BBB73CF1E13D3EF1EB56,,,,
A5C59420B138E3C2AB823AA329A4E7DD,,,,
A5CF3BBF7B82E67520ECC5C98ED5689F,,,,
A5CD3E36DADB5A777E650C89E84D19DE,,,,
AC46F1B5735839A42135CAD9463F174D,SA3393000084742607815000,,,
A5B043F45206B9CDB5C79E0EF8897386,,,,
A5BD0DF8A6CC85E74B4D40D01B21218C,,,,
A509BE531701A2AB8DA158194B23E703,,,,
A539409A56102F510955C0FDF0ADCDA6,,,,
ACC61A0419F2C663818A704F93E893FB,,,,
ACCF6D24FD266314C8711B55896E7BEB,,,,
3AA6CEF0EC17E2752045,SA2715000007781422560006,,,
3A692F04F9D7296211D7,,,,
A52AABDAC9F9CE86E2C83670D30E16D4,,,,
AC087E5D86EE0B13A52D7FF476FE7CA8,SA4880208335659222121016,,,
A593CF8037A2829EBAB29BFC6335EC98,,,,
A5F47023752B8716E2FEB4F1610B8ECA,,,,
A523067C0391F035EFF8D6C05B6FAE99,,,,
A53B6991E289AECE09F087E63C6894BF,,,,
AC4B1A50E9152B79574BB39319EFBD3E,SA9015134018968204367229,,,
AC91233A56B988E02CA57B3024D554C0,,,,
A5494C9EF9B0BB5B16847FBB5F58F994,,,,
A5FE25F933D934B62D131A4AC08C7693,SA6236036036037727893926,,,
A5BCBCBE2D8AE8365C7B8FE1AD6E5A78,,,,
A593E502163D468EB1B614A2AF3CEFD2,,,,
A5E698499A6C5F288DF831D7C861EE5A,SA4493000098641225823000,,,
A523293110D76F88816D8E666869EC48,,,,
ACD1475C631981936969F1A7FA0A6BB4,SA0580207943836222121016,,,
3A74C75D175A60AD75CD,SA4215000007781432720001,,,
AC3BEDA5BBDE03BE2312EA0731893CDC,SA1980207650512222121016,,,
A53BA8942CA5A6E7D6ABB21D651C2E1A,SA7815134018961576424569,,,
A5359472C11CDE141445D0CC3770BCD1,SA2360100001682321282001,,,
A51F3B6E3CEAB58AB9C0374E60958D6A,,,,
A57CB4F1CB7AE72DC74469D0000F1B48,,,,
ACCE8341C1DCB5F7647C1D5929C658A1,,,,
AC82F58D7AD4A888D2E059B34C1D767E,SA7915000007781399100008,,,
AC4AA612D4FC817C0CCF4E28739B216E,SA7915000007781399100008,,,
A52578796D72E33E078D5DEBA364070C,,,,
A5B4BF8D6851E80C8073B09783626E60,SA5436036036080724763970,,,
AC4F82551C7EC724DACC8254B894816A,SA8360100000682330786001,,,
AC7E1DCD492C3F905D3AB0EED38A49DC,,,,
AC78769E2A757B10BB697DF3DF223EA6,,,,
3A92EF4195C86F4ED09E,SA3880208983590222121018,,,
3AE43FEDEB6EFBC976DA,SA0730100991107110835237,,,
3A635CF917854DF3B473,,,,
AC68019A2919E09012D79BBFDBB19637,SA2030100991100747941232,,,
A5050D2876613F6F680EC31FB2617DFF,,,,
3A696955BFB7DB55F53C,,,,
AC9A4377B9396439CB084206A040BEAB,SA3936036036011915226862,,,
AC05B21A7A7D9A7FDA696DA25A154742,,,,
AC36179CD4EA8A4B446C2932D5D4F560,SA3936036036011915226862,,,
AC596F068489269220ECA6B9CC7F860C,SA1636036036038021194333,,,
AC46ADF21D2C94F625B2B3663659A936,SA9736036036032410213228,,,
A522D9D390818B24EAFBC4FC5706F40B,,,,
ACC55E864B351481483497F2360A1328,SA3080207658229222121019,,,
A51323FD3932A2AB634DE28F3769D23D,,,,
3AA262D27AF7AC3769E0,SA5030100974017279346288,,,
ACBAC1F29D77E771CE32C294B4C1F92E,SA2110000011100153318400,,,
3ABE9C3CBFC5F44BB64E,,,,
AC125081E0C0C745013E5B5D6B66E09B,,,,
ACD4F3EE45729B25DA083C8190D16581,,,,
ACB882C4FEFA1E0767DE5C9BE4658142,SA6180205903728222121017,,,
A57346B87CEB11E551739DBC0DCE394B,SA9305000010011948902500,,,
ACFA27839F28A947F86BC62924E1FE12,,,,
A5CB13637CA4BDE11662020D0621E4A9,,,,
AC91CF572917EEDD9550ADBAFF442BC2,SA9430100974017278461438,,,
AC7107090FD179FE4A6E001FB8A4921F,SA2680000868608014141930,,,
A581A3FD86F73B39553FF25A8EB53F3C,SA5830100974017280095469,,,
A5921D9DA8F2E8E746EDC3BF54A0775E,,,,
ACE9B1DAE6F6F32E94DB66AE94251E54,SA7530100974017279467864,,,
A50D05DEAB90507361D15BDD1D648D40,SA3530100974017279176032,,,
AC2B14F0A6E4CDE9ADB32BE525AE2F94,,,,
AC379C047C5C2DD5DB54901678EDE7CF,,,,
AC687CFBBC66F983F5472B2BD92C8719,SA0236036036062716880776,,,
ACD5ED9FAADFB66AE7D1E46BB77CA4AC,,,,
AC8129CFAACFCC5794F19440B5B880AD,SA1936036036065292736713,,,
AC3017BD721A4E0CCF5E4A210AB78A8A,,,,
AC31BDBAA562DFBA4743D6ACF7887328,SA2036036036063824843649,,,
A59863384ED499CA0DECABA8C2771801,SA8715134018968953706348,,,
AC14223FC0EA0EBB189E764BEEC37F85,,,,
3A25AD0BC81FD2B0F34E,,,,
3AD57970FC369F2E6ADB,,,,
AC224D37D80662FE92C78310CA8B2DD4,,,,
ACC0793324D51363A927E092B70ACC86,SA2100200879992222121012,,,
AC47296969991D70BB35E33680E594C2,,,,
A5648FD7121BDD253D4D5FA1B0888954,,,,
3A02C0ABB87EDAA838D1,,,,
A53BC7345474B5276B2724C5A1B2053A,,,,
3A789EDA1E7D8A213B1E,,,,
AC459D5F45F52185CE879CF9C64A5646,SA9180208987950222121010,,,
AC33101583FC15CFA7CD1500D4EB57FD,SA7380000868608013998397,,,
A5B4656F8FC15984D4AB3B7DFCFDF38E,SA3780000422608016087736,,,
A5884860DC4592FBB3C241E6F5CBA54D,,,,
ACDB5CFFEDE49F69945E66CC8D447698,SA5960100001482330812001,,,
A510A20CB60354ABFEEE45BFB1E62E60,,,,
ACD89F322D4E4F05F5CABDB654929B87,SA7510000011100213513203,,,
ACD0D5F0AADF2A4484C98326D91E6299,,,,
A5B3AFAFE98538E03D88FF36BF6DA659,,,,
A520C58409111E423C684F7669550C38,,,,
AC320C38FF45BD9C9211A6B5837D4076,SA2080000306608016173867,,,
AC7B7DD637B10B38780A7B299554BD47,SA8380000347608010270561,,,
AC93F9C9370A38858D8B9553843E5E13,SA4280208976644222121012,,,
3A0A37F84A3578348EE7,SA3880208983590222121018,,,
3A0ECB2278A65470B6D5,,,,
A5083EB039F2120480821D6FC1F35A56,,,,
A58FBB51DF4B537C214F4597E4DC4F2D,,,,
3A540886C25AE81C0C02,SA3280208990095222121019,,,
A520B179EEE983E6553A23F1ABD387CE,,,,
3A6315252CAA531235AD,,,,
A519B79A59E6B953D4AC9C9AF7AE31AD,SA0680000694608016792203,,,
A5BCA57C10B310208D567A5A670A380A,SA5680000140608016213432,,,
A5A2EC8E1DE55CCC1F08615C714EEB4E,SA3580205293509222121019,,,
A5AC23457C6F945B53328046E6E6956B,SA4080000369608010467533,,,
A5323296A1145511F7DAFA464E157E2D,SA7810000011100208034007,,,
A5B7CFA92E55C6BF0B47FA8985F46872,SA0780000643608016168018,,,
A5C66399A7F3D8C442772B963B211645,SA3020000002264384549940,,,
A5C8A56A4EFD7A07ED2E4512F397F299,SA3020000002264384549940,,,
A542DD3DC24CC177584115C6B1090985,,,,
A53E743BB760974AE4D02ABB6676C475,,,,
3A6142817EA904FBB56A,,,,
A5C1CF3B6F24AA47BC5F75E7C0D54483,,,,
A58F4A5280E0084365F0336788D9F0B9,,,,
A581550E633920C5061AFB4C2207ECB3,,,,
A55A175E4B262AB8992407D031B09C31,,,,
A560D2F7EE5E21A7DF49022AD5BDE8CC,,,,
A51D3BEEDA6E186CF1B70BEAC7C80D7F,,,,
A507D6C786E467E6F610FAF46A10298E,,,,
A5EF53EE8EAA6E5F42D96DA6E00A754A,SA6880000618608016082616,,,
A5B9F249130F567ECD2F283FF79FEC4C,,,,
3A61BC112F1D6524459E,,,,
A5632462FD2F7879FD6534F4878E58A8,,,,
AC71299F204F2693759B9C09787EAA88,,,,
3A7EC957EAA8450C9D18,,,,
ACFAA1E1E360A3CCC8FC036811004DA8,,,,
AC98BFAEA1761F6D80F78541E66BAC1B,SA2130100675020067030016,,,
3A2E8CE7C1042FD666AF,,,,
ACE4B08841C1C418FDFCE477E4BAFEF3,SA3880208983590222121018,,,
ACB1038F9C8F4CE31A3E423349DB4AEF,,,,
AC4C507F2B8E743381A3EC84DFDA6339,SA3836036036025373859607,,,
ACD172193B014D9CB549F4839CF4CBA0,SA2710000011100083791602,,,
AC389AF77E44FAAEACC176166E10EF9C,SA1120000001421274509940,,,
AC510F3D288D1FC25B60B09F1220022A,SA0730100991109365682202,,,
AC3482301D55C509C4510B130A3A0411,,,,
ACE81D7E2E6420671E36528C26EBDA20,SA3880208983590222121018,,,
A59968E3B4AF357EA3A2023CD463B762,,,,
A5DC5C8DECA6ECC2CFA7F23FCB192072,,,,
A5529B443A100282058732E0A6F42DFE,,,,
A5C37F2400AC41328B9283E086C55907,SA8310000046800001213600,,,
A50AD28E6952AD8BEEB426A9987E830D,,,,
ACD90B7C50AD66FCEEC94D135C0C6015,SA3880208983590222121018,,,
3AF21B131EFA7740BE26,,,,
3A640EB4AF429A4F572E,SA0560100003882275353006,,,
3AFBE658E29245940937,SA6205000010011926339500,,,
3ADFB1004088DFD96DB3,SA3580000282000010006089,,,
A51922A8F67CC7756C50F37CE5F039A0,SA3980000857608112137175,,,
3A40CF26CE763AB282CF,SA9080207344916222121011,,,
3A465D6CCA217D0932F4,,,,
A5C84A6E092AEAF6AD2E668D2D069474,,,,
AC2EE73B90AF9D5ED9DBE3C934B1B74D,,,,
3AFE325FE0198501E7E9,,,,
3A41667552BBFD0C975E,,,,
A5049CB756A19FFB9BB1C92CCFEFBE86,,,,
ACF3C14C47D1A68CE6097225001DF713,SA1580208721203222121015,,,
A55E4FCEB4F9BBEA1B13940576987876,,,,
A520D7E6FD9CEB2312FA6BFACD62C187,,,,
A5A9B3683F0193678B121B77DE848F08,,,,
A5D73F0B0898738B359FA1B2972F97FE,SA0560100003882275353006,,,
3A2CA6FB0923AAA797CC,SA6130100974017280114621,,,
AC0085D23CC1FA187E9C8F551816FAA0,SA6136036036023779129917,,,
A50D66CD7A53747B90CD03533926A3E5,,,,
ACEC89CC9887D471B8CF5FE41ED66B26,SA2230100974017279540404,,,
AC64ACDA8B3B8BAFE04AB2B088904B99,,,,
AC3424AECBA1D8706447823795BC5987,SA5110000049600000603306,,,
3A5A86A86FDB75715426,SA8710000001400034819102,,,
3A7E8419CDD3CB35D1C1,,,,
AC16549F4FD1CE8737815C92D7445C88,SA8080208992586222121015,,,
AC0F2FCC4314D0FA33E6EE5C5F11CD2C,SA6078000000001154564922,,,
ACA45C4BBED93712CDCE7D4704863CA4,SA5780000856608015941419,,,
ACD7D2A72EF422966E549FA36BCCBF09,SA3580000865608019600884,,,
AC270E6B2CDF1DD815A82EFC83F1B6ED,SA6736036036037081975007,,,
A515D2ABEDCDAF227000524A44ED177B,SA1880000867608015426695,,,
ACB401FAB2B8D62C535039C5E155409D,SA7605000068207385635000,,,
AC948623990C17DE5E9F6516B6DF37B5,,,,
AC5659BC42F902550B073342A41D6D5E,SA2780000114608016257837,,,
ACB4FA927D19E129A98BA28547611863,,,,
ACFE7597B28E43AD1E5D17EE4AC4EDAD,,,,
ACFA06B615A9AF16E4F8D3FF3E0065A9,,,10717195,134
ACA0EAC8874CCF55042F50AB2466C0BF,SA3536036036086042608019,,,
AC5B4C7841F3C9AA77AC74B68C6E8429,SA9320000001243550439940,,,
A5E5B12E3235FBD788825B7AA3655190,,,,
A5FEF43C5302DBA19508F43D38ED75B4,,,,
A5B978714166E984DE8F6E7CFABC89B5,SA6245000000221706385001,,,
A5DE16DA85A911B9511950060811899E,,,,
ACCFCCD5C536010D77D4AB12901430E2,SA8336036036029855892498,,,
A51FCAE31BBE0B337FDB7E730C63AFA3,,,,
AC9B06EEA028C5C2833385FFD3A16C05,,,,
ACEDC09990E86ED5FA788C9E28CD74F9,SA8336036036029855892498,,,
A510350C4F50593E31EA69B312C66143,,,,
A5BD84A9C88F6927AE00BF80D1035B71,,,,
3A3D08ED1BD966BF1552,SA5905000010011952007500,,,
ACEAD0401B85981C4EB80D2E1B26D8D9,SA2605000068206467657000,,,
3AE8EC98F72106DD98CA,,,,
3A7323725355B40CDEC7,,,,
3AC007A2CD55B6643C35,,,,
A5B2651E2AA69AA0C9DEB86ABD39F4CE,,,,
A51008DF3F1EBE181263AF5987333DE9,,,,
AC427DF0064E63E20EF8A08B2D905AFD,SA8415000007781475740006,,,
3A0798B505B19615CDE9,SA2520000001063598369940,,,
A59047D8FA91918C49952816B410EB26,SA1880000867608015426695,,,
AC90A2BF9C3CF1EE904DC1EFFD8AFD9F,SA2710000011100083791602,,,
ACB7E803DE28721F2608A9A52D645675,,,,
A5917B86BA7933342430FEBEA79EE6C2,,,,
ACDB0793BE0B67C2D6E98B943D0E84BA,SA8630100991107820385226,,,
A57EAF6F7FE86D3E38140BCBDE905EB9,,,,
A5664D08EC551E84B764C389328FFE2C,,,,
A55362D352146E9FDA6ABFCFD38AFDC0,SA2115000007781476250002,,,
3A388EC1BAEBF0CAF194,SA4836036036040055183750,,,
A5807D8AD3770F24068B2517626F187E,,,,
AC168331B1CFE5E4F35CCED15B38E08E,SA2436036036071879391449,,,
AC618271D53A12E93F59BBE4EFFFAE90,SA2436036036071879391449,,,
A5A424A69AC694515B65DD141C887791,SA2436036036071879391449,,,
AC66DAEF5498D8CD7A0F41FA4EE5B3E4,,,,
AC03918D3E5D465EE8B8C8926DF374CC,SA9015000007781396940008,,,
AC96E892EF9D4F1B6272C06001B71BD3,SA6030100974017279688421,,,
A5CEE759ED2920A2874FC90A99B071CA,,,,
A5AE6B0FA941964455E8B5E46C77ECE1,,,,
AC6E9630BC01EB60A6F373DDE403C763,,,,
A5080F0C1636871FC237CA8D2AF2D287,SA7736036036023127682673,,,
AC42C3837AAE77D28E2D6CDB6C512D6E,,,,
AC2BEC59E45514D63F93425019B32959,SA8480000666608016321361,,,
AC9FC526FB2FFF4FA39564D2CF70AAE3,SA6110000026600001010609,,,
A508362F68FBC6B515C9B6A280680E5B,,,,
A54502920EC1AD3202544C71DDA7743E,,,,
A5D7CEF9286C091F4EC75CA2903472FC,,,,
AC32885F6702802F1DEC17284A79A21E,SA7180000694608016140551,,,
A5FFC1980C9C0ACE66BE0A59980FBAC2,,,,
A52292FF354EC41D9CC07F66ED46E91F,,,,
ACA0FA55BBCDCA7FAEF5F61BD0F3CF15,,,,
ACF5759012968489B6E5C29D2D484CD7,SA3730100974017280184602,,,
AC0460C0E86EDB3C71F741487A2341E1,SA9330400108039659820012,,,
AC3082E06971518D080F3B64065E1D58,,,,
AC2865C2FE0845290D729C3FFD9ACE41,,,,
A55ADFB73AB715A1BE3396043A408CFD,SA5315134018961495469692,,,
AC912E1805E6F66BCF4D6760AA3A1CEB,,,,
AC1EC43E3ED46F827634A54ECB2E83EE,,,,
AC352F311C47155F21D2A8A7D0DB44CC,SA6780208988593222121017,,,
ACBBBD2BB523BE28F9F88E52F5DD971D,SA3980201595850222121011,,,
A5F9C2D602FD9B386251D7105DD4EB19,SA3830100974017280497409,,,
A5A4F10AD0B461D2642F8CAE93315CCF,,,,
A5A662E190C5D86D9DB09A27157195DA,SA4730100974017280119626,,,
ACCF80FEF92F458AF627B54E44720C14,,,,
AC99FB7BE929177136F966D91F8CC008,,,,
A58D78728AF31A9F9C4DE1720FEA7AD4,,,,
A59AAEC28BB1A3B441BF1AC0BDD08878,,,,
ACE1C12421D5235BF50EE27BDD5F8981,SA6080208987604222121013,,,
A5ABF329D152EF0BFC69E5668683AEAC,,,,
A56ECDA884C07B3AE05C14DCE97E99E1,,,,
3A30D46315C1FA12B573,,,,
AC9481AC9B612ED46F34CE957C179155,,,,
A5B42C9E6315480AB4F22CD424E9D2B3,,,,
AC99F0AB1B3600682408754EEF840B4E,SA6480000599608010953211,,,
A5C573AE86634EC8990022257841F971,,,,
A573FCF4E16132928BEB3E5AB8BBCBBC,SA4736036036086705096463,,,
AC264AF3AF3C0417A1EAFB532D1B5A19,SA5993000069628344230000,,,
ACC15924351D8E03E66DD48BACB96AB5,,,,
AC9C69149058FB31AA7D019216FD4020,SA9110000031075088000100,,,
ACB5145E76CD420C8C406B15ADBD2EA6,SA2130100675020067030016,,,
AC5503E6369FF42C3D72CC632206F5B9,SA2380208997820222121013,,,
A558694A4590A82F5C6140C86EF5861C,,,,
A5373AD4F3AAE74EF2569A0E091CD477,,,,
A53F64468908218CBEF877CB4A3E2045,,,,
ACF0648699381338006246E05DC77679,,,,
AC6230934314634685448266BA2C929A,SA6030400108039647870012,,,
A5B078377B1FBDF1AE7905AF98D9D32E,SA4410000065500052039700,,,
A5D59B3BA81791CA05E3F100D9C7F575,,,,
ACA7639BBB595692C504BE4DE986971D,SA4180000221608016084231,,,
AC40255304890A268B66B72544BFC772,SA2080000249608016303787,,,
3A7ABD96278FA99D7604,,,,
3ADAF83DD935BCF12973,,,,
A58639595CAE92DEF81B520B80765800,,,,
A5C7C1E725B3A3B50DFC9D4D3A35A9CB,,,,
AC2DCF01E62AE5E3697D01319DECE6B4,,,,
ACB6FC6DCDD2033D2070DB8D4FA2FA4C,,,,
AC174EF64F8D1007405939DF9711F30A,SA2236036036048254205830,,,
3AA7FC2AAA2DE244EB36,,,,
AC57CB2719152E3BF48CB8C916C36996,,,,
ACB3C964207367DF6D77CEC740737E9B,,,,
AC980AA81A53EF8AB013D5E127626D65,SA0605000068206814444000,,,
AC3441946580B237DCD0B73884D289F6,,,,
A5B35549CAFE6290CEF3C40C9B975280,SA3436036036013560751442,,,
AC7318764084BE2DD767B5221E90807A,,,,
3A04B00306BD9CEB1ADF,,,,
3A52961FFE26FC4D592D,,,,
AC12EC17A7E7D935D14B7E1C8096B1EC,SA7880000276608010119292,,,
3AD858AA4B93AEF99531,,,,
AC62349AC8D7108BEF572DB8F27B5C5F,SA0980000857608016013043,,,
A539C0F26975A89D9A1C4EF2ABADE25E,,,,
A5D0A8C47AE98123845A9551525B4B46,,,,
ACE1B4436E6D88BE8318E94D2D1CCBDC,,,,
ACCE7BD3864637C06732BA4D3A15748A,,,,
A5E94CEA822120C4155238ECC495A756,,,,
3ABC691C3D9E1B1A8D83,,,,
AC26CC7383C9C44E27DA1B8E8E9B368E,SA6505000010011953342500,,,
AC6D045FB2C0780D5BCB9D5F502CBAFE,SA2005000010011953563500,,,
3A88CC0877AD3A149076,,,,
3A16DC221CAB9E6E2BF4,,,,
3A45D035BF730690D2EF,SA4180000858608019100994,,,
3A43CC465AFE5F9EF446,,,,
3A9C3A431BB34AEADECE,SA4080000867608016678278,,,
3A2FA6C4B5B8BDD551AE,,,,
AC92AFBCDD7FF070F508C65C0950EA05,,,2126311675,
A56890B7277834F8F0D6C250901D891E,SA1380000621608016111683,,,
ACC698E84E94A8E04CF91AA89B116386,SA3515134018969677755054,,,
AC6F40864AC3D49F186AAD6DC21CBA45,,,,
ACFD19801CFE8CA9E644FEDB3C35F870,SA4436036036010130602730,,,
A50C198C6D68F7A108AA997CF2970393,,,,
A5A20AEAE705EA5C60E539107AF21DC4,,,,
3A8067FCFF904ADBBD48,SA3515134018969677755384,,,
AC6F342AB4A648D6021904F79C573048,SA6205000010011953111500,,,
AC6D6A53F1368EA9694F42FDBB8985F3,SA0636036036008125597312,,,
ACBCC9FA09CA344AAC6C54777C40E9AF,SA5715000007781507430004,,,
A5A6424352F723238FE79C229A8A20EF,,,,
AC1921E8D9BFF2BB2B636228781FA28F,SA7405000010011950252500,,,
ACC646BE5821908B98276AD393E571A7,,,,
A5ED5A436D2C45861E5BF6CA2F1FF3C4,,,,
AC9D18713AB4261E44A8A0D441DC4E40,,,,
A561C4EE105BB50EDB1E0C14C747397C,,,,
A5051678CD2AFE43788563DBADAD7A3F,SA3515134018969677755054,,,
A5D4D54376FA22A32D42B1662FF40192,,,,
AC8FF071F30D8BB2E3EF30084CEC1473,SA7130100974017278211204,,,
AC9C823734F23ADE817CE5F146C7F5FB,,,,
AC2544575B1B6D78BB312CC646B4894E,SA0436036036014498283560,,,
ACDE5DD63F4EAD1A68B47CD2DF0B0D1F,,,,
ACA1578BE89E6DA9A89BE9B7741F70FC,SA2480208995363222121016,,,
ACE39ED1F9CFDDCE9876926D41CE81D2,SA2760100000682331421001,,,
AC27DB6ADD7040FDFCCE4C0DF2ABBAA1,,,,
ACA4B853E61AD69C061E3C9EC137A036,SA9005000010011952745500,,,
AC2CA9ED056277C0EADFF75FB7E19681,SA8293000035650072053000,,,
A5F842DD8B8D194F627E541AB48659DB,,,,
AC98665D5A3F5D02023F0B306D200E51,SA0910000007100000570103,,,
A540F4F7B43AEA8BE0657B16E5D9A30D,,,,
3A36E32976AE99C4C240,,,,
A549CD494782899E5F401CF134055676,,,,
3A95A018C504DBCFF4FD,,,,
3AFCF07D3640ED887CB6,,,,
ACBBB87624863B86512AC6855FE74B88,SA7380000132608016278419,,,
ACCF7E5106A1B5CA7051F645A28B00DD,,,,
AC05A4F0F2886B2F7835DA094742F449,SA0980000857608016013043,,,
ACEEBD9EF519AFAA7ACE81E37EF38842,SA5980000330608016011430,,,
AC53BDAD6AED1DBBD9D2A7A7B1D0CE6C,SA5980000330608016011430,,,
AC017981829090BB2430F5856F1CD704,SA3805000068205452991000,,,
ACFEA3E3B0257F10287CC93762BC5694,SA6780000859608012745133,,,
AC1B849D3693CCEFA96D4F96A74AA9B3,SA4610000046458391000103,,,
AC6AC926DB7B587DCC0D08066BCBEDDE,SA1015000604146219080002,,,
ACCB1C784EAA282F43CAFA86BB2280F0,SA5705012000000110703590,,,
AC4915900FE9549C6B41157AA01862B2,SA9705000068207388610000,,,
A5298ABE799F7D842DEE11AB6FF29860,SA6530400108037923860016,,,
A576B038750CB8BCDEAD27502B2000F1,,,,
A5A9176F7F5C8476DCC82BE7E4622480,SA8030100991103671966449,,,
A5246F0392BAE67E7211F19AC78901D1,,,,
3A6AB00BE80444BF3842,,,,
A53226AB2AD8CA1BC5F32CED5C3ABCD3,,,,
A563841F2972A5F7962CC757C72B0C54,,,,
ACD2381C7A05FD12F7A882AEAF73391C,SA0910000007100000570103,,,
AC5095FB135A86D1B6420855783D5AD1,SA6536036036002046464727,,,
AC3DF6071EF75D6FDB85106AA153BD10,SA0405000068207317720000,,,
AC337458B03BE8FEC16F0B733A2E626B,SA1080000865608015740346,,,
ACBF1AAC2DD3512A2A63980AB02615AF,SA5980000330608016011430,,,
AC0FBFF404EB34BDBB49E16EC4413054,SA4136036036018512454070,,,
ACD9FE3D60ACFB16F3B51CB0A479D60A,SA0000000000000690344001,,,
AC16B3D8BA44BB0EEC205BF499C9794A,SA3236036036043355430073,,,
ACE07208ECDD9C753364671E6DEF414B,,,,
AC831D23E61B40697CE237B7573CC15F,SA4715134018968635873473,,,
AC0532315D09EEE4ABEA9B11E726795C,,,,
A5A39A55FE4AD7CE1640C90198382B70,SA1836036036056246568044,,,
A515AD3780A2D317478144B277E579E0,,,,
ACCA839B7F76B6233181B38BEA77CD77,SA4930100974017280710805,,,
3ADCC054153B94AC7C1C,SA5515000007563300360009,,,
ACF6EAB9576D2A8991AE0E1715CDFA9F,,,,
ACDB1193FDE9C251E12BAD7A3FF1FA2B,,,,
A593D28CA260438CB9CEDABFE30468B1,,,,
A5B743552C09DCAD14C0D86DFE3972E3,SA2220000002705014969940,,,
A582B68B5326A30D81F71FF1CC9A587A,SA8236036036023202999397,,,
A5F74662A15D7703E85F33E4A2A0333B,SA1010000032253433000109,,,
A5DAEA8C780CFFE67876C45BDB1135F7,SA8110000011100383990110,,,
A5BB721D726FABB07694EDC6ECAD3AE6,SA1680000109608017198409,,,
A580F2076D605E75DAD28CF2EE133BFB,SA7580000866608015927694,,,
A5A3216B76C510083E1A0489B1F8E304,SA0680000513608016025447,,,
A5F315D6D27929E1903BD1909120686E,SA5080000856608012166887,,,
A56691C2B7526663F28B38B762831F9B,SA8805000068204601689000,,,
A50457DD740F96FFF6F5B4E3054A05EC,SA8980000159608019050011,,,
3AB9090B60689CBF8791,SA7278000000001298362356,,,
AC14E83F8D3AD479382874441F84E928,SA3380000282608015412413,,,
3A94CE58C7068761E9B8,,,,
ACDB0AA3D704EDC669E0CF90E6461C1D,SA0380000514608010681236,,,
AC08001EC50B92F31A45642FEE9F6A07,SA6380000331608010854206,,,
A502656C456B405BE86CE0F0C8A6640E,,,,
A57650E44F4684069A1B696A1AB9C1FD,,,,
A53EFADECCC6F7291880DB55BDEEB068,,,,
AC33D2FD50F71C19C5908A2B1202CFA5,SA3330100974017280424652,,,
AC318B5C9C8E37D78CB0C9BF6BE25CF4,,,,
A599ACBBD78F900A4D76459634411561,,,,
A5263557FF30865B2F142A059CCA402D,,,,
A559730FB4E144CFD9DBBFDA7665C59E,,,,
A5146AC65B0149080B12B2D99B3E3FFF,SA6030100974017280055081,,,
A5D10C61B418C04DD8CA33211A21BC68,SA4930100974017280710805,,,
3A786947928EB63E9EC2,,,,
ACEA0FF94AE80C4B9F529549F5E2440F,SA3560100000682331455001,,,
ACD7609EC5263FC21E78F739CD8E2755,,,,
A5671F7F2033A5B1CE1528521ABA75B5,,,,
AC055FC0BA1A69CAC70D78F3F78E9623,,,,
ACA3F125A3C7EEF75CBBC9F168E8A8A7,SA4780209003941222121017,,,
AC1054559191B29A6AE32A46186440E0,SA7160100001082237388001,,,
A5B6E19B55D2CB3EE50D90DC29F1EA7D,,,,
A532D3E38998F9C07A18A7068782D8CA,,,,
A59A59EAEC82CC1015C79F22290B953E,,,,
3A95BFDFC442D64E2A6D,,,,
A5F20AA0674647AE7C9ACEBEEA37B0D6,,,,
A5BA8EF7FFD2E73854761E01A5B2CB25,,,,
3AAEB8A276C7ACC54BA5,SA4630100974017280902822,,,
3A7A28ECCB0A20F602ED,,,,
AC6B2420BCF7F26251C8526D28482838,SA0980000177608016425537,,,
AC92476345FBD77EE85F7E29E8A3BFC4,SA0380000514608010681236,,,
AC76832190EE175A48A176ED169F0212,SA5230100991100484496028,,,
A50DCC4832A1F63476C9D0CA2EE244EC,SA9480000991608017553224,,,
ACCF3EAE7AA62BE73988CDEB4882DA96,SA0936036036009361431190,,,
AC5DDAC2BB36DFBBF77AE00CED24EFC6,SA7110000010100004963907,,,
AC8C54351B5AA4B0AD2E4EE271D00C51,,,,
AC9643A01F42A70E91FFF384E80112E0,SA4136036036018512454070,,,
AC7E80898C4998D43F5E9649C1D3C381,,,,
AC6F69EDC6B4E4D632C3426A82D7DBFE,SA0480000129608016890523,,,
AC2629666E871F66B28D6DC52B837EF0,SA6536036036002046464727,,,
ACA80C2B4B3D861918CF433D5FA07A06,,,,
A5C8CC037176B024A71BE981DCEE9836,,,,
A5E09761A062EDA64D842B787189B505,,,,
3A139E33BC2EEB32484B,,,,
ACBD67D85071DAC9A26D9E8C5E2F59B4,SA9336036036039236789381,,,
ACD1AD7FD8B95A3D064E9DE04E829EDB,SA2736036036047713886155,,,
3A8D15BCB240C5D60EBD,,,,
AC5D577691563D3166F4D05686721739,,,,
ACDFE520C759027589DE0FE337D263FE,,,,
AC689AAD8BC65EAD2A80490821068081,SA7305000068207368623000,,,
ACAF448E611CD07C8D85F03F1F54E51C,,,,
3A93D16BF68A451AB31D,,,,
3A54614CD9ED2355DCCA,,,,
3A2211039ED604543145,,,,
AC5D702A8A6E9132918D63AD75742A89,SA3880000154608016202289,,,
AC359248973DCC6B25806D0DEBB80D63,,,,
A5D85608A1B71CB753297622A9B445AF,SA1678000000001294911328,,,
A50F363381529ABF41C844B0EABC7C77,,,,
A564805316752481DA51704740E49489,SA5530100974017280918665,,,
A5E9C0DF96ADDCFB9FE9B57DF918610D,,,,
AC01EE53F34E38E076387B64AA5ED26A,SA9590000000029901811569,,,
A5E883C1BD6438DB5D439966D56D37BA,,,,
A5DDC9FFBE199D4C6A9346FE15CF6F70,,,,
AC3E615F0BA3C1DA24383A9D64B013B8,SA7636036036036888347422,,,
ACD5EE83333CE8B33B1E5204AC35412F,SA0580202456121222121013,,,
AC6D0B02ABE4BD955A3419EFD02F71CE,,,,
AC9CB869C6B4715BD727E773D60F56EB,,,10711218|10711217,134
AC11769E88761B3822AC7FF894B4058C,,,,
AC9D8194AB6F1E5F1F64ECD2E6354038,SA9320000001243550439940,,,
3A9E1AD8B1A55F85FAF2,,,,
3A469974FE166B4E095F,,,,
ACE4D6483A9E76C44870297545B482A5,,,,
AC448F478008A6289A98F0E1749A5C86,,,,
A5E49324D11A1A8DDFB7635F61B98928,SA8180207945228222121014,,,
AC3746FECD5962AC39266B0D1065933D,SA2130100675020067030016,,,
AC54E3353C68A7763FB4287D1E31FD41,SA9180208891743222121014,,,
A56947383938DF4F1FED543124AE2A12,SA9180208891743222121014,,,
AC1AFA06A3EB6E838BE09CA1BE6E88EF,SA2280000246608016137352,,,
A5F105C5AB55BB8AB7020543F11832B3,,,,
A5312840C090BEB799BB977143728674,,,,
ACD6D3A02DC95D9E99F44BC4DF6B938B,SA5880208982467222121010,,,
A53E7A7AB1A98D45036C91543633EBBB,,,,
A5AD73CC849CD8D483A39CB2D4BD47C4,,,,
ACD5E0FF1B81EA87DD9B66F806E6E1A1,,,,
A56373BFB14EAD2EB4E84FAADD60E464,SA1815000007781539030008,,,
ACB86026D82F6CBC9981C49F10533849,,,,
A52FC5712C6C6D3A20F5800AE84212D7,,,,
A58C7CBD10B06F4CA74B5876CBA09272,,,,
AC4047F8686EF0085993761E5F87F10B,,,,
A5F9C15C26B4574FE70ECCF6B30BC01C,,,,
ACBA9E1C427DC9C1E9ABE621FBAA67B4,SA6180000154608016202263,,,
ACF2BEB619306254DD2EB53BDB822473,SA5080000210608016606382,,,
AC61EDB54FBBD20910E557C21906ECCB,SA5580000282608018578970,,,
3ACCDCDCA823D9561B62,,,,
A5FF0CD3C184D88E19220C1DAC284D1A,,,,
A53D301FCA083CCD9E2A2628E2603D9C,SA7360100000682334381001,,,
A5AA34184228ABDD57FB61789108D441,,,,
ACD3836E4D995EBCE3D8427E6433C45A,SA0305000010011934988500,,,
A51F1AC803F4589A5223A0023F9D9FA4,,,,
A5EFD598F4D8EAEFB033FBBB08BF6477,,,,
A5639A7D63A3FD11DA006D893A187292,SA7278000000001139131618,,,
A56324A1BAB3F12E5A5BF552EB7ABBD3,,,,
A56782E413EB1C6FF1391BEEEFCD611F,,,,
A5EC4026489EB48F39086B080A48F8C5,,,,
AC7063F66D557AEBC357BF07BB58369A,SA7130100974017280931666,,,
A50426A9110E1C1E780084C4B915C9F5,SA7730100974017280436082,,,
AC722F3816DC5020E11DEC64D7C81B57,SA9515000900146957860001,,,
3A1A8EF6CE4226E2BA5D,,,,
AC7970AA7907D4B067A27A77D22297A9,SA6980000335608016397545,,,
AC9A2230BABA4AE13C2415A32A209137,SA1015000604146219080002,,,
3A28314BFFA6EE27CC18,,,,
A569E636449EAFCF1625F4BFDCB6BB4E,,,,
AC510AC57BEA6299C8A0F1A72D105637,SA5280000260608016096633,,,
A5185714A997F9E5E3ED1B2F2FD4A145,,,,
ACC24C730613A016E08819FDB246CB7D,SA1080000676608010008269,,,
ACFA61C81FE25BC9CF343EC085218B84,SA8080000502608010064403,,,
AC0525008F92610A912F4103B60E6053,SA1080000676608010008269,,,
AC586111D08004BCEC68582794B663A4,,,,
AC59FD363FE72E071E179300566FDDA1,SA4580000868608010244613,,,
A5167DD686FCEFDAFB569A853FDF2718,,,,
A5D04155810793300F89B4B10F1126B9,SA3820000004163483369940,,,
A5253586F79440834E03FFC414396A72,,,,
A567E743A48FD8A1B269235FC8FE131C,,,,
A5BCEF66022D9944FC6C49E58EFB37D0,,,,
A58FB30EF57ABB7CCF239F58B6B92EC8,,,,
ACBB50258F520F8CD464ADE2B63C39EA,SA1380000621608016111683,,,
A5D66C67D7007C63AD025267361BD772,,,,
3A87635933080D046885,,,,
AC8E87FF5D11BEF939E4CE63540A77F0,SA7680000351608016168960,,,
AC19508EE4BFF945E5F4E6472E3A177A,,,,
AC7CA34DE94209FB8FEA75AC44DF1711,SA2305000010011954861500,,,
3A419757039004AB1FAD,,,,
AC13D600F1040AD96337C04E00631DCC,SA5230100974017280793880,,,
A526FF0B2F79C23F8C12C8D7D9D24D35,,,,
A595F89400436E5E8E4524E09A17924B,,,,
AC8F82010591CC60496EADA835181FD1,SA1580000859608019884687,,,
AC91257233148045E9FC2EACC7BFC9C6,,,,
A5F7A123949CA0FFC0E7ECECE8E28E52,,,,
A5228E3B46403A8630EDE97D8331D81F,,,,
3A9DE4F7CCFC9D336C61,SA1580000859608019884687,,,
3A36057B7BB614EBA291,,,,
AC028300E8B1E097455D34FF13287C5F,SA1580000512608016193824,,,
AC2F65BE6FE20111E74D4D5D46A2E389,SA3380000562608016280240,,,
ACD6AD933DF4D4AAA7BB84FC47C4C0A7,,,,
A5F0E7373363E784E65BCCF8130202DE,SA5805000010011931754500,,,
A529A6E634D36E50F67169212A15E9ED,,,,
AC2569F7897C62538C823A4C9E901BB1,SA6715000007781567800005,,,
ACE5697350831F448487D473276AEF90,SA6780000163608010213992,,,
AC4C264C2D762ABEFB2A563B9029938C,,,,
A58EDEDA5055CA0CA0D12A15829F3B69,SA3515000900147002710001,,,
A51198AD07A4B72DDC78BD8BD13642C2,,,,
ACE89F764882ED20F698CC76B07FB963,SA4380000868608014796567,,,
A5242EFF563D9D775A2B633C48785766,,,,
3A3E9215DA39B950CBCD,SA0830100974017281352422,,,
AC58E8CCE0BC7F0BC756A19AB3FCFA3B,SA0680000857608010843676,,,
A57E0BBA755B66DB43A808F456BE4CF9,,,,
AC1511E5A7AEDE265CE005B386C1EF88,SA4380000868608014796568,,,
3A8BF9EEFC9080A2BA3B,SA4280000858608014421502,,,
AC5ABF1200AB4906EB51C8277CA3B01F,SA8830100974017280987814,,,
AC7AE9BD7755AEA63384133D5E83318A,SA9230100974017281168647,,,
AC56CF236903A755F01B71C153A10B52,SA9230100974017281168647|SA0830100974017280971406,,,
AC91E78D9E89BF552AEBD0238F79DFB8,SA0830100974017280971406,,,
AC247C0907E0537E51DEE41041316F7F,SA8460100001482334483001,,,
AC8801FD8A1F6C5F67D830E24C24C7E3,,,,
AC810A183BB404B2C63E87A3DA7DCC1F,SA8830100974017280987814,,,
AC1D953EB58C923D12600B10EC700EDF,SA3410000011100514971705,,,
AC2BEBAD67C2057C9C7E94BDC0E7CCE7,,,,
AC61DFB8F3F75423F193B4E63FFB6265,,,,
ACF08EA669F1A89055941CF33423FEC7,SA8830100974017280987814,,,
AC7D3C6DC98EE05616D4D20A1413B037,SA8830100974017280987814,,,
AC5AEBDC9EF767616D462014145B460B,SA6710000064100001688208,,,
ACD69803A7CC858CDB9F871C6835796D,,,,
ACAB8FA46B8B8B11C821C7798E9F6DC9,,,,
AC1C5FED2A3DB1EF235D59DB5E7D0209,,,,
AC629552B9D9CA57D26FE9D70DE739DF,SA9615000007781561400005,,,
ACCED1D8E69CBF7B814D08F58EFD2BF5,,,,
ACA3255600E242E9BBFD8A5071F3BBAF,,,,
ACD69EE026738925E34A7B03D9FA8517,SA1515000007781568090001,,,
AC2D61BE1A389FA9480D1DFF0A289F88,SA4130100974017281152202,,,
3AC5D4975514F5F740CE,SA9530100974017273267846,,,
AC2CD2664708742515B2BD8D8A4881F9,SA9080000567608016090008,,,
AC136D9FCBEF4F9F63CF14DFEA0CE1F5,SA7230100974017281363880,,,
AC6CF9CC161D0CBDEDC4E19A7264F940,,,,
ACA8ABA952B2D49487BF9E7F759AE329,SA9880000119608019040888,,,
A5F25FFCED977EE7B22AF035E0C6FF0A,,,,
ACD174673C04E5147C6DEF19908DCE86,SA9180000154608016202305,,,
AC3C191392F791182A68D23CC89EAD3C,,,,
A50635D52A711099456E0C49FA39A79B,,,,
A5D1163000FB82DCC707AB8F83DDA985,SA1410000065500051863506,,,
ACB1A15DC4B195B73A201E9668236D7B,,,,
A58C62BD4B4C0036E743E230BA0C64A3,,,,
A591D581960884360A495F8A5BB1208B,,,,
A53C2B594497C700487D6A8B3033458A,,,,
A5EC89E1C37519EA133B44A194E39C6D,,,,
ACE4F8ACBBBD01899BB4A2D6956B8EF2,SA2530100991103911885105,,,
AC1F92DD1694449D0EA1126C11E033C3,,,,
ACB51EF5AC85BA5D07FA8A48C678BC43,,,,
3A1DE16DB1034F68BA88,SA3845000000076395821001,,,
3AEDEB6B1F602FC8D7DB,SA7230100974017281363880,,,
ACB9F840F91B7D5EE0E01979F8749FFD,SA0736036036035792184935,,,
ACE4420AC5F9898A87023E71ABF35A70,SA6030100974017281001801,,,
AC103E35EADFDCF27824BE31D5A69100,SA8580208031282222121014,,,
ACBCFA8B013458820B647B7160473F97,,,,
A5B7324D6C5523C23A9DCF1EBADC1187,,,,
AC7B3599AFEF2ED950888732F13AE2FA,SA9530100974017278590624,,,
AC57CE0BFF3D5B8DF0FBF786A843F086,SA1830100974017280725816,,,
3A732FF38C50763E16D1,SA9480000858608010440753,,,
3A2618EFCB7F4114C237,SA9480000858608010440753,,,
A58FABA6EA194CF8D889AA79DA48699C,,,,
AC9BD32CF891B1ED2B5344C0CC096D8B,SA6093000054979468036000,,,
3AAEE457657CFB20534F,SA2115134018967220091526,,,
3A79B3AB03A96EE316AF,SA6030100974017281001801,,,
A56B0FAB24AA7160E574E6DF61B3B8BC,,,,
3AB9FB9959939E0AD1D0,SA8805000010011955889500,,,
A5C5C764821E9DEFD24E7ECE54477B9C,,,,
3AEB2CEDBD47E6335B3A,,,,
3A40B996FDA97BC2629E,,,,
ACA5031A4B6D217C3803A0E3E624D48B,SA1080000315608016068546,,,
3AA3E6E5F847260FBDE4,,,,
3ACFEBEF81862FEE23C2,,,,
3AFB0EDF4EA7210811A0,,,,
3AC5657E8974769EC7ED,,,,
3A51FA67B848294AC470,,,,
3A87DC40225865F0C7A6,,,,
A50E1345C6C78CC2DD4088F093CEB162,SA6730100991104980875662,,,
A5AC6075FCB526546C51753B44EF5B3D,,,,
3A57178FF0A3DDBDED2C,SA1830100974017280725816,,,
A55426DC1BA1B5E9A8BA1EA08F525AF4,SA2430100991104755301675,,,
A598CF7AE3E76D077F430F58E6B165AA,,,,
A5DE0B356058D992BBD6E09677513A05,,,,
3A3D37990BD33D09678A,,,,
3A056A87CEDB4EE1DB16,,,,
AC91AA6F5089D313E1FF2C7F829D28C5,SA8880000350608019329636,,,
AC456EA41C65200B9B4E78B58B9C9A88,SA4730100991101208866219,,,
AC1DDAEDEAF242EEF07B45007A950DC2,,,,
A54D1F819EB2D80CA209F927C0324C46,,,,
3AC5AC20B488D40B5AD9,,,,
3A77ED915322817A3C9C,,,,
A51D4E1C42C04F515402DD1C5E319790,SA9030100974017280997866,,,
ACEE36A87B26A51FD220D5A84BCC63F0,SA6280000996608014362541,,,
AC7412DC2D7B26E018063800F566851E,,,,
ACACB7F3F0B3567F6E146EF124C9AE37,SA8880000350608019329636,,,
AC3F272626CA817851DD67F695EE96D2,SA4680000996608011367469,,,
3AD2D6E0FB347F06E4ED,,,,
3A805A11DA7F681D697F,,,,
3AB500D917BFF6E7561A,,,,
A592F5DFC95CCB531587CB60606D43ED,SA9780000343608016175578,,,
3A1745CCCF8DCCBE3970,,,,
3AC0B6C0023002B63FFE,,,,
ACEF0D557F32C67D2EADCF3AF29865FA,SA5610000056000002216103,,,
A5232F5B5512F98AAADCFDE0202BE8A8,SA7710000022500000438808,,,
A5495D40DFB7312D99A1E26C2C159039,SA6530100974017280928088,,,
ACCB417B35FCCF1BB359F147FE3108A8,SA3993000067479536804000,,,
ACBDD2F80BF1421340EBA77A290B26ED,,,,
3AD6F45A5A000F521BB3,,,,
A54390C87FABD8E7E8B7D95652D9310D,SA7730100974017280436086,,,
A58892A533E75112EF874329D7CDBE9B,SA2960100020482334646001,,,
ACB613800C05439956B85F79C96A92A0,,,,
AC0FACA170B3BB55FF89EFA2F14889A7,SA8336036036065931475711,,,
AC7C707B7A0600C94F3672D54C99EDD5,SA2805000010011956410500,,,
AC2C2EA1B3257CEB4F9EDC4CA3933ADB,,,,
A51217D77DE53717CD17B882859EC541,SA9036036036093750682153,,,
AC37A3C2FFA707C784F16624BFE70ECF,SA2180000660608016229578,,,
ACF6279C0453F3A2F8358F404B66F75E,SA2030100974017281043649,,,
3A1733BDA7F5E96EFF15,,,,
ACD016AD65D85BE1BAA92897D9FB28C8,,,,
AC6D21CC3D83129C9CF1BC5748FA7607,SA7936036036051095309778,,,
A5BF943DEBCE5FDA770A76408986DC02,SA2960100020482334646001,,,
A5DD15A659217BECB67796C5F02945F0,SA0815134018965506349110,,,
ACF873767556AB5AA9E4E99B55653F36,,,,
ACE9386AF1E1F233AB2969B493BB5363,,,,
3A46542681DF7E69A1DB,SA6430100974017281196020,,,
3A265A7B2E35E0CEF2B6,SA4730100991105452102992,,,
3A2E2B4E0873AE82B863,,,,
3A2DBDBEB2DC5BEC7DF7,SA6978000000001082379785,,,
AC32CA698E4289D0BF8E7BB12B844C1C,SA0680000856608017718310,,,
A5CBF90B47F04B5B6A40A46D2F523661,SA2215134018965230684364,,,
AC5BA290E79C86F8309FA0D9A01CCD12,,,,
A572E5FE8519A68DC0AD64D3B3D880CC,SA6780000859608011699182,,,
AC902C22C51FF77AB5A6882E0A2F40F2,,,,
3ABDC091B9240BAB1526,,,,
3AFF6BBE3EFE6340B6B0,,,,
ACA8554F15965AC0881B64DB2F20ACE6,SA7260100000682335371001,,,
ACAE1BDD1413D2AD59DAA9220BBC4462,,,,
3A05845004BBBBBD898F,SA6980000154608016202313,,,
3A87A48F7D639F224287,,,,
AC4CD710C8D606A2B375F6AF28C247CF,SA6305000010011956777500,,,
ACEE897C2DDE73B4F4AA5F63D4C0239F,,,,
ACB7A5771F78189E366EFD3B64DCCB3D,SA5610000056000002216103,,,
ACE59822C11E78333A96B6F4EBEC2401,,,,
A5B249F6FD1C55FEEC9C1FD437518579,,,,
ACC30414A0E76978D46F3845C805E740,SA5380000119608016989566,,,
AC968C662C5862852D879665D5018267,SA4380000439608010092469,,,
AC5B6789B077FE5013B9295914F23555,SA8830100991107870902596,,,
ACD0BC0BC3C6F57B46F6D180AF3ACF33,SA2278000000001289817944,,,
AC88A8F21A4FF087D893E2B6C83D5AEC,,,,
A52E64EDB595805326B99C60527236E5,SA7115000007781595740007,,,
ACA856550C3AF4BCC3A9A8D79E04509C,,,,
ACCC6FD7E778E590365220035C75DEAB,SA3136036036062247327310,,,
AC51B7D7EF1782781C94CA3A0F86071F,SA5930100974017281314644,,,
ACDD066386373B3D40B1CDDE0FFC4162,SA8630100991106480927843,,,
AC6DDB777D7C3F095D6E33A8B212A9BC,SA9080000858608012916362,,,
3AA9CF2402C7D651F858,,,,
3A48CAF4D596B8332192,,,,
ACBBEF4B3877901614560D3965D30C17,SA8915134018961871118034,,,
ACF0A583B35401624BCB3D325DE8C3DF,,,,
3A51E74327ADCE0A7233,,,,
A50421D937A2F676CC98D4522D35E64A,,,,
AC792103CD2102D73A59606BB40D7626,SA4080000286608016164225,,,
A548475F0C6B51220661082B3AE8CCBC,,,,
AC1FF8F6C1D141C72DD785C94505B4AA,,,,
AC5630D0CBF15D6ACAFBE1A21B54FADB,,,,
3AAE665B5ECE380CDB8E,SA1215000007781538290006,,,
A52E2B14BE27C2543851D32FA799DA08,SA0980203058215222121013,,,
A50B91DBBC7BBDEDBADD587F762D6947,,,,
3A3DD2189DCFA2687870,SA5460100000682335246001,,,
A54F0EED18DABA6E18720CAE89A96FB1,,,,
3AC714AD439632729E23,,,,
3ADD486E73E4559D55EB,SA1680000866608018261703,,,
A5B15B54899653959FFCD1AB2DAD8E7B,SA2280000177608016425594,,,
ACF88A3BF4BD9EC0991768FE269EB804,SA1680000866608018261703,,,
ACBEA3AE67343C9EC7C592F31B9FE794,,,,
A57DB568A04A86E82A76A60AA3394269,,,,
A5E99D651DC60CCE5CF521A79B5FDCDA,,,,
A5FD1B9F73C98267DC574191622E8F4B,,,,
A5CDEC5B68C9AC06F055E255BB2D7C31,,,,
A5B29548E8D485DAEA5809FF0E602A0C,,,,
A5281C004731BA6855964AAED537DE32,SA3230100675020619710016,,,
A510658DF6B75CCE6C98B6B15F3A2032,SA0230100974017281374646,,,
A5CAB2F83BDB6648B3C4F040A15A1EDD,SA4993000079298670869000,,,
A53F6CBC48E8D8116D160E88A9C36CEB,,,,
3A0E8E0F89AD6284178C,,,,
A5F9E49E8C143E9F8F0A5C785D83C729,SA3993000067479536804000,,,
A51F31FF548519E0EB8430692E103570,SA5310000016200001048909,,,
A5EB795F0C3DA5590C0B678491E62653,,,,
A5132657AC22B06CA774BC3AB55907E2,SA9430100974017281007203,,,
A50C273ADB009879847F31505D5158BE,SA2530100974017281081001,,,
AC3ED3C713123054CCAC99CF64DDDF48,SA0230100974017281374646,,,
A56711ABFF2CB84764AA94F86DA66314,,,,
A5BE4E475D8ED5FC99E90FFD8751D514,,,,
3AD681A9F78ADE7A8A90,SA4993000079298670869000,,,
3A1B1D6558A946B44669,,,,
ACBBC1928D01896B3778712DA030DA23,SA9430100974017281007203,,,
A5260A06033D7397610515D51AB8B245,SA6305000010011956777500,,,
A5F8169DE1F42F28112CA8700C3DCAFF,,,,
A5474EA9125EABFE2AD69E6756D1881E,,,,
3A962AD1132BB7CD0DE0,,,,
A5927B5D2D04E2DB4DD62F673264A0D6,SA6615000007780955750005,,,
A55A25E439917F93F4A392842C6B3FB4,,,,
3AC4448BB31B6D9B9F87,,,,
A5904E4F4325239F4A8606473ED1B12F,,,,
A5BE5C6F444A3A5E9054099B2FB2706B,,,,
3AAB4CB92961251B8C6E,SA8110000011100273251806,,,
3A1EA7B46C1B8727D529,,,,
ACD188E6DCC9D5C8676A76B684D93324,,,,
ACC848D51EEBF497E44C0EF9DDB81830,,,10711277,134
A5B6377FE0F935DD14ED5F725A8339D4,SA8710000011100368631410,,,
A5EE26546643D388CC5D4E22ED7175F5,,,,
AC0B39443F6CF7AD5727E8754CA2C8FE,SA0680000867608017750837,,,
A58EBF9862444527A4A53A1A58627007,SA5480209008913222121011,,,
ACD789879F61A04BA017A457F2EE6A89,SA7430100974017281235028,,,
A5F680025D1DCC1CE842C68611BEB56F,,,,
A5224072B798E827B9BC0E36389DE9ED,,,,
A51971CBED6127966F2E34C7574B492F,,,,
A55986208DF155E584FCFDFA05B0D533,SA1015000900147012470009,,,
A516E07B0A504A83F278A3515CA86FDF,,,,
A5916180360E11CF89EB58783E0C42D1,,,,
A5FA86588EADF8F91DAF84374547EAC7,SA1136036036019459072663,,,
ACF9E6647736ACE301FB8FCC35CC5718,,,,
ACA3FAF8BBB16A4BC90E4D4A6A3AD1FA,SA8236036036088892139992,,,
AC516AC017624912CC8BE28C00F40D1C,SA9205012000000111376528,,,
A5C5AD2FDD322EAE11FA58B7F7F98C3D,SA6230100974017280800490,,,
3ACD8C365B89EDB7E62D,SA9280208993715222121019,,,
3A5FC93D6F793637BB4A,,,,
3AAFCD893F33E7A3B3B3,SA1430100991101219398200,,,
3A2FAB9D3F80C38FDD54,,,,
AC64131BF2218E23DE325F0BCF51FFCA,,,10719346|10718287|10718285|10718286,134
AC9C3E31C73EA87525343A68728272CD,SA7380000584608016225652,,,
A5F8A2A944C863480363313B1E943BA9,,,,
A5E12ED744882AE7EAC7293B0736759B,SA7930100974017281503822,,,
A560C5CAD81C09D2247492AB1FAAD469,,,,
A5CFB6D17EEEB3FE831AE4AEC8828237,SA9260100000682336232001,,,
A52770F954044A36DCDE97198FA21F88,,,,
AC376DB7491C11EC776EBDF56FEE4CDC,SA2705000068207371677000,,,
A531F7781819B8430065B0CD6DFF5315,,,,
A5C12A216F582604A6E6CB3F250ECEFD,,,,
ACED48366470CAAE31EEAB923F65ADB3,SA4805000010011957174500,,,
AC9B7AACE5C92F3D583B32B6F2EE1703,,,,
AC5DB5114C8E319159072D1929F4E8FE,SA7545000000032343501001,,,
ACB48EFD5287DA68087E14E59E89168D,,,,
AC14B4E7A970412963172AB5749E37B0,,,,
ACB2E0EDC50D2FE046B60E3D0E6FA495,SA8710000011100368631410,,,
AC55F3773FD2608BC14510BA801D673E,,,,
3A521B4020A52C1C425B,SA8030100974017281529024,,,
A57E82C05133D0092F95478762C833D7,,,,
ACCE80D1212669F75C38B7FB52B5EE64,SA1315000007612844060002,,,
ACBFA8F05DAA29F2E20639EF075590ED,SA1880000867608011835949,,,
A5F2FA8069B0F0AA4184B7884C595579,,,,
AC1A4FEF8D481057B181DF3900143A64,SA7578000000001288832052,,,
AC833E81BB3A13C611F3640FE18564AF,,,,
ACF606F486A0F45B9E875DFC6A15526D,,,,
ACA8D5FE34015FBF7B73F3EEB42B33A3,,,,
A59BD01EF6DC6396A891F8677454A671,,,,
AC29129A1F82E433F525F5227F46F129,SA8980000128608016091800,,,
A5234CCEB5A3A196D6C679ABA21267D9,SA7036036036075091900544,,,
AC2297B790F349FB3A87B453FDEC2934,SA6080000216608016469520,,,
A530511AA85AE91BE6DC1279001F40BD,,,,
3AB935D605881D12F3C9,,,,
AC811F40EE17EBBCECD3D3C43BEDB2E5,SA9115000007781610750009,,,
A5F6E1C84621B39A509B3662CDC6A777,,,,
3A95F9148381C8251145,SA1880000867608011835949,,,
3A172F8D9BF0B6904A99,SA5480000857608014497966,,,
3A7D4D1AE694F596DEC7,SA6580000866608018087579,,,
A5B5A64AC9D2148BD4D5244354FE9279,,,,
A583396C20F67F61418B550C9DA546E1,,,,
3AA725B2FAB62EBE08DC,SA2210000011100498295002,,,
ACB52C25305238DAC238C3D0C7213371,SA3380000859608011699794,,,
A5057ED1FA1F86AE30CE94A360DE0778,SA4430100974017281943862,,,
A530D402B627E5041F095328EA83FCD7,,,,
AC309946E3155337F9AD1ABB19B974E6,SA9580000554608016204349,,,
A56462E6FAC540208CF82AF53F3CD4B3,,,,
A53F6562520764B2D0F8B813626285B9,SA1880000867608011835949,,,
3AAEB92E09860A9D5C8A,SA7036036036075091900544,,,
ACA696D8722AEEBF2A1E61E9CAF72039,SA1880000867608011835949,,,
AC4E22239E85E5A3F4D6FD0E89FC909F,SA7036036036075091900544,,,
ACB6295CE57128B71CFAAE336DF5E522,SA3393000084742607815000,,,
3A167A32F38EC3BAA048,SA8715000007781595530005,,,
AC80E594DA5F9777AA1CACE68F21F5BD,SA3393000084742607815000,,,
3AFFE9328DBD7F69D805,,,,
AC473E63914D3F62A6239F0219283FC4,SA4180000216608016586844,,,
A5EA0224190D9022655809A077C52A9E,,,,
A5DEF4B4E4FD2372371274840A6E648C,,,,
ACAEF3911FC1C7C0384778D360B16B08,,,,
AC6A4CBB5B790369FDD775822089C13D,SA9680207198283222121013,,,
ACD93E101728DAC8E2848C1459C14B87,SA8815000863144240710005,,,
ACFA5F61E47E7B06CD030EB2190A766B,SA9430100974017281578048,,,
3AD85741C8AAB02C523D,SA2915000007523262520003,,,
ACE99310F569923548426C2937143582,SA2380000867608012995494,,,
3A127CF5B1D0C452AAE0,SA9430100974017281578048,,,
A558055E135A3256A1BCB172A93B3EDE,SA3230100675020619710016,,,
A53B3A04C975C909A89F42044697D382,SA6015000007781611590005,,,
3AA9344B2AB4CBB9AA88,SA8010000011100326343901,,,
3ADDD1856A5FA6A17AEE,,,,
A5D5B4EFDD6D37296C19A77296B1B5FD,,,,
A590FE341084996CD75A0EBD31D74ABA,,,,
AC8076613FF9F1B5C5DC9BB82A5C69A4,SA7680000856608012102593,,,
3A3A6794FFCCC0F915AF,SA7380000481608016003046,,,
3A3B9E1EF5763BA49B2B,SA7680000856608012102593,,,
AC54DE6CB8C1E47DCA343E2EF7D9D1F3,,,,
A5C407A1FF044D5CB680B1370988AA77,SA9780000177608016425602,,,
A50DF81922F0F81479315BC48C6DF1C7,,,,
A5AF852CE2FE80636D35806DE3A597CE,SA9030100974017281969806,,,
3AB5D7B81EB0C7B83F25,SA1880000867608011835949,,,
3A4DE275CF53424CF901,,,,
AC6259AA2FC2DF13FF631875E7A38E88,,,10736324,134
A550E20F3709A8A029DA0F150AB50910,,,,
A5B9EE488D7FAA8A7ED17DDD23C5405B,,,,
AC7C6E8A524A48CE3142EA215E8C118C,SA9380000316608010255247,,,
ACFF14CCB48C0BD18140EC36B1D44265,SA0930100991101946931949,,,
A5CDCA2FFF6BFC5F05E2F8B541028DC0,,,,
3A4BFD1A9391C3C4D827,,,,
3A7B08FD5F90B89BE512,SA8710000011100368631410,,,
3A58EB38BD26542940A0,,,,
A52A00518A87668A923CCC22FA419736,,,,
3A50C4296629AEAC096C,SA6730100974017281756044,,,
3ADE97D49F10DBFECB72,SA6530100974017281483607,,,
3AECCE39FEC720FE83BA,SA3305000010011958056500,,,
3A3920F988EBCDCD1659,,,,
A5E6F6544BC0F1ADE2926AF5B2DAE062,,,,
A519C8FE96427692208D76A7F3425570,SA2593000065348345234000,,,
A518C68CE1538E1043860F2618DB789E,SA7280208988927222121017,,,
A52BCC33AA837F0EFB8610F87E5E0FB5,SA1393000047971304142000,,,
A596D9D102BB5358C51137D98DCE4115,SA5945000000611239336001,,,
AC9C58C56C8AA0E0EB1C821F79E0FA38,SA5280000859608014245702,,,
AC2E49DB5AA40372118194F81192D48A,SA4710000046700000106010,,,
AC7243C37A8B4B5662A9D0972081D044,SA2493000084480824104000,,,
A5C07CEE0AE597F7A52F9F9181589C2C,,,,
3A736F07D0759A5B5D2C,SA8580000671608017033364,,,
3AA39EFC6CE5D515884B,SA0680000302608016108941,,,
AC74FD2FE8F7E6276940A9D991B898BD,,,,
3AE1144DBB68C2C1C9E9,SA5310000045900000892806,,,
3A47186ECD82C0D5109C,,,,
AC0AE8D93D71CF6BF0B6196D765A83DC,,,,
ACC50CF6172D75535B67C0E139CF7566,SA7530100974017282157480,,,
ACB7C3888E884F91C1168C76EE3A1109,SA7715000007781614380001,,,
ACAAFD423EE5693DEEBCA9711FAF72A3,,,,
AC8F4E1EF1B3E2939272872D36465091,SA6180000859608015406436,,,
AC634F6B64DA61F47962EA1F77DF1804,SA9505000010011957980500,,,
AC08CD8E8C15B7A6963FDCF20DA8E3BB,,,,
AC1863D9DEF0D47388163F3D525B150A,SA0680000343608016174597,,,
3A30D4EDD9297F5DC0E3,,,,
A568B1CAF71E7F51057CC72D94CE3D91,,,,
ACA6072204CCF4C81EE6621A37174B78,,,,
A50C343DADFE19FB6294DE786B3FB24B,SA2830100974017281647621,,,
3A660437413BD07FFAD2,SA5930100974017282212088,,,
3A726C9D06841D62C0B5,SA3230100675020619710016,,,
ACB83E8FB95A7290226E11C8830B50C3,SA9530100974017282166044,,,
AC883024AB6C22C2E55889CADB0EB2CA,SA8880000181608010146463,,,
3A1D0BD1BA21C3ADC83F,SA7280000859608016133641,,,
AC77FBB6FC6F6FEDC0F94415B4CB16F9,SA6480000101608016983866,,,
AC0A95B2660ADED9D3AB90B122F402D0,SA5280000859608014245702,,,
ACA7ADC1F90E1C28D49222A688174281,SA7780000107608016920185,,,
ACEF0E1C283FAD71741D112BF395DA7E,,,,
AC13BCC2B22687FE9CE0612995790740,SA3080000177608016425644,,,
AC4A40C054CF165FD7D86826F0A89126,SA8380000858608019669337,,,
ACFB5EEE854ABEB8B73F1987471D967A,SA4510000001400033906409,,,
AC96EC08D8DF6E1BD6C93724A98E7042,SA8536036036014233209523,,,
ACDAC060433E4A9C484718354A0985C8,,,,
3A7BA10D881C32E83A83,,,,
3A1AC1607B74FC2292F9,,,,
A512D231DE2217B21EA772AE6A3C4E31,,,,
ACC5CE4ACFD3EB5B3C16EE3B4B6D0A16,SA6860100000682015545001,,,
AC3EAB9B4964D72F6CE5AD19FB099474,,,,
3AC5BB15785F0D481034,,1042262780,,
3ABC38887773C94FC6EF,SA8036036036010162324865,,,
3AFC5CA66F4B008428B6,,,,
ACCB11715508897609A50D032F24B370,SA6415000007781611940006,,,
AC7BB65266514636D6B099CFFD405E80,,,,
AC8DAF2424FFF8C227FA4E0729662EEB,SA1705000010011958570500,,,
AC1EDDFB792DDC32082FABF6B00D5284,,,,
AC5BF415BA71580533D18B1012FAC61D,SA1630100974017281830294,,,
3A4C6A04787D130A02E1,SA4630100974017280482036,,,
AC3E3B01AD40FD59CD6F7D810A44FB3B,,,,
AC87C5C792138C1D9D39A4F2CCC16CC5,SA5280000177608016425636,,,
ACF9EA386001788647FE80907E536FAE,SA4630100974017280482036,,,
AC28D6E1260FAE1B994A8D8ECF45EE0D,SA3915134018963367571496,,,
ACB14FA117F65EEDBB5518EDC0C9DBCD,,,,
A5C0A4E932335EA9A164B329B08689B0,,,,
ACFBE47B51AA92289D3D8536552A7E41,,,,
AC22A2EA1D9862B8F8F8F58287213FB0,SA0605000068206814444000,,,
ACBB4DD2EA8C0F8E39DB91A298205D32,,,,
AC2E72B40AA1D612EA78036907FC5D08,,,,
ACAF3FB50E3EC9DA2FCA16B139C505CA,SA4980209022507222121013,,,
ACE73C07E167C9BFCDAA1E91485D820C,,,,
ACAC8142452A62640B331DD0A9477DAC,,,,
3A827BCF31A009BEEA6E,SA3230100675020619710016,,,
AC78DB6183183557944061E6374C20CD,,,,
AC7F952EBC20EE4196FFFCC627AB8EAB,SA5615134018963033854330,,,
AC6AA2818B073039F5CAD91211D7715A,,,,
3AC772CE08B3C64E029A,SA0510000065500051674809,,,
A59B7CE87CD44B7A96D3A587EAC7EF4E,,,,
3A9F91C5EE8A6941ED3C,,,,
3AC43CE1B36F80A184AB,SA7680000119608012079594,,,
3A3D1208A77F835CCD25,,,,
3A2832376FA660A9BE6A,,,,
A52CA24E0B4570F6807C226A1E5525F4,,,,
A5121DE5FB65A651CDF13982165872F6,,,,
ACBE483A0A5E85BFEA2A605C7B345540,SA0680000177608055901053,,,
A54125664722D0DF56448451324A93E3,,,,
ACBB959ABA5856934D496CF69CC6D0A9,SA0680000177608010901053,,,
A5BC8EA47E2432D9835E0BE92D373D99,,,,
AC6D599909D4A5EEE51A6415CA50011C,SA5205000068207306575000,,,
A5E7BF368510DACF727280D3A5B2E192,,,,
AC7C6DB1F368A757EE453E4F4C83AA28,SA2230100974017282236422,,,
3A04AA89479B144908FA,,,,
AC4294FE42824716CB4F5EE30B2AED08,SA1880000867608011835949,,,
AC6A44D29847CAFE116844CF29F5CEFC,SA7030100991107595613719,,,
ACD0F7F70F28B9F48EC31B14C1B16817,,,,
A570A9651525803242489DEE88241E1F,,,,
A593395617E85A1BABEDF4D1406D2296,,,,
AC587A14661B759C943DBE62036A30BA,,,,
ACA8BAF1FFD7C5F177CD505BC5D2A8F2,SA3536036036000347268931,,,
ACBD006E2DDC7E48CFBD7493D8300C33,SA7030100991107595613719,,,
ACE40E8A96271017FD24020B6FB092E1,,,,
AC525859EE6F4D67051A4EBAC6C177E3,,,,
ACFB35FB7E5A35137DD103E568830D95,SA4180000216608016586844,,,
ACD3C7542644AB7F76A80206620053F7,SA2780000510608010151093,,,
ACC71AF49AB87D54405962BC6B1C8CDA,,,,
ACB19572187A05CF66969E2EBC1F13E4,SA3836036036031194375938,,,
ACA4844CCB86DF8B678C17169C5E782F,,,,
AC77A6C048756A7223FA92406921AB5D,SA6580000177608016425693,,,
AC33A8C8F66649FF5EE110393D2101AF,SA6130100974017281676030,,,
ACE932053330CBDF8584145B25ECC505,,,,
3A96210B219558993299,,,,
A5E562437A8256B939D8DD102B27E9CA,,,,
3A81460F6D4F0E48EFBA,SA1380000621608016111683,,,
ACC870FE16FDCA7B9AE3DF24DC133396,SA7780000107608016920185,,,
A5A63E73D68380AE9054271300D4DED2,SA4930100974017281870052,,,
AC6C93D31F4EAAF1DDBB4A19224B9CCB,SA3410000001368919000103,,,
AC5308C5E3937CA1EE4779909A6733A5,,,,
3AC31568FE7DADD222E9,,,,
ACFF33B7168DE4EB11671DE22F090B65,SA2580208998940222121018,,,
A5A6852E7A74B14176B019EE4642A7D0,SA4930100974017281870052,,,
A53E815647D1E153A8FFF925487178C9,SA5230100974017282903630,,,
A57AB73C9A9BDBBC2EB52DB53857CAF4,,,,
A5CC13768BD1B5E7571E71AB92E6D703,,,,
ACEDE34B7C7D6944A458EACD07CBB86E,SA2215134018965577105605,,,
ACC7A173A6570B868BDFB2110F752DBC,,,,
A541A5AAC49AFA7420DA5E89F76470B9,SA2630100974017281677242,,,
ACD8597A657EE46E752396DF96F2C5E1,SA6680000369608016022837,,,
ACAA75DBDE86FC6AB09034E350572293,SA4305000010011958147500,,,
ACE3DBBBB3D45E918A0967385D630A5B,,,,
A5A56341C804579CE0E6A6C5778FE000,SA8830100991104897806715,,,
A5C310B0954F7FD93C4766B43A00A187,,,,
A56C116CDB775B7114033EC6D2252903,,,,
AC3EF3FD72153288C61ED2FC457B55D1,SA0580000119608016186494,,,
ACE130F754380B5051A0FFF04F572B12,SA3580000865608019600884,,,
A5F033F2BF186E2654F1D7CCF3262D6C,,,,
A53CC1B037E47380EAFE33A7C4B2972B,,,,
A5E72ACD40741A11C9526F0F1320E22B,SA7510000065500054016002,,,
A5DD9469A3AA3C33786478026328AC5A,,,,
A50A820E89B85D720B7399339D390C1A,SA3410000001368919000103,,,
A5E4CD72C0AA3A3376E41AE3896D18A0,,,,
A5EE9F55BD09D67FAE368EEED6DDD4EB,,,,
AC1F3A07DA451268BC3CC33B9E9848F6,,,10775022,134
A5CF3D01B36E03DEE58A6B3B7A828E6C,SA9630100974017281872698,,,
A52A3AFB35627714833F0AC98428CE51,SA8630100974017281683049,,,
A535C0139528479ED4D745DEE3DBF105,,,,
A599BE7248EC37684F3B92394D2A728B,SA9630100974017281872698,,,
ACCC7EED7D4783C67C564458264173F9,,,,
A5531BD77356E92AF2DD24232D407D18,SA9110000025772978000105,,,
A50E7C870D87F2FD7C43A5BC68BF9219,,,,
ACCE277491076FE2298DD4621C7D608D,,,,
AC898720BF28F48EFECC73AF2E072204,SA2305000010011959420500,,,
3AA958C1368AEECC90AB,,,,
A51E1421989E908969659AEBA81C2332,,,,
A5740C75BB57D87E95DD1D984CD788A0,SA2630100974017281647269,,,
ACCFD6AA04B11FF68B38111C5D2A3066,SA4180205286833222121012,,,
A584F4FF690A37A2941656DD13F4ED93,,,,
AC06DD5D40044A106F30947DF76B98D1,SA5293000041179565025000,,,
AC69EBA1C8FAA5B450C2F982CEF58B7F,SA5880209026425222121014,,,
AC47DBA993A5B4E26B9332CA46CE95C0,,,,
AC7C897701904F682E31FC395EA70D31,SA4615000007781657030004,,,
ACCD14383D58AEEA63227EDA67D1DBCA,,,,
AC8727AEC744F1E610F9E14E1AD2ACBA,,,,
ACDDE9C0804116C6A4233764CDB2329A,SA9880000355608010598333,,,
A5CA95AC47800CA782D26076C64D6CEC,,,,
A5294401E5D647D54A7BF37D94020A02,SA3230100675020619710016,,,
A5B38FDAC522478C9578DA6945F37EBF,,,,
A54B452F5D3B83822D3C08E7735A9BE5,SA9715134018967035341436,,,
A5B1D1812E0AEE4D4DEC840FD22C6D60,,,,
A5311B3B07B007B274045BD591CD293C,SA9230100974017282317806,,,
ACB654100B73D41F363F6380BEF1711C,SA8780000177608016425685,,,
ACEB176E8206F6BB3B4DA6FD79A7E56D,,,,
ACCF9A6D8B21A21AE900E7353CAE472A,,,,
ACB531A02B793043AE4DE42E7DDA6F52,SA3230100675020619710016,,,
A576DB6D0D4F18600D4E9367DEDC293C,,,,
A58768B4AB836497808884FDD07B5276,,,,
A5A78293B8F7EA48190815C59F8B8EE8,SA9705000068207388610000,,,
A52A82F930AC81B3BB41BFE14A154A34,,,,
3A01A2CD96CD2B34658F,,,,
AC080446F02ACD3081D53BF7EE55F27E,SA9415000007779513550009,,,
ACB0EA77F3DC70B984DE4DC29729C9F4,SA4215000007781594380007,,,
ACFD6FFD931E9D1AFA721EE20A4B04C6,,,,
A552AAABF9BE3834DEFB545FF7A35135,,,,
ACF28F22CF1B0DBFB52AA2E7A4B68E3F,,,,
AC5B433CEED6FA0F88AD909E0C535801,SA3615000007781625110006,,,
3A380F34DCF86E4614A1,SA3615000007781625110006,,,
ACD4830152F4E577FE0A61F2E1A576D1,,,,
3A0A97550C5282056E93,,,,
AC100FFEDFD8ED64A41C44A6CDBBCBEE,,,,
AC5CD8F55B46F61A97F285114D26FFAF,,,,
3AAE65D466B92908DC38,SA9110000025772978000105,,,
3A6B3A8FB2FA42892FF3,SA9515000900146728610007,,,
A558C1AFF71675A48B8ABFBFCBE01C53,,,,
A508B3182C6E4A306AC8962B152C185E,,,,
A5BA5288FB4E919B571B14D81FDE0F5B,SA9830100974017282708220,,,
A5A615C61417F6CD12E337E6C7575AD9,,,,
AC7E89B282473DB329645E8E812A8DD6,,,,
A5BA65710A44CB7BED15BD46F773C547,,,,
A548F8C4D1519106FCFEBDB20D269C74,,,,
AC6CC141569C746BFB486A17E87ACBA8,,,,
ACAE0BE1706CF0402C9B73AC17B8A667,SA7830100974017282537084,,,
A52165E863E0CAFF80FF8E80508C4662,,,,
A51AD0E0E90F658C6A78E0BB5AD1F59B,,,,
A5DBAFC4D245472716A457C3D7C2B062,,,,
3A843009300D35604733,SA2830100974017282914344,,,
A5316BA38B7ABD2BCA7AFCE8C2F73B98,,,,
A55CA2B9839BF852685EAD9B4770A919,,,,
A5B7BD776ED805F9EEDA3B629476A067,,,,
A5715B25041980CF47CF57EA4A3DC8FD,,,,
A58FB5D6AF727AEE1B4691E44078A62F,SA9830100974017282708220,,,
A5CE8E08B58038DD5526C3B51949B58E,,,,
ACC4FDFEE9B820A7028D1121AFB0ED9D,SA5830400108095844000010,,,
3AE6CBBFA58462960321,,,,
3AE5ACF3145191E369D2,SA7430100974017281947008,,,
AC4D4FBD468F5EBD29EA5EC7A61DBC93,SA1536036036067628900111,,,
ACF4957E5A81214A6DCF81B747836041,,,,
ACA8A1E5F390B79BD6A6DED7D69B80AC,SA5205000068207306575000,,,
3AD98F2BA54CD15C1242,,,,
ACD1E7A34134E318D0939000B9367021,SA3710000089600000496701,,,
3AF876521046EF58DF30,,,,
3AFD72D0E8B31B444C28,,,,
AC8D5310A4E127B8C181E0BCD9AB2D9F,,,,
3A88C68CE801BEF7755B,SA0230100974017281872838,,,
3A588D7987BE85DD557A,,,,
ACC306446C372E0583B6AC1052ACD67A,SA0530100974017282327326,,,
3A103267C56250B12FDA,SA5530100974017282928602,,,
3A6C1CA9F5FDD291D132,,,,
A53F0F3059A4F2B5DD41384C9D5A8D74,SA3730100974017282363416,,,
AC10A92074C1D0036156491CA0E13A53,SA3730100974017282363416,,,
AC1DE3B609B3836E14D322EEA9AC302A,SA6336036036039980043109,,,
ACC8B6EE1E346307AA98F46E5B96A304,,,,
AC89292CAA70967DDE9103F7D3A2A54F,,,,
3A613A66881AC581C89E,SA4630100974017282723706,,,
3A6AEA6393EECA6B01AF,SA5460100000682338156001,,,
3A333744D7324C22B93A,SA9030100974016848642288,,,
ACD780A420753291A9F0C578ECD38753,,,,
3AF1F5C405162D93ED9D,SA1536036036067628900111,,,
ACC0D41BD83B798CED57BAD055D2821B,SA1580000347608010023077,,,
A541EA8BD5D9018D2B895B9ACB873955,,,,
3A63F2B0C1080DF76EA0,,,,
A5B65FE5AEE8B2E25FFE903B968E8EA8,,,,
3A2ABB65D2EE21258FA5,SA5730100974017282730104,,,
A5AC8F2581A9AF81DCFA6E1DBB981DEC,,,,
3A8044C8BC46690BD522,,,,
3A15BEBEE8B92F1D04E5,SA2980000451608010204059,1011536800,,
A5DDBB16E2DDE2D8ADE38F3D5EBE89C9,,,,
AC8C94A2CF99268A515A71E9A139EDD0,SA5580000858608010532344,,,
ACD996EA11A10B0DECA07590713C667B,SA5580000858608010532344,,,
3A56BA67538DC3878BC2,,,,
3A304329E29F6AA953C9,,,,
3A8E04CE7E728C7EB5F1,,,,
3A0863C5BD98B385FD01,,,,
3ABD4D8EDAF0B0A352C3,,,,
3A9A306B11B2045C16C3,SA5580000858608010532344,,,
3AD36DFDB0AFAAAD0E72,SA3930100974017279393046,,,
AC3AFC7E0BD46D22B54BA93A4321A9C3,SA6045000000028412682001,,,
A5EAD98CC20686D8A6846E5C41CF829E,SA8610000022500000288005,,,
3ADA89ADAA0B0B832306,SA8630100974017282329360,,,
A5AFF18290E011D3184B03EE7ADCE089,,,,
AC220DB013BDCC62D3EA4F3EE90B930A,,,,
AC9A1474602F41D4793CDC007E8AE05C,,,,
A56302F014F3C74E6B7149D52C0E60A6,,,,
A53881EDDAD0FADE24791FFAA6FDE55A,,,,
ACE5E520F3EE6B296B89EF453A6237EB,SA3130100991100790690680,,,
AC85AD2FB6D16F09EE9E198CABCD2CFD,,,,
AC5E02D03113D3372370A53310A698AB,SA4880205554649222121017,,,
3AB25952CE1809373321,SA1280000866608013615960,,,
A548DE122A644B28041A546DA5DD1B40,,,,
3A320211C2CDAE019C55,SA1180000118608016139197,,,
A50C8BCB1128F7AF43A21D3AF60779E7,SA9710000036100000882804,,,
A582324A72A87EAA42054429268BC821,,,,
AC5F662DF8172BE37870D55637892196,SA2780000154608016202487,,,
3A45DE87CC9B22B119DF,,,,
3A1FF851C1F2E96B73C6,,,,
AC6493CBD20AE01CEA129DF2AE731E92,,,,
ACDF06118E90B7957B7B1B059C0D446D,,,,
A51F6FB43E427C835590AD8716C856F5,,,,
AC904E2AE3C14260227BA6960EB549EE,SA3080000856608014350232,,,
3A811E2E5258C560FEA3,,,,
3A3D5AF86A310A4E55AA,SA7830100974017283025188,,,
AC57C41D4AE6E3AFE2070448E6A99318,SA3378000000001300588917,,82518203345,
AC19630372A614C9ABED050C6AF172F7,,,,
A50B2BB8F6E2BBC647856596601915CD,,,,
A546E2D8CBFA6E6CB9008223C7A0A254,,,,
AC9D37E006832D2C1D7E00F0A93A0676,SA7080000171608016156146,,,
3A922ED55809B8CAA052,SA5715000007781684290007,,,
AC6952CD2349D4E8D5BF6A0C467EE07E,,,,
3A8BC9FF70C98301000F,,,,
AC81FBCAAD1D55FAFE61FC9B4EE7D317,SA2080000592608010048373,,,
AC227C7FBAFEE1D9AB9F9D6FA1D65DF2,,,,
ACD44E657F614BFDFECB933373038783,SA7615134018969553712268,,,
ACB798045EAB5940DB4DD5706DCF0429,,,,
3A9398184B54A9D1EE31,,,,
3A59AD08FA1EEC35E8E2,,,,
ACF92D1C52727A81179CFC4BD55FE44D,,,,
A5DC9A18D0049715FFD62AD48D42385A,,,,
3AFCA0A34F7AB6EF97B7,SA7730100974017209098014,,,
A51AD13F8377E5BD1CB2946924B1DBEF,,,,
A5357D8C032387FC2E0DFFFF38AAD6A1,,,,
A54A28C5D85877A1EC0B518F43001378,,,,
AC497A6149E9A63F6D4FE4DC111A7552,,,,
A5E2B55404B10C86C8A18A3DE4332025,,,,
ACF3FC2E9EE29288873F576565979F86,SA0430400108038602790013,,,
A521DBFEB3D18C20F18DDF612AD9BEDB,,,,
ACF9F2F24F1BC9A5557F6A1ABB4DEF87,,,,
AC5C342A00845B1D7ED8C238BB986936,,,,
A593E3AC4BFF93511C04812534019435,,,,
A587EAC09453A86F74416EDAF7A1C2B6,,,,
3A3B615FA06213EC2769,,,,
3AC46CF55BBEB448425F,,,,
3AE26E83DE0153E8CE69,,,,
A51F30DB789A5D1781E2F3109DFF5177,,,,
A5DB220342ABBD01E840C092C176FC88,,,,
A58F1D314C7280C1F35E21DB37FE5412,,,,
A5681211BC6B163499BDD48813AA8546,,,,
AC6A832C0BC9716DD7C014A9D0C1CD50,SA7915000007781658090008,,,
3A0C05773481AD102F81,SA0880000389608016143258,,,
A5EF2C8AE50A4BB9B78F65949B3B9646,,,,
ACE46CA69C987445F9E0D0E3BDD78554,,,,
A5BBD78698C21FD360446FBEA7F0CD42,,,,
A5440FCF3E102DA52E40D6AF2BC2CAD5,SA9445000000839286606001,,,
A57FC4BE14797426A374C7392D1B9D3A,SA5880000868608015505562,,,
A529140C0987E10364D97794534EA931,,,,
AC55D40330770ACD3520AD357F9087E7,,,,
ACC142B3913DD34E4E81C96BA0585809,SA9615000007781630590008,,,
A59FC39994A43E5C333AA62A4C3DADED,SA4960100007282313704001,,,
A5DA5B4BD969C23B5EA7D663A54D818C,,,,
A5A4D85559F2E026127BE8526905B1D5,SA6660100000682337625001,,,
A559EE1ADF50D28086094EB887BD3026,,,,
A5F168B17DD51C2A4985A3D58B241456,,,,
A5CB724C0DAF6A167346E34D6D86BB8B,SA9445000000839286606001,,,
A54A1205E7CAC5909F3B79E107D97C63,SA3230100675020619710016,,,
A54EBCEF7414FEBEA5C463B4632A828B,SA7630100974017282633926,,,
A5C9B1159DBDFB276FD0FC5B2ABED3E7,,,,
A504D871DEFD1901B663CAEC20C7B349,SA9593000072802701975000,,,
A5B88A8B949164E3E742D860F56965DA,,,,
A53592C715EC46845EDCFE6E056F63AC,,,,
A5FAC9FA3108FAFB15B7A4AC7057110B,SA6905000068207411674000,,,
A5E3B312C87FC4016AAB4960F97BC867,SA1110000085300001411900,,,
A5087E7571A15714C8E1AB127A151C9E,,,,
A579FF081D2BEAAAE2AC9876ADBED0D9,,,,
A51E9D00BCA4BF4B61483D545A5ACC53,,,,
A597A6B76D5AE3DF646E029397AE59A7,SA5880209031994222121012,,,
A5C7F8F65E9555C569EE1886944C9355,,,,
A5346845DB5A6B0DBB75F7B23A721E4F,,,,
A530276DF794E4141407701477655A51,,,,
A570136848E2032C5FC8229451098CBF,,,,
A52AA94811CC19401D46D837FF6F781B,,,,
A59281D5F95F7E3F446EDB2B7DD1D414,,,,
A51BE4CB615D24308598334F14F50BEB,,,,
A502D14E652247FD4DEB50FDAF5663B4,,,,
A5E1211B99937C6BD8C1709E32F497B3,SA5380209032978222121014,,,
A56308BFEC30851A92811F75C82F08DD,,,,
3AE5C22C85471A6DC9F3,SA7680209034201222121019,,,
A5E455217DF5F676510EAE2F252A739E,SA5015000007781703290008,,,
3A9AC82D3FB6BE5B2F64,SA7980000355608014088638,,,
AC05E67E148BEBAEA83C60D2E3950692,SA6145000000028412468001,,,
AC7662FDAFA4D563D1FD62A119805CF7,SA5805000010011958623500,,,
ACC63A9DD97699506DE11EE2143C95F5,,,,
ACD8E766FC1F550D0452A47079B4977B,,,,
A5E5533151B601CA688B41F3F81A073B,,,,
A5DF1FDB32C1A0A584B65ABDE146F23D,,,,
ACCFDFA02499FA692E7CC20DBF31E4F0,,,,
ACECB9427F96DF6780744B7FFAE65AFF,,,,
AC42D0D1DE2CB1959DC807260BF469E4,,,,
AC0E6105B3BF444821BD15E7AFA7B228,,,,
ACFA2188F667978AA1C34D1206EFD6AB,SA7980000355608014088638,,,
A5855D4C399107C6EFA9843FD67F7BCB,SA9530100974017283731818,,,
ACAD7E6940DB91AF081300ADE8D558C1,,,,
AC451B704602561FD14780195FCDF4D2,,,,
AC03ADF23A2E102308C6CD0EB9214F4E,,,,
AC512709C3A6EC70A7C55F5CE313BBF5,,,,
A5422BCE67E8A132C5DF6BC75509A7C7,,,,
A51334C1EF59BE18E69E799839567AB7,,,,
A54154A7662D0C1AAF00884423FFCAA6,SA7980000355608014088638,,,
A54411B0F8AD48B744AE2A9018FB1ACC,SA9180000865608017373435,,,
A54079C7DDB207560A68F35AB54AFD9A,SA6080000350608016285310,,,
A5E7AC0208A39A2A3D374679247F663B,SA5380209032978222121014,,,
3A54406A9DDFE0F27CB8,,,,
ACCF55AED4E845239E8B8CDD96FCDF52,,,,
A5715D1CC8DCEBFD40841A18E1751339,,,,
AC252AD8712650DE372B83AA6025B602,SA0220000001172768449940,,,
AC15AF1DB51F2B94FE6CBA273C610C6D,,,,
A553E229E8BC080BCAAE97167CE4DAE5,,,,
ACB76C307D829E3DEC600F0115282F32,SA6515000007781702890001,,,
A591257D44F68F5E2ABD5667515B8403,,,,
3A8BFCB76EDC7453163A,,,,
3ABA22F87277685361A7,SA2210000011100498295002,,,
3ABAA4F001FBEE0018DD,,,,
ACABF769AE598E7823297BD963513753,SA1130100949000012123615,,,
ACE187F2174535DA2E6178FD166FD1DC,,,,
ACE2373548DD460036ADA51F48AE58E3,SA7315134018960439755476,,,
AC8C1ABECA36E5F304DBAEAC49B3D127,,,,
AC46F8BBF57C4C7DB19BE671969AAA0D,SA1405000010011957951500,,,
AC164500FFDD182EAF386741BA8BB3CE,,,,
A5A7FA953FB54319B2F45E0FBBD83469,SA0430100974017282641721,,,
AC5D57024C809BFB82E806BA867541FA,SA1405000010011957951500,,,
AC8F1C3A7EEB24DCEBF25596863FA1D0,SA1180000177608016425792,,,
ACE6E206F1CFEF766170E03C2112D454,SA5110000025900000468303,,,
3AF0EB5A3219A5D7FF62,SA2220000001693065379940,,,
AC618A1D4DAD22CEC6BA60FB387DAC2E,SA8580000868608012760558,,,
ACB5B073105DED5798D75753A2BE540F,SA2136036036021825365949,,,
AC8E2569D10276219CC46A6B6290CEAC,SA1180000621608016111816,,,
ACECCBA77701DCCF48CA20DE6EC95AB5,SA8205000068202963576000,,,
ACF0D7AD0EAF66B8EB57D579822581D5,SA1180209030678222121012,,,
ACE9F4DDB10541A95AF5230CC1FC0D49,,,,
ACC50CBA172BD71D808B64AC51078CE1,,,,
3AAB68ABEBA7D0CA758A,,,,
3A6C0735037AF6CE4F32,,,,
AC47947469C6F8946948509821A28470,SA1180000621608016111816,,,
ACE1591641FCDF522EF5788613CC04CE,SA8880000459608012016206,,,
ACBAF4A83838D74F3EA6D8ECFFFCA7CA,,,,
AC083ED046FD7AC1CB017F95C088B5F3,SA4205010000682338202001,,,
AC9585C72C1081F1C2E332AC640AD0AC,,,,
A5B33DA918767F60BAE91323E35CAA61,,,,
A5289B36EC0F0EC9AE2E407A93C310B2,,,,
A55F8C1D2F5340AF6B9AA952C377A598,,,,
A5DD41081E813AB9B89366BC073E1E9F,,,,
AC710645FA700D654EF5042BC4F530ED,SA0360100000782339095001,,,
A52745D2830856683F708520537B51A0,,,,
3A4950861E1F113A0C84,SA1230100817101935970477,,,
3A002FDD95A74D98DE8C,,,,
A574038D0D7D5C5D43906D49B24B9047,,,,
A58309482C7B13E3B9EC76C6CDE9D3D7,,,,
3A60E4029572847E6561,SA9330100974017283522043,,,
3A5F84046AA8452A6CFB,SA3636036036021691913370,,,
3AA8916AA8C3674179F1,,,,
AC4C8EFFDF7419AAF6C0C38C60327E46,,,,
A5A49B9B3E9B3EE7EB3C074394CD250A,,,,
ACE58588098C05C86A98010FA0101B9D,,,,
AC66923D48FA201016C3760DFD027539,,,,
AC87F5E5B19D2C697706C85F745457DE,,,,
3AAAA23FF3D9AA0E2F91,SA7380000431608010102902,,,
3A7B3DBA905BDB03445F,,,,
3A5290E731A0B2F7CC26,,2622186902,,
3AAAE8B1DBBA766E57E7,,,,
AC7FB2F5EAAF26B57D9B53358BE7C700,,,,
ACEBA2209C45ED8AC6888B3306FB17C8,SA2580000484608016062833,,,
AC0A75B24916C3D2F62C8F90CDA3C114,,,,
3A30AE3075052E2A0196,,,,
A59B559EA249146F736843CE66AF4ADE,,,,
AC4D13E0DED581148ED1999C8122006B,SA3880000986608011256466,,,
3A2618EE995B0FC264F1,SA4415000007781702550006,,,
ACACEB3F95F7F751751B550DB5D622ED,SA5710000006256252000110,,,
3A790D7C4946C28FF08F,,,,
AC9EFC5857F42974F10717E777814511,SA2580000130608013526523,,,
AC1451C51D32125512A20424EDCB1F7D,SA8336036036096604074825,,,
3A16BB806F59910AE4F5,SA1230100817101935970477,,,
A5D20EBEEFE9C489DD3A8030E26DCD22,,,,
A51F48DB8A5707D9E4908B2B7A6E5F2C,SA7880000254608016152822,,,
A583889A374C724DF96995432444557A,SA2630100991104390932876,,,
A5A5CECFA03681C4CB05E7C06D1F7A48,SA4230100991105275051213,,,
A5642C942A90BD573C0C04D4643E53AE,SA0380000640608018950200,,,
A55C5A11F22C96EBA890834A22434EBF,,,,
A5736C1B5BA4837A75AB2F4FAE281F76,,,,
3ADD6E56D8863ABCBB5A,,,,
A532DBEBC81507DC39924D2978C90C4F,,,,
A594524243B56369AC59DAFF3FC11A9F,,,,
A5AD710C2EBC556C9815E5EEB109AD0B,,,,
A5DEAEA7EC1BC1B419D03E0ECD9D3BAA,,,,
A526F3B9B2F8D073D3253C3C74F130E3,,,,
3ABEF9E2F875D38E3389,SA7480000445608016026265,,,
ACEFB919E07071CB74D629DF480F1D95,,,,
AC9654CA7FD0923B60E684489C91CB6F,,,,
AC91E525D2E44F91222893E28C8F59D1,,,,
AC4F0169F89101C16D5285944B794FC7,SA2130100991101203887095,,,
AC9A7F4A85C39B0B16DD291D32E6D349,SA8180000650608016053913,,,
3A038B69F9BD757B1C1F,SA4205000068207402223000,,,
AC6CB98A0200EA073485B5CB874C3C76,SA2136036036077459293708,,,
3A57A271C022E985F26C,,,,
A563EA0A9D830393243078DFB6E9A6CE,,,,
3A53CF94E9A7627AADF8,,,,
3A21D6D28F5503FCB99B,,,,
3A07E7E7FAE8F1B750A9,SA5910000011100287731101,,,
3A6027662B3AF4A50004,,,,
3A9251F966325414A64E,SA8710000032700001195203,,,
A50CDE13137E27A59A247F4EDE244F05,,,,
3A0F5DD04AF5EC771C19,,,,
A54BD05AA36110ED5091BB26573DFBF9,,,,
A502BFC8E37CF124740BB19A4B70E116,,,,
A5D99A7234B83A1524F668279FE76ACC,,,,
A5158BC54273DA2E2EACDC941531AF6A,,,,
A5A0EF44014C09905071818855D4FD28,,,,
AC18E17F3E235C12C945823CBAE6E5D5,,,,
ACF4BF54C2CA6F0FD04F7778093AFD1A,,,,
3AF1B2DF2CA3CA4D7E9E,SA1015000007781708940008,,,
A53C3CFF949F86943DC50CCAC0EF55B2,SA7536036036081225804385,,,
A507EEE8DCAE13B8C064445161E8FC98,,,,
A51F092EFFDA1593DF56728ED30CCF8E,,,,
A505BD353C1CEF7FECF0854422F7AF68,SA7080000857608015288034,,,
AC2F3FB5EDF76DBAD22DA7D7CE74C05C,SA9305000010011771354573,,,
ACAD0315D09B4780644EDDAE3E4346E3,,,,
3A67E7290511BFA67366,SA9815000961118308580007,,,
3A8EFE1B51CA4E0718FD,,,,
ACB1C435AD881D6A43892FD79C6D42A1,SA5880000258608010939329,,,
3A116724D07C49B53314,,,,
AC809781CB94999C4D38845E770F187E,SA8780205902867222121014,,,
ACA4C686E89DFC51C38643E6A9563EB8,SA5710000006256252000110,,,
A54FC5391578C5540C5A1EC16C753196,,,,
ACDDAD242D170728BF91D0404446BC1F,SA4080000250608010778451,,,
A564784DE5E2F71A85C676912B40AB9A,,,,
ACB54B047417E9A56C8421B6D65D650B,SA4430100974017283587624,,,
3AD1BBF440D5161DA9BE,,,,
3AA1DE009E0A43337A3C,,,,
3A8C651DF3A8BD224A5C,,,,
3A0DC73C5FB2698BD135,,,,
AC55E5E9E1809277D1790676D682EA0E,SA9205000010011962017500,,,
ACC0909D1090F44814E745F89B0A7FE4,,,,
3A935E5613037D96F8B1,,,,
AC99DD565EC59B5D966C48F08BBFBD33,,,,
3A948111FADFDB15563F,,,,
AC690D75591E266FE81CB834934D16C9,SA8036036036055480818179,,,
A59AA4DF4AE43D60C5511BB1BDE8F725,,,,
ACD670BF82947A98D70B054FE24C13BA,SA4615000007645347890002,,,
3A40806354FDC269F12F,,,,
ACFB09C19837E99C130970AA4DB9F6F4,SA0380000355608014088745,,,
3A2CDE59E97549AAFB37,SA5080300011001116110938,,,
A51D700ABCDE5754F41B5EDCB08E8083,,,,
A5F9583828424BAC90715C70C6D42CED,,,,
A5BBB850195331EC560DD8B99301558A,,,,
3A16A77B747918A4365E,SA9205000010011962017500,,,
A563CCFF033DBE648318C015F0ED2B31,,,,
A5C14B1065AC3AA4D7692D2C030FE47C,,,,
3A325F097EBBEEB9A9E5,SA0736036036093862497972,,,
3A7AD5346DFC7D824C3E,SA6115000007781733790005,,,
A5C7494CDD91A168D0D9827CF9361322,,,,
A58BDC49C35295F82CB77ABE9C46C6F5,SA5080300011001116110938,,,
AC110371A156B9E6CAA3C00398926376,,,,
A5DDC0EA3545BA9143A8A0079EAF646C,SA9480000566608016180487,,,
A513BC72AE131A784F70E5008CFC36E3,,,,
3A77AE72E90B35432A03,,,,
3AF9C9D7DCE665629CB2,SA8305000010011961518500,,,
A55180F3227CD31586CB3421615A20A8,,,,
3A7882B8C4E881802CD1,,,,
A57A3FB1E848D74431D7184E0D6BC2A3,,,,
A54493991FC27C103AFB569884591B5B,,,,
A5BD19D023A0E84CCC50580053E66C1D,,,,
A5F19B2AC9E36210F674182FA77C40B6,SA7515000007781734370007,,,
A57A69A975D733672E2B1525B2EB17E1,SA5036036036021911721714,,,
ACE6836EB0B8DFFA62A73B8F42EE94E5,SA5080300011001116110938,,,
A528A156FECE1A2F356D4E5886C08DC3,SA0836036036067399125473,,,
A5B05AC26E84B036ADA8DF9C632D09AE,,,,
3A56E2852A2ED95730C5,SA0910000065900000963505,,,
A5D4E7A1B1D6AA91252462405BDEA509,,,,
3ACE1ABA551316B453E2,SA2130100675020067030016,,,
A5EF5B570C7520ED5FEC20F6FFB724D0,,,,
A57FC619FDB774E430B7BE5771161832,,,,
A51BF2B3662E3C5BC0541B3E03D9F3CC,,,,
ACD48D1D7CB012229F4D0F05084F812E,SA7505000068204845904000,,,
A5AB1C9FA4CAE29ECEFB60A6DBC1CB6C,,,,
AC560FC30421B198A5626FF9EC839728,,,,
A5021128C951FDAD1330D6977E26D96F,,,,
A539F7C70B802936259663FE74F3796A,,,,
AC6A36A2D1E5867B6A9B65EA0669EA37,SA6080000501608010242323,,,
3A69882F7813939A34C3,SA3980201595850222121011,,,
3A957B0AD8169A547323,,,,
AC263197C3F5DB63C0CB5B14F035B9C4,SA4910000011100265288003,,,
AC1EE757581D0902EB322B556EF00D16,SA8130100974017283289944,,,
A5EB0FA093E4B8B58AD812F7DF861B85,,,,
A5D8D912930BFC27BF78C59678E97639,,,,
3AC4E399D2BE0550CBBF,,,,
3A8268E5A9E76438554F,SA3230100675020619710016,,,
3A269F4CC09FE06FD68F,,,,
ACABC47A90E1B57B415C308877BEE1B2,SA7080000154608016202586,,,
A58C5A4F7F7EFDDEA75E3BDB2684DD80,,,,
3AB51FBC028BA1327CB1,,,,
3AE0E34ADB6742356948,SA2810000040800000696504,,,
A59DBD97A482C1128B640EA6F1AB7584,SA5610000062300181610207,,,
A554DB97BF507C2F71804D950D2E5DDC,,,,
A5D3474348C1F74EF6BB7F39F1CB886C,,,,
A58B015784819E8E6387DD1CC8E234B1,,,,
3AD79655DCFF77D2D5F5,,,,
A51B9F1BE471858DAF6F9EFBADE93354,,,,
AC9EBF135525153B1D036CA40B5C17A6,SA4030100974017283463245,,,
A5424DC0FF754EB3CFA9BB364EA18BDB,,,,
A59999795551EC738282B1646DFE0E9C,,,,
3ACA7ABAE0A6B74BDD03,,,,
3A21DA11C049C35F93AA,,,,
3AB4AFD271AAD18CDFBD,,,,
3A5009488220F3F86D7E,,,,
3A0ADEEF32756F725CA3,,,,
3AEA1CAD3BBB1B4D6976,,,,
3A8B6BD3AA081B327436,,,,
ACF0E865E57879A61CC00FD100CD1017,,,,
AC5D63F6A4F1CFE9A0CAE6B4EF55D391,,,,
ACCD7D3A8867E213FF4AA9DDEAFC18C1,SA3230100675020619710016,,,
3A299DB897302AE52F76,SA4310000015100001884702,,,
3A4918D847DBC03A7ACD,,,,
AC6DC63512EBA85530118A6909C4AE9D,SA2630100974017284108062,,,
3A4B024EB45525A8FD6A,SA4115000007781706380008,,,
3A6E1B27AC511050507D,SA4115000007781706380008,,,
ACCE371E14B1DED0A2B1A98E77F19537,SA4115000007781706380008,,,
A58B6779A99A48466A2B8FB5AE8AEEFB,,,,
A5488BB91FD3C552118C1F622B0E8959,SA8315134018967978768732,,,
A5963CA1E74A8C982602A4C47A620A63,,,,
A520F1CC255C6369CE6F78FE2AD52F46,,,,
ACB58F8F3C02022CF4921DE27AC1EA49,SA1980000177608016425842,,,
A5F4BE0804A5EF4BD0C135F27EA2B52A,SA6836036036076551609251,,,
A592C391032D7456B7B8010F03F59770,,,,
3A0366ED5BCCC2D78BD6,SA9480000431608016048042,,,
A5929037400815691AC4AE7E0B324EAE,,,,
A5B822C2680B9487EA3C1FE2A0047DBC,,,,
3ACA56E53CB0E0ACE1E5,,,,
3AC0D07EBCAB7D2D7632,SA5115000007781674070001,,,
ACEA65BD2789BD56DDF31CA9C3D9D4B3,,,10779084,134
A5C04949E38703EE02788062AED5A114,,,,
A5BD3FE41A2A89E3F7C46DB0D1BF6EE4,SA9545000000028413631001,,,
A53CDA86EBEFD8506CD5D22FC842B284,,,,
3A23CA18CD9871B599FF,SA7510000012400000670209,,,
3A0CE9CF5DE43703FD60,SA6436036036080628586544,,,
A5DA263362BEE55F8EA0DE6F8A592160,SA6436036036080628586544,,,
A55D4342A0A1ACF17B6EE4A1D9E1E98C,,,,
3A5770B43A580370A6FF,,,,
A51FC15B51DE61EABD66303F52CCDBE4,,,,
A53551592A9C48E0D677F282FC59F170,,,,
A54DAED5231C0C984C4F0D6A90D6C44A,SA6730100974017283946207,,,
A5C9EECD681B0EADDFFB9AA5BF27A3E0,SA6730100974017283946207,,,
A5F45C663290E114A61702856D87D366,,,,
3AC9E504F33C96101A21,SA2220000001693065379940,,,
A5CA27C1D88A4065ABD5054B64BA96E6,SA7220000002245973109940,,,
3A0A5BC6518FB0970A53,,,,
A5400C60B50DE54FA3C563A61032132D,,,,
ACDAB68BB41A7D8BF9CA02637570CA31,SA2110000065500054274606,,,
AC0B111207A26437D82037355725AA75,,,,
ACE136CCC9C9A1C2DE7EA30F6C2CF38B,SA7780000346608010525247,,,
3AEFC2E6510A6181EE88,,,,
3A7D68C735D2A52DFC98,,,,
3A8836FD50CC8994D86B,,,,
3AC26474AD5FC50CB593,,,,
A58588C27A4B1010076E92F4A9BAEA02,,,,
3A08DA2AB63768F19651,,,,
AC70339925282790D42711639587F2F3,SA7405000010011963250500,,,
AC204E939D150DE4BD5B4262CD0648C4,,,,
A58520B532DEA39F946D8D46D6661D58,,,,
A552C49AE9021C9DD36A0EC25DE85493,,,,
A519CE946EDF162417569FE1D7842EC1,,,,
3A3B0FE4CFAE1205C7C9,SA3930100974017284098516,,,
A59008CEE4BBC5EC09AF01189DED4E95,,,,
A5F42B0FC77296D0A14783BB7434CBEC,,,,
A5DBBD722B511282D1C45A0D35284AB2,,,,
A5E03BC2DCFACEED53D82BE423E051F8,,,,
ACC3362B7FD2707E5D2CB4BD12D21B74,,,10781088,134
3A6605B654D7BF172711,SA6010000001400031155801,,,
ACFC55C6D3767B315285C03E27C5EC38,,,,
AC432E5743F1366B86524B3F0B9A8BC6,SA6880209041640222121019,,,
A5D1A6DAB81C377263E7F73FD2F767A8,,,,
3A709BDE937666B12802,SA6880209041640222121019,,,
3AB8441D1792DAA38F6C,SA4880000154608016202594,,,
A5FC1C56482C288ABC77C159027A3071,SA5630100803100468799019,,,
A55DE468104BEE5D0733546B9973CB0C,,,,
A584B486D1C2A7F359289F637FDAE79C,,,,
AC4BCFFA3EFE39CE5FDC77F6E7041872,SA6880209041640222121019,,,
A51583505F641DCBC0704A0FF529DA26,,,,
A591AD58EF9D20A15202496FB3024A21,,,,
AC4B099D5F2B7A0A5C3C24B06520FA7F,SA0605000010011963446500,,,
AC9BA676BA42E34C5E59FD6BBB98CFEF,,,,
3AF92C07B22C67771FA2,,,,
A5089E210AE0A3105E5C97C3310097C4,,,,
A51B8D474FD1BEB56C8EEFFC983106CC,,,,
3A04FEF2CBF67AEA67B0,SA2505000010011958701500,,,
3AA062C619A2AC251073,,,,
A55741D4DDB615FFFCE4FC8D89C262CA,SA2780209041599222121017,,,
A5C26B733E06811C12283BEC3559894A,SA2780209041599222121017,,,
AC66489683603CD0F1DC9EFBF44DD467,SA4080000155608016173588,,,
A51E032E4E440C50623FD0244D2069D1,,,,
A534DAD52F9BB799BD3AB677F67F3C53,,,,
3A45458EE0C2374D89F2,SA9210000065500048826002,,,
A5A5F29E5B4BC25CDBC797DF79075B56,,,,
3A83705E2F212AB24052,SA4080209039404222121014,,,
3AB366934E63384F9D34,,,,
3A9D19C87B2D16A70645,SA2930100991104587008137,,,
3AD0584AEBDB1D8E8A2C,,,,
AC7DCD878B2DF7A3C42D406EC6038D86,,,,
A5A63D8DF190C0E55E77ADFAC54915BE,,,,
3EB0479741536A3DC18F1A,,,,
A549559EEFF4392F0949B3AE9CF6554E,,,,
AC3BA107A9DC5F31F052267AB1A73D82,,,10327268711|20763950379|20826583146|154723010301436,153|050
3AF5C5005838C161E834,,,,
3A1BB101FDED0ED1AB12,SA6915000602111199710009,,,
A5A59B8EEB61849E1187B9CC5E38DDC3,,,,
ACAFC081D0D60AC4FA16ECD54EE11B20,,,,
ACF0B4C534F5D89F044F6CB070F88810,SA1680209039836222121017,,,
A515742985930D59A23E1B47F1BFCE5A,,,,
A5A0297F5BA061EF0392DDE4CF44A0B9,,,,
A5653F3988ECC5B39D32112021D2C5A0,,,,
A5DDE61C53C8AC9284DA050D3E9C3426,,,,
3ADCE91A7EDF5EC0869F,SA0730100991100056079945,,,
3A9004377DFCE0B61C9B,,,,
3AB7AC61BCB70DA394E0,SA5715000007781761680002,,,
AC3BC58F73A9EC7C05ED5F512534C507,SA5715000007781761680002,,,
ACA2141A0BA2408FDA4E1D35272DF8A1,SA4030100991104115709480,,,
A5919C22AF94A8878B3B1F88F297602A,,,,
ACE088D58F764896297789A160078155,SA5915000007781759800009,,,
A5C11129C31B64033F8C6144F7FAC610,SA0480000154608016202610,,,
3AA3C8C4C4161EFE27BB,SA3230100675020619710016,,,
ACA1402C73E6981C466BEE89E124D8F7,SA0780000518608016035946,,,
ACD2D9E07EBF3C775CE850B628EF49B3,,,,
3A114F454281A6F406DE,SA7780209043193222121017,,,
A5465CA0A0DD183D8C2B86B0AF48D318,,,,
ACAE2004F3742F76D55693B270ACA9B0,,,,
A5EABB937489164FDD141695685D35FD,,,,
A5706827F82DC04FBF8E5EB50398DED8,,,,
A56449B1D35DC751F64333E3C314707A,SA3015000007781709190005,,,
3A40840F0C72E859E2AC,SA3515000900147062520007,,,
AC444232A9E94CC14CD7B653E4BD80CB,SA4080209039404222121014,,,
3AC838A1BC0304545735,,,,
A5BD1064A80F8A40A25CABE1AFDDFD99,,,,
3A656E9F2EF02FE0A8BF,SA2393000072690595471000,,,
ACE93A4F8DE6793D6FC1D16CD579C8F2,,,,
AC5DDC54DBBEB15DA7D0082134A72536,,,,
3A141A258DAF909B10CC,SA4180209022052222121010,,,
A5182563236729C39921BF27D50B3BAF,,,,
3A7DB545332D11D6D71D,,,,
A5A5C5C7140244D0DFB331F78BFF647D,,,,
AC82FCB3FF8738831A0321BC3FA3C28D,,,,
A5F75794D59FC4D7D708EB176E87047B,,,,
A50A24F8FF30658075C6359F6A4E61CB,,,,
3AAA215C8757395EB514,SA6015134018966799516478,,,
3A307F434ED9623D89EE,,,,
AC395A967EA5070A682FCB520C2C6DE5,SA3536036036003205065665,,,
3AF24527F89B73526742,,,,
ACC81CC60E546056F833419BB2E1CC8F,SA6015134018966799516478,,,
3AA016F6B250349DC29B,,,,
3AB79D789F4AA4070386,SA0210000018699916000102,,,
3A1BF024153C975F4934,,,,
3AF60C7E7154421CD324,,,,
3A4A31D82FA56CB1AFC6,,,,
3A3EA4A6A975B42CA8DA,,,,
3AA1CABE3DE23FD5EE04,,,,
A596CB82EFAE899F85FF4EC2ED82CFDD,,,,
3AFFF18400DC67088D48,,,,
3A0D3906CBF5F8DF384B,,,,
3A4B5AA7943C54096466,SA9210000065500048826002,,,
3A9A049C0E32E6C20EB2,SA3230100675020619710016,,,
A584F14E98C35480AB4F9D42F35BE267,SA3136036036083968290348,,,
AC7A05097AC58C3ABCA73F2E69F45B6E,,,,
ACEC6F21DDF36C8A552C569D441E7368,,,,
A54D5424081CD0B71FB8602CEEF14BB2,SA1805000068206956406000,,,
A5FFB84531928D972BE42C5E784A0E79,,,,
3A9AFB9B19AA8A243B02,SA7880000154608016202636,,,
A5EE3F3642399C38B0583C849D164DA3,SA0580000475608016612760,,,
3A42F0CFDDE461F4CFED,,,,
3AF77890C768B5D13A40,,,,
A564CB4EEB84E0AAD985E440AF27A5DD,SA3315000007781271770003,,,
3A27E7A00DAD93436F11,,,,
AC626BBF5C2F280987118AF9FFB6A8F5,,,,
AC4E281494C79DE40ACFD28ADE5D8C1B,SA5680000154608016202644,,,
3AEFB85C10779116FCCD,SA8380000868608015160665,,,
3AA8534288783AB3E4EB,,,,
3A308AA6C27834E2AFE4,SA1280000244608016192631,,,
AC85E6ADC0C03257AA216B29E80CF0DD,,,,
3A143E6892B485F19E94,SA5880000168608010047452,,,
AC0721A78A339372B9019AA6A495A74A,,,,
ACF6C32CCEF096D7EB9B76874131E4A2,SA2536036036090463129544,,,
ACB5F46C87DB9360B8EADAE4527727A9,SA0736036036077595648412,,,
3A5BB70A9673592C3E19,SA5930100974017282665660,,,
3A8CCC306072A8DF1892,SA2280000539608019037746,,,
A5119FFD1997DCE5F10AEABD084417F8,,,,
A54D1962A14F89EAB629C3F507CBF13F,,,,
A52B18F9EC96AF1EDA69776910F6C889,,,,
A5977E7C5BFBE4265FC7281016565A3E,,,,
A597D7E8FE33EE7C59E9D0E80C5C8571,SA0515000007781775430009,,,
A50944FA41D4CE988814A5DA860A9DA3,SA2320000002996720139940,,,
A5DF5E3B2838FDB721A19A055D5FF333,,,,
AC41AC5CE96803AB896D4B385CB358C9,SA2080000315608010216356,,,
ACD9B53B3EA968EDDD97070C462D9464,SA0630100991103996377782,,,
A5CFE1F6ECD00A1C0189D5F6A87A04FE,,,,
3A0E3679D75C39A5150C,SA9015000007759320500003,,,
3A348DC649907438775C,SA1215134018962585843647,,,
3AA21E331F9019C21780,,,,
A55E05ECF4FEC59437F377B64309A4B2,,,,
AC11A070E0411A915876D2FDFA044B3F,SA1815000900141578910008,,,
ACAC800BBC6864ED13B2B3177532F7F6,SA5330100974017283899802,,,
ACE4090DF67EA1CB3928465547F3700A,,,,
A58CA329E9AC0EBDAA22F1A0B2D317E5,,,,
ACB4BCB350241A055CF0DA91809904C1,SA4936036036037189703822,,,
3ADCF58B15E627C09B2B,SA5180000221608016712708,,,
AC775C2EE97CB45A913DD37EECFDFC92,,,,
ACA938BC702D1B4A3350ACA4C6B35901,SA4305000068205862522000,,,
3AD01E6980F3CDF3A950,SA2280000539608019037746,,,
AC2C548879F4F84CB1351B2E447FBCE8,SA3230100675020619710016,,,
3A3AF5E86DA74E4D7AF0,SA4905000068202156074001,,,
AC47C11D6CDFB9A3C33306580F3E3B3A,SA5630100974017284188226,,,
3A129E255C4AA58244D3,,,,
AC8F58F8CC2723A5E16658C403960E54,SA1815000900141578910008,,,
AC67A90E957ADE06513B0915454BE9B8,SA1715000007781776380005,,,
A57BB4C87314178543520141B80EBB8D,,,,
A587FFEF4B975D0B44483CDC46E2B244,,,,
3A9CE50FA615076979DE,SA0310000042100000968004,,,
3A85D08B8DCE366F84F2,,,,
A5AFFE9C27B0AB23523A00AFB842A5F2,SA9636036036035168403784,,,
3AC0D73329BF27D8E948,SA0780000511608010064394,,,
3AEEA7E54484D88BAD64,SA3880000483608016011724,,,
AC4125A53ABD352A1F6A7988D51391B8,,,10781114,134
A5B5D081D9C3E15CD9D762C010ACC58C,,,,
A5CA209B931B5DD739D29722DC4CEC87,,,,
3AA82BFEC9E7656E4090,,,,
A5C886D54DAA3D3376FC35C85D0DC652,,,,
A5067122905ECD2DF5E494295DFB775D,,,,
A5121BF80CEEBCD387FEAB688ECA50E2,SA7580000868608014273550,,,
A5B32815AAD3011D46151F83AA96F9CB,SA0305000068206613908000,,,
3A31F9D091FEA0955C2D,,,,
A5EB04A168E7C1F92303040E05723EED,,,,
A5321541B3A3F2B21F634277015473B9,SA3380000980608016631917,,,
A53701BC99030441BD2689129F967227,,,,
A5654B2350437B27939CB0883786C12E,,,,
A5DBF53748F67E77DB4C0322974B2F77,,,,
A55A4FE64DDF7FA16D1F6BB42B805FF2,SA6080000483608016011716,,,
3AC05E9BB3536B8502A1,SA8210000036062931000100,,,
A59BB0A6590E44955BF12C9CD224073F,SA3910000062300181753006,,,
A5D28D1F0484E7D9073062B9D14ED5E7,,,,
A5474B7ADC0A38D00E4141F59BB0CF3B,,,,
3A286A850E17E4F18302,,,,
3A5ABDC39A7AB840A9A8,,,,
3A41FA0653006895CE82,,,,
AC0A0E86AE7CE9509A92392A4D0CF5CB,SA6180000154608016202651,,,
AC28718028D0201ACA728F8D5E139FDD,,,,
AC3C2C49EE70750778C4FDA70A13CD05,,,,
3A4264ABDAE9DE6443AF,,,,
A5889024B2DC3915AF7297208BD36C4B,SA7380206278541222121019,,,
A5A604934DD5DEC3109C1B61068109C1,,,,
A5CFCBAF6BD6E3FC5DF0EDF6B5604783,,,,
A5ACEDCF50CC21C20B2F646E6B5DDB11,SA4730100991105452102992,,,
A5004168B3B41EBD34AB5C9032DC1121,,,,
A5CE3007B0F919569F368DD48324586C,SA6305000010011956777500,,,
A57716010DEA99FFE2913B83F67257F9,,,,
A5689387C6294D1ACEA7594EC3842DB9,SA5515000900147010170008,,,
A512642C49330351132313AC22E1F8CB,,,,
A5B4EB4CCB480C145BA5695CC7401742,SA4805000010011949123500,,,
A583F6E3101D2642F1A6FD0BBF5CE3D8,,,,
A583F97583BB3E75EE5D92E730B97AFE,SA8710000001400029432401,,,
A557EDF0FC707A2D86176E46AFABEDCC,,,,
A5F247541D3A3AA95D67564841186A84,SA9105000068205201962000,,,
A5372EFE3556BD2DE3FD858A305254F2,,,,
A5D5B43FF6E0B2BAF34C3A1976366007,SA6580000347608016970966,,,
A56EEAD7DD183B653F4F338A263D0212,SA3330100991109910531025,,,
A52C4613EF76BFDEFF82473712BA31FB,,,,
A537E9125E0604C3B7DD7E8F0FB895CA,SA8880000281608016094062,,,
A5421FEAED4BEB6E9F4E21D1A499A12C,,,,
A55E55844E5583CBF3FE02F2BC7466A8,SA9005000068205450302000,,,
AC4A07E60CF65422AF4C94877347747C,SA8280000868608015645392,,,
A55D103BD749B4EC8AE2DC76649A0B8D,,,,
AC795CB4189BA20CFD254AEADC721C2D,SA3230100675020619710016,,,
ACF83271B5902B2C0C1BE899A3369B1D,SA3230100675020619710016,,,
AC406B9759A55794BCDEF9099CFE2B2B,,,,
AC13579F3CA402625A0BCF1B974D8E21,,,,
ACD17299BFF86CB65F42CA414926BCA0,SA2878000000001036257508,,,
3A65461D01F4F3E4E6CC,SA6815000007781777300005,,,
3A015C4FB8C269F3B47D,SA5430100974017286150281,,,
ACCEAADE21E3877713D4597B7ACE2970,,,,
ACA835B9451E5B310E428BE0AA03AAE6,SA3193000066260479376000,,,
ACC1FD9369AFF5A8EEA25A9D3D1F2F78,,,,
A5730AABA2E63931CD3216B71AB00C7D,,,,
A56B8C03B5E244C19EFDAF56537D51C5,,,,
AC944D3311059F4595F84CB974DE9752,SA2760100000682342188001,,,
A52F246BD569011D09137A22DEBA63DF,,,,
A561D4210D4B091E5A30CA08667B3D9D,SA3280000868608013544399,,,
3A04E54AAE510D782C81,,,,
AC85C29C9E5FB36E7647546D5EF2A9AD,SA5180000221608016712708,,,
3A129AA780793A05E350,,,,
3AB12076CBFB238B1635,,,,
AC6D6F85853DE84716524461FA6706AE,SA5415000007781788140007,,,
3A2CE06F773A71B72A06,,2616478166,,
A545BD127BC7C559DE2287EFD84ED2FE,,,,
A5494ECE9697D84EABE8CEAF6CD7F1E2,SA6139100174017283995300,,,
3A52662F70751F176234,SA3880000648608016106294,,,
A5BC37FF7046F4C0AC9273FA3DCB1EB1,SA7110000062300181847102,,,
A5056653BC41FEF4AB43C34F69F7868C,SA4880000154608016202594,,,
A53C9CC93B01138D44C5D3C78DC4FCE7,,,,
A57CF9935C1DBBF7B9647B5417120CA2,SA2760100000682342188001,,,
A5CF7311CA4743FFBECE29D9B57FC0E8,,,,
3A1653CC5EB5872CF6F3,,,,
ACC57EE2EFCE4268CF20A6BBAF5E9250,,,,
A58F28961089F268CF481776CF675EE9,,,20763950379,153
3AF773DDFB0DB4A1B480,,,,
A5B668294EF6D4FB1562EE9D8DB820C4,,,,
AC5338BE8A2D11B0CC2D9F4E4EE5EDA4,SA1980000679608016036410,,,
3AD75DA7E5F1E266B775,SA3780000648608017175058,,,
A54A2A5F9875E725808A4EA137FDE223,,,,
AC3B8A1C72B2C73C17BFA9CBE643AAB5,SA2805000010011964461500,,,
AC3CF9AEE403D40F0866059002F39BEC,,,,
AC1282FB8973CF7BD61FB371404E6FA6,,,,
A5389D6FC801B741E4D48F9158718FE4,SA4415134018961325369102,,,
A5AA4A53B2F345197745D7C1E03F83B0,,,,
A5B3DE97CB93C4B674F75D86B2A30571,,,,
A51FB963A53F4A2E0B3512B204A4380F,,,,
AC15B0C891F31A681A1A24D1FFAA0EAD,SA6405000068205761125000,,,
3A80759DF3F1A634FC3B,,,,
A5E3E079643CCDC3A0C5843815C4B9BD,,,,
3A46927F130D75D142BB,SA4205000068201902795002,,,
ACB2FC9CEE1DA704D02941666E52C983,,,,
3AD4655967BBBE58FFF8,SA2736036036072769355725,,,
A5D2069658EEA5A89D8FD3D4E01478AD,SA1145000000028413953001,,,
A526A29685BA930BE4DC78DB446D0088,,,,
3A456D7CF5597F429BBA,SA2730100974017009857422,,,
A587047D18CE53148A450AD6F09D2A63,,,,
A578DBED972870DEE0EDA311C1DA5CB6,SA7015000007781795370002,,,
3A9C30A9C766B94E8A54,,,,
3ACE039B3C961A79697F,,,,
AC6DE96E082DE0ED4B41051C07D5C97D,SA2660100000682317279001,,,
3A76F039DFEB58CF3826,,,,
A54645D957CFBD4C090EEBF272C58BCA,SA5580000585608016244744,,,
A508F8653AA7DF19BDA28CD49499058D,,,,
3A5CA6AC152AF4B7288A,,,,
ACBF27B5F2A2E20C0C01CC3A9322B477,SA7536036036090402988741,,,
ACE8D6ECDDE76EF7FD72DAE8214F5A9B,SA7536036036090402988741,,,
3A43639E410ECA7FE21A,,,,
A54F5178E2B4D2821DD931CE68D9B228,,,,
A5B275F1D1BF1BF5EF4D82D7CD1E4C89,SA0336036036060343132357,,,
3AC31EA303FA9797FE64,,1140057926,,
A55961268229DD70EF3AB5988A2C7792,,,,
3A5AD6F552FE76D3CA8F,,,,
A55206D5477AAD3AECCC6EE8B126C229,,,,
ACF1751995E2FF76ABF931CADA95BB51,SA7015000007781795370000,,,
3A6A37AE095AFC495CB4,,,,
3A2F001F51569B22B128,,,,
A54EDCD5B83C806B63D569BA1AEAA76B,,,,
3AC729EA2B4724BCA533,,1135260949,,
3AD1E411819AEB2FC846,,,,
3ACB335CDF1F7D87840F,SA9536036036087927252240,,,
3A43A30F752B15D00F5D,,,,
A5D795544E805ACF384A10F41A394057,SA3215000007781796340007,,,
A5EF9B3A4978BAF54C2AF5D7D5C5AEB3,SA1330100675020654900018,,,
A504C78B5BDEF2D9E3B080675786AA18,,,,
AC9DC5F91E26EFB5105766BB3D8E9A18,SA0280000416608016142307,,,
AC4DB5B995FFCBA0F42096C6DF5D5BFB,,,,
AC6333C0EA056CD2E89EF150EC643417,SA1330100675020654900018,,,
AC59C5C30FAD5EF2E710DFD4ADB38170,,,,
AC51358180A2B2126E7C836B5B4BC72C,,,,
A5E6259A0E31B39EA2D0C2E2E608D6A1,,,,
A505FAD029660D825900FE1EA6F40578,,,,
A595C4E9055BF0D581953E90BF9CB95E,,,,
3A810E3BD830234E53F6,SA3215000007781791920008,,,
AC293DCEB47136692B95FDE5CAC3ED03,SA0810000026400001265810,,,
ACD8D629DED6B5F9422A470B8279630C,,,,
ACC72C562EB94F696EDA3935E8649C9F,SA4720000002444367709940,,,
AC54A480841CA5C4FD5F4DA96DE7EFA1,,,,
A5DCF83185C6B32A364FE96D11ED2297,,,,
AC1F768032844CF7CEF6CB96592E176F,,,,
3A0426A5F7FAC3EEF33F,SA1330100974017283994806,,,
A56E4D0CDDD75A6B99F873697AC475EB,,,20763950379,153
A5731BF4DA83AFE51FCFF427E5DA3430,,,,
A5608668803C1BFF278B242DA6B4D60B,,,,
A513B418FD990A3FB74AC2801542B354,,,,
AC92648E229112024E032C80A1488B3B,SA6980000104608010206139,,,
AC78FF83B9531A1224E63EBD43B6B2F5,SA6105000068207420855000,,,
3A22F10AE78B55359D75,SA1380000447608016212533,,,
A5ED8C83749E6D0DD5B73E16F50914FE,,,,
A53D81AA4818A2B76855D0D9ACA80FA6,SA1305000010011935855500,,,
A5589D96E1D5766DE3312CF9B6E8FC49,SA1130100991100091199499,,,
A5B77D8330C7F29EDFA658080F11B67E,,,,
A58C2880E2F98FA3C19B3CC2C1CEEF7B,,,,
AC1F1E664EF5991605158B3F431A0A8C,,,,
AC3A2D6BCFFB2BD5712DDF15B0AF41AD,,,,
AC677FF69F3530B980E5E4D325EE4793,SA6730100974017285992228,,,
AC2C04E247E5DC49F5085CCAE6728A75,SA5480000865608010102302,,,
3A45DC584C97BAD618E5,,,,
A544045EE9F0C7B3FDFCD165BE8FCA94,,,,
A557ADB9F99445AB3855B01F821804BD,,,,
3AB33180B4321D95482C,,,,
AC8013D746931D9F263261BC12B0E564,SA6015134018960267505050,,,
AC3630484C9F90FBBD611A46C45E8037,,,,
A5CD10ACBB7043B0A5F87140631BD0F6,SA1945000000252381264001,,,
3ACBEB070D48E2F1AE4B,SA1945000000252381264001,,,
3A02C8140A50DC107352,SA1293000050501950451000,,,
3AAB45720AF8059CA6FE,,,,
A57F76696E7272ACAE4EF833AE7D3871,,,,
3AE84F9534948AA106EA,,,,
AC4D98129D2A572B3368D8D0165D3BD2,SA7936036036027142182352,,,
A5B1BB36722A8832994E3A627A850EAC,,,,
ACEF3E264B42896EB7C92A2768AD3342,,,,
3A286E7C964F5D2BD913,,,,
3AC82E838396BB36D80C,,,,
3A903B044937000C5176,,,,
3A5E72C833EEBB80A16F,,,,
3AA7E7E32C40573EF954,,,,
3A44AC70C448CB188B7E,,,,
3A2DED5F0423B519EC92,,,,
3A49392CE7BC19E17F22,,,,
3A026B9E31E1A5DBEC87,,,,
3A3672B9BAA9FCC7B0AA,,,,
A5402840BAAF5CBD788AEFBA26F2A023,,,,
3A9341EE806245342BAD,,,,
3A901C4CB50C87FC280C,,,,
A5D2DD3074F39420BE9C5866A125BDA4,,,2692872202,
3A1917116A62F1E5DBC0,SA5680000859608017491832,,,
A5BEDCBF4FCBBA553FE51F9660BC2441,,,,
3AABF066ACFB9BD7ABAF,,,,
3AB09DF213AD6F8C0373,SA3230100675020619710016,,,
A5AC387F0E98CC715E0DA82817DE753C,SA0630100803100467526018,,,
ACE71AAC80AF69CB50AAC3B4527EB5D6,SA8015000007781528850003,,,
A55F4D173A9F066D646BF1AAFD123100,,,,
A5FF41E62960A117EE4E033A0C0156BB,,1107070839,,
3A9D9AA2647FEF1623B8,,,164723010354448,050
3A03447525F410D5E1D2,SA1293000050501950451000,,,
AC706E7F7064FD72E1E6AE75DF57A28E,,,,
A5F1D4C156A61750E2D85BA533603B81,SA9715000007781819400005,,,
A5D2660D478F616C06A1424A009D9DA0,,,,
A5C69883C21438A3E26E8F8E225A4932,SA2715000007781820580009,,,
A56078F5D773FEF7D1B73689B573CFF1,,,,
A5C48BAFCAD95F75E97E4A1FAF4C0F4B,SA4915000900147056310009,,,
A5FD21DB18FAC1B6CB6B8CBD70302ED2,,,,
A51065BFFF7586BE6FA5066B65AC7B34,,,,
ACA35ADC72999E8CCEF88988CE11CA30,,,30056600244,
3ACEA7BACF7E6C17971D,,,,
3A283B428D7EC43FAC50,,,,
A593695847D87A8DFC1B42CA8EC4D5DF,SA5936036036075220642634,,,
ACE80CDEDFE0DFB124671AF0AAC7E9BE,,,,
A55E8021E287DF7D3E4F65D97EBBEE67,,,,
A5428FB344EFFC81B9D3C5DBFF525569,,,,
A5CDD42C2C107531EA4006C13C73C007,SA2130400108039759660013,,,
A5EFA9863D0788A9809C07D1926B0E54,SA0630100803100467526018,,,
A5FC7715AB6F55C1FADF506A9BA63E9E,,,,
3A5EB117C695964B4B3E,SA6593000079204629340000,,,
AC08455D71F8AB2C21C9F1D4CFF16F01,SA5880000355608017538530,,,
A52CA64A836A2A4CCBD218F7F47D0204,,,,
3A3ECDE6682AB287E3A3,,,,
A57FAA00076FDDA693B1251E3832413A,,,,
3A2BDAB076F5B4B278FC,,2514778493,,
3A88F687A9EBD6F07FE7,SA8980000205608016474689,,,
3A389F4120A12D377DD1,,,,
A5EAC6A7117710C00947C2D7C06FD0F1,,,,
A58423D9387F418B8CC74D492219B9A3,,,,
A5908AF761687AFB0004FC7453A2E15E,,,,
A5DB013A1C7588F8D0D4AAB061558933,SA7636036036086186590589,,,
3A8A1FF57A4E78496E87,SA1330100675020654900018,,,
3AE6EA0500A36908F080,,,,
3A0854125C4D0E693D39,SA0630100803100467526018,,,
A59A58265A8CCF8B81E44CAD9DBFFBD7,,,,
AC35B0E2E153DC7E42783DA7BCE2F238,SA6410000069700000969406,,,
3AED4D20603D4CFB59A6,,,,
3A58E9DF93908738B1CA,,,,
3A5A2E54C8AC6BCA413B,,,,
AC678DB78FDAB33413FCF301895D8F51,SA1680000154608016202685,,,
3AD2E5DC967A1567B0F4,SA4160100030482251422001,,,
3A32AE968EC1811F5CB2,,,,
3AB07F2BE9DF7D33E4FB,,,,
A5651F39BD98985B2196DE635B268531,,,,
A524CC80857365FE5FD8A0D23CA75445,,,,
A5D3C79243A29E48C5C21681FC805126,,,,
ACF1F8F6983C3C603B94E6D77BBF8CA8,SA5430100991103838428326,,,
AC60B54004D792ED5ACCFC5DCE5C1789,,,,
AC2E50A9A9BB5BD1CDD3154B0BF54AA7,,,,
AC1367EB2A542645F6C6455A7E213155,,,,
3ACF469446C522519485,,,,
ACBBE4736D893D11828FD6BBA6315A11,,,,
AC132E2DAC941DE6FDC31D79EDD3CC31,,,,
A5CA50990BD4A4B74D753C16D4BF850C,,,,
A58A0C9C3316BD6D392AD8F54EFA3EFE,,,,
A50EF3FCD3D679D2C71960582A6A7144,,,,
A5A879037449B0C83791F2EE468B58E5,,,,
3A373398E9C15C6B6C98,SA4180000859608019466634,,,
3AE8FAE1018B75EA7D0D,SA3230100675020619710016,,,
3ABFC9BF203201A00D13,SA3230100675020619710016,,,
3A4BBEB18F1BA3071FC0,SA8430100974017286078446,,,
ACE7291A26EDECB1688007D0B7676ECB,SA3230100675020619710016,,,
3A6B9737B67DAC4241E3,SA7230100974017286125416,,,
3A1416AB5BE3DE47C341,SA5880000648608017900240,,,
3A379E161457CB65AE7A,SA9436036036061088757982,,,
AC1B5578D57E124EFFB44C5722BBFBE1,SA4180000859608019466634,,,
3A1D79CD7878D4ADCE3A,SA0630100803100467526018,,,
AC49583A2F9254A4A15EF20F08C4B84D,SA9360100001381790838002,,,
ACB10CD41E82F43F3FCB28C4520D37D2,,,,
ACCC46A7913B81CA06E32D8CF75EFD8E,SA9180000154608016202693,,,
ACE62EF53118306137CC55B1DB3D3877,,,,
ACA0F92FAD5C65270BEBD2831220938A,SA9880200384594222121012,,,
AC0C1FCE7BDC2BAF6AA8D45273B5240E,,,,
AC1826E758A9AF4E765F1FFEA4DC5174,SA2260100000682338990001,,,
AC59F17F54523F96E05B898A336D6F30,,,,
3ACCD572CD7AD2125BD3,,,,
A5D1183F6B5777DCF36AD0C3070C9549,,,,
A54EA971DF06A3DE5B46CE510E4E0DB7,,,,
3A26542BA3FD823B6558,,,,
ACE8FC3D93F32AB67E068CD2E057F1D8,SA6980201198562222121013,,,
ACFBAFB24D91B3B4BE58445D3AD23FCF,SA7115000007781845460008,,,
AC8F07DD10F9BEAF7EC509BD81021618,,,,
AC5FA32769BFF1D41C969ED422154F85,SA7180000225608014784564,,,
AC27D2B9F7D80345AA32CC603FD8958F,SA6220000003049843349940,,,
ACD2D8BD0F57519E8E4B127615D76573,,,,
AC27D69A01D7EE9C0C8E62906A0757AC,,,,
ACA90B1EE430B619C26D10B1745A2EBD,SA8295000001016063245101,,,
ACD816DCA9F6A600C58E1A8422C7BDA5,SA1830100991109602011349,,,
AC97258D54F62326574F76CEA1AED82F,,,,
AC559DC0F40C7E96D22AFE766F151B1D,SA4410000011100540809803,,,
A5472222BFC8178B04C7FE28546AFF95,,,,
A5ED0251732685709BADCA5DA24DF470,,,,
ACE3870DECD85001BDD0541748A1974D,SA1480207327904222121018,,,
ACC56CD89F1C725A95D683862F254588,,,,
3A0BC89AF0F85DB96F56,,,,
A5976B39122B03EE270A6CF70352BD20,,,,
A533D6CAD23208A93FAB921B5AD4E14E,SA5305000068206938537000,,,
AC62D78D420CAB6BE6C3F62AA4D974F5,,,,
AC0375737AA0FB97ADE87CE5E61B1CC4,SA3630360360360139194043,,,
A5F6207A466A2028316F3A2949F705FF,,,,
AC0EFF4B6136AA00A3CE44F4318AC80F,SA0780000375608016238260,,,
AC822C975F9921972E9911E39DD66881,SA2810000011100062602904,,,
ACD780308810A18A770712B5F06F0B4C,,,,
ACFB514E7456CBE9E7E11C98B2E5C18B,SA5880000258608010939329,,,
ACB440FF135ED6431BB24F893EF534F8,,,,
A5ED3A63AEA56850F1DC04F31917A330,SA3115134018961883569416,,,
AC868402565B7A2976491B114E1E40D2,SA1036036036061520162532,,,
A5DC8813A399C1D45037C0CE5ABE24A3,,,,
ACEA26FC8261271EB6B09D6776CADF61,SA1036036036061520162532,,,
A517B2AA10F10F9A90849B54CB56AC34,,,,
AC257030ED10717279DBE9599520391F,SA3630360360360139194043,,,
AC5BF65475F6AA2730DA348A64525BC9,SA4015000007781838540004,,,
AC47ACAC0E523CCDE15C0E848D6D091D,,,,
A5A805B9EE94B27829DEDF6D543FEBEA,,,,
3A744D63B276E4B36663,,,,
3AA11872CE300D25ECB8,,,,
ACD58E6904CF7F844E51A6B492CCFEF7,SA1380000105608016127007,,,
3A65708B5721A3650331,,,,
AC95ECEA11F6777E2863C4EAFD999466,SA3930100974017286956427,,,
ACFB51D38A8A66D6C95611A5F289511B,SA1915134018968297679888,,,
ACEF3DC43F59C2D53933947C25B6D30D,,,,
A5FDBC337325635B600C9A26FF4B99A8,,,,
A5ECDED868CC097ACA7296A60529DB27,,,,
3A3FA4E7E9DBC37D0B11,,,,
3A61981C67C98821743A,SA3636036036013919404347,,,
3A6EE1BFE99CA5B7EFC3,,,,
A57EE3A6E4CA80DA7E34146ADB33A7CD,,,,
AC929E3C6E776F3826AB1C79008E8DBD,SA5580209048206222121012,,,
AC796E14E7A6FB4D92BCCA568EFB0735,SA0515000007781847210009,,,
ACC4D3220722655D788F9A6D52D1C965,,,,
ACAF5787780708982B272549ABE94487,,,,
3ABCD068EADD3199DA73,SA6410000011100079737209,,,
3A8FECD6045748C8D6E4,SA5080000210608016606382,,,
A55B709B4D521DFFF45726FCFD5D801F,,,,
ACE9BDC727105F2F20D97A81B4F6CB38,SA8960100000782343195001,,,
AC7A7BF7BA75464F12181DFF34757DAC,,,,
3A754E2BFF882B832CEC,,,,
3A03E9113E2E970300E9,,,,
3A8D3F08143A9D6E5576,,,,
3A195CD3B40CB991C46B,,,,
AC60FBF3065160F0C7DCACE2C5125465,,,,
AC790719B24E3FAE8535C565ABB14C3E,SA0780221923626254545017,,,
ACC1AA199CEA50BE87DC76318AB1F402,SA2180000548608016116450,,,
A5F78CD1210C074F32046806545E4980,,,,
AC049870C424BAEF385551B67C80D9DF,,,,
ACB2559F42A04D7B0BE98980A76A51C0,SA7810000024800000793307,,,
AC9976794E2CAF1203B98245CC2F8160,,,,
ACB1CF57E335F02837ACFE865B173741,SA6930100974017286790308,,,
ACAB5F4D9CAB06B805FB794CCC4250DA,SA0345000000832050868001,,,
A556477BE1E614F9D2F5607A44170503,,,,
A5F6C6AE21E364239F5C8C46A7F8AE43,,,,
A54DE06D816B1EC406C74DFAC09FA12F,,,,
A558A1063D590DE02E8266A1B5A71899,,,,
A56B199A802C85923AB31C26E64AC670,,,,
A54BBECDFD91A4D1455C1774FAA8D0C6,,,,
A55363AE84715292AE2BBC8E2202F8B0,,,,
A564A2A35579DC306E2B9D191AFFF47B,,,,
A5EF550A1E7C5143C31557E95F513634,,,,
AC7BE4414A3A579808BF6F47AA0B3481,SA1945000000252381264001,,,
A580ABB7B81BB91EAA8FE68CA3523AD2,,,,
ACA429D021A9F029B21D8CB5A9BF3F94,,,,
3AE61219C8376E54DF53,,,,
A567EF968233A2948241167A1E5E6B19,,,,
3A4C997AF89CF883F1C7,,,,
3A061360C3EF7C47730E,,,,
A52D52ED1BF565C13846CF49B4D3727B,,,,
3A4B8B1A757664E43BCC,,,,
3A772A47E1EE43A98E40,,,,
3AF665A9FD692CAB0F0E,,,,
A5F8BFB078A044D1316EFF0B59937444,SA1180209052580222121013,,,
A574DF58D8AD267D90B776F08C843BB8,SA9330100974017286383834,,,
A5711366F9DD7B128E626F85292C730F,SA2736036036029040720638,,,
A5A572C6F774BDCF36E5B4FD1641D1BC,SA3230100675020619710016,,,
A54CF0042A111928B1F0DC30493025E1,SA2330100974017286432042,,,
3AE641A959D655C9E7C7,,,,
ACD08FF11405A650B7C2A56598A0C0F5,,,10486279036,
A5225DB96F9D965E18B781D260A452E0,SA4615000007781859760004,,,
ACCF5BE4EBC477F56FEC01EB492683F9,,,,
ACC2EDD71045960BD485F84ED7910C6F,,,,
ACCB1B4E7F255BF2E6C395EC13A0DE8F,,,,
ACB2C5E327E3471FE87450B8CD975602,,,,
AC0015433E60D8BC24D9F51320213683,SA9036036036053776833064,,,
ACA84814AF8A2999A1170B8712B0B5BE,,,,
A5A80F3E8024118E58CEFB461C277CB6,,,,
AC0C487CF39844A73201F428F7CDC5E1,SA8236036036033404121961,,,
AC24B55690A1D1BD43D1E84BDBA13B49,,,,
ACBEC3C2E84CB45E1FF1468AB7A04700,,,,
A583F5A71BCF5B86AF9D5EB922FFDF0A,,,,
A564B1A3CEAA2D4988DE641CC129F8E6,,,10486279036,
A577226F0B35B1BB7F68E76C44879FC2,,,,
3A75C8D13BE93E1741AC,SA8110000011100343780700,,,
AC7CFC6F19F186CAF019EF725A7FA6DA,SA1880000865608019371106,,,
AC0E587D6A6581ABC748E90F3DE87E2F,SA6536036036026477131301,,,
ACDC87DFEC83F178C72DE2E37E7DEB80,SA4605000068203802376000,,,
ACABAA7C3C1DE36931B72E932E5DF6DD,,,,
AC817313A01BBABF4790499F5BB807C1,SA4880203737006222121015,,,
AC58CE35A694D751BED0B58338096F29,SA4680000154608016202727,,,
3A8E3B47E42D2C732091,,,,
ACC1C3E787EB665FBE5D55924BED8513,SA2636036036052364890673,,,
AC137F93A684D9BB8C79E287C53B1CD6,,,,
ACD5F3779B87257695C195E50F3E3F34,SA8680000866608017989619,,,
AC0E9B9BA6FA7E831A4EE82CF3E33804,SA6230100991101603821237,,,
AC327624C86C94B49D5C93D86A612761,,,,
3A7E9E1375BAAEBA9C97,,,,
AC59E76DD2F7608826C92F828BB47229,SA3680000455608010987105,,,
A590970D9ECC44F917CA3CC9426F2FDA,,,,
3A74CE3F5D3FAB1FC6E6,,,,
AC1E634F62DB6345A13543EC87C49469,SA2480000154608016202735,,,
3A0440D3CE43D899F079,SA3030100974017286496712,,,
3A8EDEF634D709A6A992,SA7205000010011965715500,,,
ACAE43CAC9C09E3019FCFE49ADB70684,,,,
AC12FBE9B6C69E7F3A040DCAFB1B48C9,,,,
3A6667D3896DDF13E33C,,1068992211,,
3A760C78C2A0FA966EAF,,1108307180,,
3A350EEC2EC7151982AA,,,,
A5747D056757DE9C04DB7701EE7D9FFC,SA8015000007781870610006,,,
A58208FCF7567C2321BBFAE8F1D3DC60,SA8480000867608012856365,,,
AC1F707B4DB656E8FBAA8E8B3D7AFA28,SA3230100675020619710016,,,
ACCD1E6DBE3941A5FBD0D393F472C26E,SA3736036036095977044470,,,
AC85157B6F804953F399BD88483AA441,SA8110000005121983000101,,,
AC469166AAF5406FF8909762FBDF303B,,,,
ACBE367AF4EB0099FA210F0C69C1CDD1,SA8480000867608012856365,,,
AC27E4A9F91ECC8AF57C78DFE4B8F304,SA8193000081956055845000,,,
ACE7D50475399376C09F5498C5BFF0DD,,,,
AC3E6AB1DE25C186E3E6154CB6777C20,SA4810000062300182051410,,,
AC4EF467AE5BBCAAEBE4EDD55A09DF3C,,,,
ACFDC1455D63357D0B3E7468ACAE71C6,,,,
AC6083173BBF987874A8305E007E2F54,,,,
AC7214A34E73E2EDCDBC8CBA65985F4D,SA3193000061542255137000,,,
A5CECF7B51E7661675CBFDEC6973D29F,,,,
3A400378E4788B70F0E7,SA4145000000170124242001,,,
AC2F58DF686AF6D238348FD77D4F1D91,,,,
ACAC28F548EF61BD97A43E6F16AFB0C5,SA1493000079383835532000,,,
A54CD7EBC1D2603E7F615DF467F8013B,,,,
A5531C3F375AE146685D448805CD153E,SA6045000000221582265001,,,
A58F8DAF59C0A41DEC7887D9B52CE3D9,,,,
ACCDD0713C2C9D3773136C7C7537ECA2,,,,
A596E00085DD6512AB1656E13294ED5E,,,,
3ADC98178EC159F42452,SA8110000005121983000101,,,
3AB57A819694C7434439,,,,
3A3B44FE72DE7C0E0BBE,SA9480000355608019936401,,,
A5BB839DA6BD2F02858462D611F63C53,SA1530100974017286678954,,,
3A9BC3F510A00C153046,SA3230100675020619710016,,,
A5B2570D439F7B0FFAD65F8FB859AF3F,,,,
3A4A8B948EF04597AC45,,,,
3A263930F2BEA9B1E4EA,SA9680000868608016133729,,,
A551B5B8401C17169345449EBC9145CC,,,,
3AA2F90D8EA491679858,SA3880000259608016117499,,,
A57A0006676AB03C73BB06ECDAFE0051,SA8930100974017286882098,,,
A54FC055BDD88B9128995115C6FD14A3,,,,
AC8D706ACBEAFA4D228360D30E3BB8C7,SA2960100000782344686001,,,
ACC2ECC8E49ACE47B9E62D5624F9010E,SA3230100675020619710016,,,
A58ABA28DCE9BAA770B089349806298B,,,,
AC8F58645F7EC21BC60E80C640B27438,SA2160100000682338137001,,,
AC13232F909FF4B60A1506D28016DAA9,SA4610000003500001248908,,,
AC3C40DD21F657C7D377A15CCBA81594,,,,
AC8087F2C536F70422D5F8D4E4B9674E,SA4080209059426222121012,,,
A5B45F56169BC318FB2ABA9669826CA1,,,,
A5A7D51EC22A70D8EC0422C201F91197,,,,
ACF4DEEC9DF500E5F8C1A76F19494027,SA0780209022492222121018,,,
A532F1CF1C7B771523EC60AF1E086C3A,,,,
3AC4953792F9ED4AA23F,SA4980209063130222121014,,,
3AFE65591958913E9D04,,1018168987,,
A5082B6FDD4B038C9E9AF92D882EF1E6,,,,
AC062F17837E1CB37CE819E45ACF2F19,SA4745000000032345613001,,,
AC16E5A8AE20A53D00AAEA07224C42B5,SA4030100974017286834286,,,
AC9FFB52E158372AC29C5E229FEBE2EF,SA1430100974017286650648,,,
A5A7F1A44A764A0C2B7C515B3C226E0C,,,,
3AF76803290EBDA6DF24,,,,
ACC13C54FCA7E626F375D9E2D2463693,SA3615000007781887440007,,,
ACB90C85FF32C7E3FA400BF98320AB99,,,,
AC0B2031FB674C692F7A56DC1544DBD2,SA6536036036079189356107,,,
A56EDD2FB9B59FD5B3A2AD4453BC63E2,,,,
A547AB165513919B04ABD205BF3C35E0,,,,
ACFDFAB49A34B994D56A12D75D776CBA,SA4910000010600000223306,,,
AC8D4683C13912D0389044674B85DC34,,,,
ACBFEA39079F452D44E15CE4D7823FF1,SA1930100974017286450738,,,
AC8AE3B92329E0333C21BB01B6508F19,SA8130100675020671330012,,,
AC546E670B79DE3DC69DCF6E300864E4,,,,
3AF9A07EE18C783E1C4C,,,,
A54DEF1B4E43211E08EA37996FAC26A3,SA2730100974017286316249,,,
A5DF9C2E2D91CBEB48260A8F6C35AE39,,,,
3A1B0092621363D80EE7,SA8410000087100000194407,,,
3A67E3B82CD7702885D4,,,,
ACBAB1C99E31E67C4A1F82C9244EA249,,,,
A5A0FEE9094625FAEC0C3F11C97D069C,,,,
3AF814730F0AD91FDCED,,,,
A5769C53B39FF502A3371702CFFDBBB4,,,,
A51B0B1DBB83FD713A73E8DE19D5D69A,,,,
A5EAAEB31DD341CC37321B43BAAE4A73,,,,
3A026B6A883B7ABF04D6,,,,
3A4CA10C4CF75BEF3B2A,,,,
3AF2DB9E616CB0ABEB21,,,,
A5E3B395C0242095A7CFF30725FE931B,,,,
3A9BED70AB7479D77D53,SA2160100000682338137001,,,
AC1687480068EB9D4575EB218A5CF4A4,,,,
3AD3B9B591B303F02D84,,,,
A5137C02916F158FA9298478475F0695,,,,
A5C5735B9FDE0B65864B87995F9B3BD8,,,,
A58B42A74653A3341E2F5D31DC02FF68,,,,
A5E814DA9FD3B37B58C6BAB8AC2142A1,,,,
A5FA0BBDE0F398C6F42F5206F9BA18CF,,,,
AC27D5ED4E0BADEB4C2E138452C2F02D,SA3680000868608015163354,,,
AC725CF3368B7679203FC09867A7FEB1,SA6980201198562222121013,,,
AC47B0C5E537C2DE90D7224F08C002C9,SA4636036036040675980779,,,
AC627981E9CF1DC46E9240980249A842,SA2580000355608018419011,,,
AC7F49336B5F17FA0EE4251FE78FC7D9,SA4805000010011969687500,,,
A5C07EBE638A2CAC83CA0DB3FB71E7FB,SA8130100675020671330012,,,
AC10887500D9F6647110470CAB2FD74A,,,,
A5570CDF6A2E99B293A31F372E57E111,,,,
A50003382ABFF63FAC05C084EA33FE61,,,,
A514F238CB88327A291BC0A8B70D3601,,,,
A53387C58C5253FB9DEF1DBA04B69EA2,,,,
3AA3E6635FD860DD617B,SA5610000062300173116208,,,
3AA355C96851D61CF70A,SA5580209016507222121011,,,
AC5E8804597A9DA0D4B3FE2A025EF7AE,,,,
A5A34F80C29B502F64B5612D08A9F20D,,,,
3AEB83315D338E927ABB,,,,
ACDAD7CF1ACC714C6391C0B72340BD66,SA1480209063816222121018,,,
ACB375CA6779F2FBB7F2DC3957EFD219,,,,
ACE591B15AF44060D23255E31E803DC2,,,,
AC0EEF53D36A5EB24FCC787194E53C68,SA3936036036099630481340,,,
3A1C569A121D4192EF1C,SA0610000095400006532309,,,
3A743235E37B77BC4654,,,,
AC8234407B66AE0AB47B370900A17360,SA3680000455608010987105,,,
A5971A13026DDF6F58BD8A988A25BA8F,,,,
AC8474142B84F92FF9A818256C3C644B,,,,
A53D36DFE00810CDCF103C69D6A13D28,SA9836036036043164956290,,,
A55EC5AE2B44ED106473740CA0098193,SA9615000007781898310008,,,
A59C8F55BC6146AED07DD4A76CD59B1B,,,,
A5C86642E802C579F9C92B53407A6E73,SA3136036036096186338083,,,
A5CE0D85C7B692094282A63E423C37EC,SA5715134018962882198886,,,
A5B9AC284CD0D7D4AFA48B219E560A1F,,,,
A5C971E380343E1649E5E62CA3C40924,,,,
A53E692D0859207D80EA362AA7D144D6,,,,
3AB2EA26893B52C998A2,SA5910000062300131246007,,,
A5B829A9333A3C6A08A7C379C61997D0,,,,
3AB2DA4BC9E01AB68F20,SA3615000792146898750007,,,
A5A053E7E87DCCBF621D172208AB0E0E,,,,
3A13B364A8603B28B780,SA6360100000782081233001,,,
A57017D0524DB38498884C95CBD0748A,,,,
A503CBF3CEB10EAEC0A964B40B3185DF,SA2780202726534222121011,,,
AC2397B21DADD9533F7411512E1000FC,SA3280000512608016199532,,,
AC0D7F46467CE0CAF3FD4B20EE8AF77B,,,,
AC61D444CE879A3C4402E544E658E7FA,,,,
3A9778E51CD375026525,,,,
AC1888713D59707AF2AF2F07F5B8362A,SA6536036036024697763883,,,
A5E89BE9580540FDB1FE4BB46A3EBCB5,,,,
ACFD0EC2DEE30D3B78B0C7D40C0AD55C,SA0410000083500000323000,,,
ACD5EF783E42ADF3A4F55CD20883B138,,,,
3A6D155F43703D101C82,SA3230100675020619710016,,,
3A32417F595470B6CF6A,SA9715134018963505207050,,,
A5122BE12AF97467270B50FA910932CC,,,,
3A8BA148047DB8926352,SA0410000083500000323000,,,
AC3648EC12A4ECB3EBAF60C2ADAB0FE3,,,,
3ADAC064B1F762FF6767,,,,
3A22AF738E77B46A868D,SA2880000222608016154546,,,
A548A2DA21B93296592A541EDB20C232,,,,
A561B992374B384AC95C2B480B218081,,,,
AC7AD1584693FC75A63F9DBB5F2E9B46,,,,
A5CAD073B98F75A3B276F3C60041234F,SA0436036036094126959408,,,
A5A35FE46C7663B88CF8FC702746CA01,,,,
3A46EADF631CC8D9CC32,SA4480000202608016232858,,,
A546DD755FE18C3CB88B08555E19E539,SA0410000083500000323000,,,
AC4A18583DC3B4EE5AEA9FC086545E94,SA6780209066370222121013,,,
ACF6E2AFC473AADB4C2F4B89ADE26312,,,,
3A4E22893D532672E53A,,,,
AC735FC420EAB00ABB0DD192E0094DAE,SA2380000856608014129198,,,
ACE99F910F4DCC48AF23790FA4D6C0C8,SA4336036036035565743510,,,
AC67A0005C991A9EFE51257A04FD177A,,,,
A528651F09433DEB650AD37EAE965759,,,,
AC1FAE5359189BB85285F9518E303717,,,,
AC16DE243CBFC3BCAFEA56A12FA1E317,,,,
A5EE24D8E5E507C9B5839F179B1D6F39,SA0560100003882275353006,,,
A5D23CB0B131F0D602729DE4C1999CEC,,,,
A58AB7EB679212053312D77D2CDB1C92,,,,
AC71EDD62270B460DA6E1B7CE0F8DFE0,SA0230100991107538057859,,,
A5706AC98FD5BE78E7FACCB58372F0B3,,,,
A5BA7FFAF260A148CF9B643EB3E01B0F,,,,
A530406A90C71298118CC5871448B255,,,,
A53F97F3A0B111FDFA65FFEE26ACEA6D,SA8430100675020690240011,,,
ACBFC0E6EE7FE93B2C335499D396CFCD,SA8780000210608010629158,,,
A58F8EB709FCA3B7A90AA471996F321F,,,,
A55FF6AF085BF539521E1B237F02BF9B,,,,
A589841BD73D2B3E288FD01E230DF87E,SA8130100675020671330012,,,
A5D0B2E184C3C36670E039B864FF1205,,,,
A5CAAC3D5011E5969919FBF6CB4EFF54,,,,
AC6273FE0B2A03847DCB66920ACB2044,,,,
AC84FC652A2DF362CCDA18B4C3B5DCC9,,,,
AC01FAB841B50F42E63C8DB8FECE0A07,,,,
AC998797E406ABB6A5F56A33818B2328,,,,
ACB96EEF5EC3B73445A073AE7823DDA5,SA6960100010282345642001,,,
AC4B1DDCD4F69200CF09C07458E7BA09,,,,
AC9A13EB1E48171D3117F9537EAE425B,,,,
AC739B772D63A2D322EADA926152A6A2,SA1480209069094222121016,,,
AC77428EB7D0F57A3E36A771870EEAF8,SA9336036036088831316138,,,
ACEC59FB46AAC3BD46B66F9ADEEAFC41,SA1480209069094222121016,,,
AC9AAAE1FADDB0103636589D8D5D7B2F,SA1020000002032257159940,,,
ACA891A3F077182C3F905E0625E3DCED,,,,
A5211B7B3313CF153F26B88A2537F490,,,,
ACB18AA68C4441D67A8E6E4F90E358EB,,,,
A54D6D75A6F6FC4D983B76614340EC66,SA0680000154608016202768,,,
ACA15AC33198C24ED8EF782A14C71C3D,,,,
A56D51E04C735095D00F923ADB0B0051,,,,
AC1A3F8A4FFD10B180F8E48DD7885869,SA1680209056309222121013,,,
AC70F79E76CE9CFB49AAF327394245EE,,,,
ACB335D23964EAC68DDFB4B29CD3D057,SA8780209059555222121018,,,
ACCC6AF4BF0E41B6EAE6E469029FC7FB,,,,
3A39230446BBA6687891,,,,
3A888B7EF3D2BB7CF4DC,,,,
AC37F684DF22C1F1F9F0CA302B3B3246,,,,
ACBFE18B1C1DD1ECDCEFA859A79C8110,,,,
3AE1C1BD77A3BCC8BA53,SA3230100675020619710016,,,
AC39044C702D5DE2CDA6B94E215408AB,SA0680000154608016202768,,,
AC475031AFCF6730D9F55756DAB4BCF1,SA5930100974017287544469,,,
ACC83A1664D257521D0F13C4F337CB97,SA1715000007781922310006,,,
A5B8C770F93A58D4FE56A90B947B3D19,SA0836036036064784949186,,,
3A7CBC37CFFB436CECE8,,,,
3A153E0D661E928A8EEE,,,,
3A8FF401D481269D7711,,,,
AC082BF3F76108A4F65DB5B9F66B4BBB,SA3780000220608016005104,,,
ACEEA919534096FB5BC9B79A84A7CFE3,SA5815000007728527630001,,,
AC6F38E65432881CE15BE8F86D3DB99F,SA6480205015101222121012,,,
AC9B71A8BEEC0877CEDAE4556398559F,,,,
AC85D70C66E2C5EE6D0C144F64C3585A,,,,
AC47B36B7944FBC781ACECAD24DE52A3,,,,
A572D5A2F108CA7DE02B6A50A038E2E9,,,,
AC1FB8E2FC63B0256B8DB3CE27114E80,,,,
3A933713E5E624602CDD,,,,
AC15BE48E31B708A36302C5383791A39,SA5560100000682345314001,,,
AC9C971051958C4B4EC7C3F8046F9914,,,,
AC00B122C7DEF39BF5B245AF97B3456E,SA4036036036032486330930,,,
AC5DA535F2342C317FABE73658519568,SA9760100000682345735001,,,
ACC47E8C2C1F6F5D5E3AC020F4482837,,,,
AC79D26445D958A268BD218143CECE2C,,,,
ACEE1646BE697A4073CD82F628E5DB77,SA7280000269608016226967,,,
AC3DFA45BCA39984A005670D63AFEE11,,,,
AC243520B6E3FF6624E82D43724CE86F,,,,
AC744B5754879DA6817117C9B3110D20,SA9030100991105019314893,,,
ACD9AD891D0F3336A9A4B38A68D746BA,,,,
AC96589CF35D9162CCF23673EBC89C9B,SA4178000000001293450931,,,
AC88A97BE95B3E82C1640112D9DD7613,,,,
ACA832A8181A6532C6187800B93032FC,,,,
AC5B4A65E2799A0CEF935B0D6D4F09BA,SA3230100675020619710016,,,
ACC61CE939382C3893C0874A26A3EA7A,SA3230100675020619710016,,,
AC2BA3FBD19D0D4C93B0A57C4F6ADF08,,,,
ACDC690207CCC7FA96AC5CD290F889E6,SA8180000154608016202776,,,
AC670E65299179B51BAA1A728706074D,,,,
3A4B0BD53DE5C43EF52E,SA8180000154608016202776,,,
A5FE125AA6993626C24EDE961997685A,,,,
3A006CD5BC455182E7FC,,,,
3A20A50B8EC739AE4E82,,,10776360,134
3A49D37DF7EB09E3FE68,SA5560100000682345314001,,,
3AF1741FC08992F0C622,SA3080000856608014740366,,,
ACE70B10D184CFA17F616F3F29A1A139,,,,
A5548543EC9913DBC2559D0CE1174FD4,,,,
3A5A5FBF09C80AB0F5F7,SA3230100675020619710016,,,
3ACD071D0B5EBBE05588,,,,
3A3D7ACE15CED1F1EB8B,SA8778000000001233929448,,,
3ABD4D5549B0102D5E9A,,,,
3A399FF1746CE2C3B94D,SA9760100000682345735001,,,
3A148E426E82B54343B5,SA8510000025700001890400,,,
3A3EB7BB87FEA896E226,,,,
AC895A2F6F8320A419213E1AB99F60D1,,1109571529,,
AC45E749C01F2CF64EB9E25A8F271186,,,,
3AD3D7CAC1B16319E090,,,,
3AF4EBAC06F488076774,SA2410000009800001310002,,,
3A62CE9740FA18627FE6,,,,
3AF4A907C5DD1CD1491A,,,,
3A33097049F0625B1125,SA0205012000000110322109,,,
3AAFD7F876C592FBCE1B,,,,
3A0DD9448F9C42583CAD,,,,
3A7AEE9EC7CB6E2D726C,,,,
A5EA05E7FB74AF60CC8FD8D6A3D7D541,SA0715000007781933940001,,,
ACA95648D680FBC9EC38FB55C12DCB21,SA3015134018969347161878,,,
ACA7DBAA87258E963C3810DB497A3E77,,,,
A55E8FCF655957103F39DAF946756908,,,,
AC2658561F9A07A08B05A4BDF43F9AB9,SA3915000007781934590004,,,
A532121EB95863E96C9893BE80DB1028,,,,
A554A9412BDE0CD76CC77E53F4FAA726,SA7236036036017597967776,,,
A501DFDFF26B2CC3C45CD4717DD36FBB,,,,
A5CC55DB01D77B1D9AE782F3929BB927,,,,
A5A063B75D55EC7B0356124F00B4F4B2,,,,
AC164330B31A0C5CE5F4008ED2B239FA,,,,
3AA744A26D38AB116CE1,SA2005000068206095200000,,,
A516D18500E311EF2E6EA2A65C1BDC1B,SA5910000062300131246007,,,
A540F4DC028209487589F936DDD118A9,SA0705000010011798834572,,,
A57E68AAE4ACEAF4CF08B8A505745126,,,,
A52D08180A0233D7E70B378F1A333896,SA2230100974017277302420,,,
A5462800FBC95B0FD7CF38FDCBA38C79,SA3936036036055990761303,,,
A5B4782080DD08F4A9FC164D60508C29,SA0830100991104184795687,,,
A5389CA97DF297E3FECD1533CC0928D1,SA5815134018960575361067,,,
A5BFE72E628B1596C14E87B49433BCF7,SA6105000010011926650500,,,
A518B7132573E8F4E3E7BE23603A171C,SA7930100974017234626244,,,
A51B32CA8987052DE9A3D3A5586BD17D,,,,
A5C6693E531CD2E543B55245A2A08F47,,,,
A5E38CDD671852B7431F542C6D3F1A4D,,,,
A58B16A250F0EA25AA2685EC9F744C97,,,,
A5B65DBC5C1BC7EC7BA082A69D40941E,,,,
A5E7EECF035CBB98EF64768DB01EAEF5,,,,
A5A271BC2FA98C4B1DFE9F095A45AF76,,,,
A5E73F3877A69AE4F417BC2A4F858E58,,,,
ACA43A99F6B0F17E22C10F66FFE889FE,,,,
ACABFA45084094B5AB397024010CD523,SA5515134018962744412847,,,
ACFB36206537EE93EAF9015DC4D964DF,SA8805000010011971409500,,,
AC6C8A77521D3C591067F0B9113888B3,,,,
3A9BC51B02581B43FB22,SA8030100974017287760207,,,
A55DF3891992CA946A5ADCF98B2D6982,SA1930100974017287182409,,,
AC8D73C8BB5027096317A1CA6A43FFAD,,,,
AC7AD530B54D1F61DB7C95AB51AD819D,,,,
ACD18E4CF2D25C8CB97A18E6FF74F8B7,,,,
3A5077A3B727B0C6E49C,SA5110000011100248981103,,,
ACDC55748F4277750701B0A8C0FAF42D,,,,
3A4993C9D0E6914B3BE7,,,,
AC131DFB97B931D720C34612F455B55E,,,,
3A32B925AA15935DFA26,SA9536036036050657380098,,,
3A3065BD4B982B509D2A,,,,
3A419EA6355069D2CD41,SA3230100675020619710016,,,
3AE88855E842E35AD6C0,,,,
A56AC52A0323D50938529FCC14C26934,,,,
3AADCA2D10FFE7BDBA31,SA3036036036013908369735,,,
A540BB50768616BDFF1BE40A4E60958B,,,,
ACF0E81E6319BE4A76B27B5256160200,SA9115000007781949720001,,,
3A968755ED7A0525ABAB,SA3910000019800000427308,,,
A529169FFBC9419989A583242AA5D858,,,,
ACF928E398EDE693F9A058ED1E14662D,SA5180209065434222121018,,,
A50416D651B31F2C3E8A70946CA0A9BD,,,,
AC2F7FA92A2D89AB599D88A5D4DBDC4E,,,,
AC083A64BC6EB00D25D9064F3BE25C9E,,,,
3ACB0F9544CB6A64A4E8,,,,
A52601A2BCF17CD086A02596EB23671C,SA5130100991101840148452,,,
A5B31D8867F6E39580308AEDA01083B8,,,,
3A5EF069AA0597B6020F,SA3615000007781951350009,,,
A525FD3E665B8CFEE8E0CF25CD379873,SA8815000007781950850008,,,
3A183DE9B720A88B061B,SA5630100803100468799019,,,
ACD9D3A5B517FB71B88540EE787F7E8B,SA1580000154608016202800,,,
AC6075E41D4A8450F249E52C38E5FD8B,SA8580000109608016178279,,,
AC570A2F4949C3D17517D5E22CFEF888,,,,
3A4D87AC3490BC738DA4,SA5080000539608017170283,,,
ACEE99B5AB7EC9ED2297F5289BBBC801,,,,
AC6099AFBC71B24F1BA078E9F907AAB9,SA7730100675020332880012|SA9430100675020486230013|SA7730100675016843360011|SA2030100675020377450016|SA2130100675020067030016|SA4430100675020561920013|SA3230100675020619710016|SA8630100675020586080017|SA1330100675020654900018|SA0630100803100467526018|SA7130100675020634880017|SA8130100675020671330012,,,
A5FB530511B69C68493BCC849ED7C80B,SA4380000268608016034412,,,
AC1E74121047F0B2CA94B9579821FECD,,,,
AC4521C308D76900F92F125ECDF279BE,SA3915000007781952590003,,,
AC2BCBFEBD57F856ACC9BB7329A526D7,,,,
A5A060F590355B542826245FE612AFB4,,,,
3A9DC749F7C5C4C3C8B7,,,,
AC30B7505D6B3AAC9A92FFE68668AC39,SA8680000241608016007634,,,
A570D9FAD67B0655EC6F08D577E66355,SA5636036036049854982735,,,
A5A15AE816D26E8B0D7F547F2FECF780,,,,
3A4EFF6A8C8E138E7595,,,,
A5F51BA3B9F38FEC9291247DE6320BE4,SA1736036036049930305489,,,
A50D7BA10AB79B2524BC6CC84EEFAD78,,,,
AC0245F73CB132521586BC2EB234450A,SA6236036036010727767095,,,
ACEFEECF18A7E58E54F08D0B6B7FA3F8,,,,
A5B1CF66A3501FD54D3E01FC43306116,SA6236036036010727767095,,,
AC33038CD7CB53D3B7E119B5046DB4C3,SA5360100085882335706001,,,
ACB02D9D561A5FE2E8D663E332414312,,,,
3AE89C4DEA4F01E67C1D,,,,
AC1A9DCBF776FA1DBAA26C609CFC431E,SA4236036036058519965051,,,
A5E338CA10220F05E3DA665F2259C18B,SA1780209073506222121013,,,
A5866867F8C37600FFC02D8CCCB5E912,,,,
A5DB089B5A4513CAEAEF3F9023EA8D35,SA1736036036049930305489,,,
AC406BFCF3B461D6A2B4CE10C6EFCA82,SA2980000447608016279854,,,
3A727BB285910BE2C9CE,SA7380209047583222121015,,,
3A6DFDCBEC4F1DD06312,,,,
3EB05606444DC4B51E5F6F,,,,
A5EC2119FCA1C044C6C7F837D31B9B15,SA8930100991100010624075,,,
A577A861701BBE7A24018B6294CC3FE4,,,,
A582228834B5A515892CE4FFDC97464B,SA8980000154608016202826,,,
A5BCCB3DF6970442783DAC2CC417CC40,,,,
A5B2B70210BD55F3F10077198D3972FA,SA4836036036059069635716,,,
A5E7EF86D98FCC967CD021D972DBDCAE,,,,
A50062E1E1F5DBDFD62B487C220BFA1D,SA1736036036049930305489,,,
3A2D5B87AF21493DB0CE,SA9430100991102272786108,,,
3A9A86AACF0F1696364A,,,,
ACF751CF2421E85199C0445FEAA1CC7A,,,,
A56550DC973E2BEFA96F96F8BD4841EB,SA8915000900147117700007,,,
A5CEDC37C199F9CF5FAD0265BBBEE16A,,,,
3A052D8F0118D900A49D,,,,
3A419B1E8E0970A0FE72,,,,
3AC972B204C61DD98447,,,,
A55A36A6C3D975208ABEBFF3DDC4D1C9,,,,
AC7B4255CB4FD3BA75F5C0577B878656,,,,
3A1B7959C984F02D0569,,,,
A51CE36B611FD3061BDA2488D1CDCD0E,,,,
A58D08D928D59EBB857AEFBA36C7DC90,,,,
A56A1D3BC3D2D01EC55CB9D475E4065D,SA1436036036040247511985,,,
A55117C0106E2720653F6998270D8710,,,,
A53D5AF7E76E2A5C8F6BA6E965553889,,,,
A587FA2C2BCBF3CE476747FDA05446D5,,,,
A569B8F3A1C8C772D213B1F3915D4AD0,,,,
A564A286D176AB3FA62626AE7DCB1120,,,,
A51DE942E4D51C390500895A06F0AC1B,,,,
A5287B07434140FAB26125E4DAF13C34,SA6936036036095518007593,,,
A598B35F6E4D9490CE05EB65716A4D15,,,,
3A3D846F4E8B8EC622D7,,,,
A5B6B82CB3D9E92B3FCFF40C269112F8,,,,
A597C1BA10160E55300CB27402F6084F,,,,
A598561D673FE6B9278F4E35ED028064,,,,
A562988AD43207F973DF62DE41B116A8,,,,
A5C44F79EC9FC6CA949E400653386E98,,,,
A53EA14D7CDBFBAF1D39D68BCDA26A64,,,,
A56F8EA49B18CE271E490465E5DB0717,,,,
